MASTER_STATION_ID,nearest_station,nearest_line,mapped_cell_count,active_cell_count,surrounding_total_flow,surrounding_outflow,surrounding_inflow,surrounding_netflow,mean_cell_flow,median_cell_flow,max_cell_flow,mean_distance_m,min_distance_m,max_distance_m,mean_directional_imbalance,morning_peak_flow,daytime_flow,evening_peak_flow,night_flow,mean_temporal_entropy,active_cell_ratio,station_abs_net_flow,station_directional_imbalance,dominant_period,period_entropy,distance_band_entropy,outer_1km_plus_share,subway_out_sum,subway_in_sum,subway_net_sum,subway_record_count,subway_file_count,subway_total_activity,subway_abs_net_flow,subway_directional_imbalance,mobility_norm,subway_norm,mobility_minus_subway_gap,hidden_demand_score,subway_overrepresentation_score,distance_norm,distance_weighted_hidden_demand,outer_hidden_demand_score,diverse_living_area_score,directional_mismatch_score,station_type
2519,까치산,5호선,57,57,368935521.44,185486816.36,183448705.08,-2038111.28,6472553.007719298,3831744.56,109370397.68,913.964191091228,157.6041921,1999.721604,0.05632757036717486,64467709.44,0.0,78274432.65,226193379.35,0.9148989563404732,1.0,2038111.28,0.005524302111233435,night,0.9337102301650138,1.3190023005947575,0.18310552038016847,136236779,125620888,-10615891,245727,6096,261857667,10615891,0.04054069190191021,1.0,0.3218748880992721,0.6781251119007279,0.6781251119007279,0.0,0.321010465617675,0.321010465617675,0.12416845149744275,0.34222501247029635,0.035016389790676776,diverse_living_area_hidden
2824,단대오거리,8호선,95,67,269839175.43,135431923.11,134407252.32,-1024670.7900000002,2840412.3729473683,1138981.87,16437974.94,1664.2136890010524,124.1190564,3103.632709,0.01120946004179786,57187731.84,0.0,58239138.1,154412305.49,0.6859089647706821,0.7052631578947368,1024670.7900000002,0.003797338871819277,night,0.9791579117427929,1.42196966103996,0.44353786228140796,47508243,45170428,-2337815,243269,6096,92678671,2337815,0.02522495170436788,0.7309191035312452,0.11391769839729314,0.6170014051339521,0.6476544815423529,0.030653076408400867,0.586640599453241,0.4287868210473952,0.2872592842402688,0.4465772025667816,0.01566185156238103,diverse_living_area_hidden
2561,마천,5호선,312,105,253468351.25,127986942.84,125481408.41,-2505534.43,812398.561698718,0.0,17726434.17,2511.516994381731,119.0850307,4953.652533,0.015163792159019591,47388918.61,0.0,48787763.71,157291668.93,0.29742381069571994,0.33653846153846156,2505534.43,0.009884999123731824,night,0.9267599886284943,1.4422866572419195,0.4984772738170403,30620479,29146443,-1474036,241819,6096,59766922,1474036,0.02466307366472712,0.6864666466682824,0.07346211589568687,0.6130045307725955,0.6360373543122135,0.02303282353961798,0.8866331899642967,0.608644112739593,0.31705016642335515,0.33663484818157186,0.010144655274370959,diverse_living_area_hidden
249,신정네거리,2호선,60,57,239125569.46,120307583.72,118817985.74,-1489597.98,3985426.157666667,1684377.995,17485344.82,1016.6552342593333,93.73475476,2006.198521,0.08279483275672113,45111832.57,0.0,47047547.08,146966189.81,0.8717691823288161,0.95,1489597.98,0.006229354658156597,night,0.9337016863682563,1.3060985617505714,0.36036712817704214,42508974,42910777,401803,244072,6096,85419751,401803,0.004703865268818215,0.6475210272049827,0.10499493233789715,0.5425260948670856,0.5795346007662299,0.03700850589914433,0.3573688178944216,0.2314038240540263,0.2088452197573549,0.28959419959707267,0.0009877864563746911,diverse_living_area_hidden
2716,중계,7호선,33,32,243142201.45,121906520.89,121235680.56,-670840.3300000001,7367945.498484848,5329251.0600000005,68507217.19999999,704.9660650766666,69.41384373,1825.169709,0.08100696155197593,41832318.09,0.0,45581782.15,155728101.21,0.8731405848644481,0.9696969696969697,670840.3300000001,0.002759045225384094,night,0.9020089613126345,1.145435020214021,0.1636961299298954,68860601,61981727,-6878874,243994,6096,130842328,6878874,0.05257376649550289,0.6584275740169632,0.1608289997178794,0.4975985742990838,0.552533325901145,0.05493475160206121,0.24701348149533014,0.16264048737045425,0.09044756710731108,0.1969880259103194,0.032799386076215534,diverse_living_area_hidden
2611,응암,6호선,48,43,240498375.91,121480519.47,119017856.44,-2462663.03,5010382.831458333,3018262.795,16086911.67,952.4200471041667,35.6109924,2095.745578,0.04203685875066546,42275970.32,0.0,47865010.04,150357395.55,0.8136379468988643,0.8958333333333334,2462663.03,0.01023983226781367,night,0.920542594885738,1.3088506165481877,0.18816765231269209,81217698,78000950,-3216748,243868,6096,159218648,3216748,0.0202033369860043,0.651248672119426,0.1957095694151015,0.4555391027043245,0.5237930749167765,0.06825397221245201,0.3346259817998743,0.21792472630382737,0.09856091320473588,0.24198451152287567,0.006488719217377285,diverse_living_area_hidden
314,홍제,3호선,82,71,238227911.64,119995499.0,118232412.64,-1763086.36,2905218.4346341463,687001.8899999999,16642861.65,1266.8474782186584,73.51952263,3235.434716,0.04515047065284536,43085825.35,0.0,45013135.08,150128951.21,0.7785089416661537,0.8658536585365854,1763086.36,0.007400838750852596,night,0.915098207589014,1.4481242495682296,0.35203442150276837,83859368,78458230,-5401138,244018,6096,162317598,5401138,0.03327512276272102,0.6450835753648976,0.19951884212781432,0.44556473323708323,0.5163772473324225,0.07081251409533931,0.4459508155267933,0.2876755465169157,0.1817825655418613,0.2547791281326689,0.016691075640382892,diverse_living_area_hidden
2560,거여,5호선,40,37,209602046.57,105156069.68,104445976.89,-710092.7899999999,5240051.164249999,3368923.205,23489016.84,834.03861941625,97.90396625,1888.735198,0.04061384440486414,35238449.63,0.0,43171210.15,131192386.79,0.8577258566059683,0.925,710092.7899999999,0.0033878142013410778,night,0.9184761456597657,1.1807617254743303,0.5080543103592082,42553664,39770873,-2782791,240972,6096,82324537,2782791,0.03380269238562496,0.5673544385665344,0.10119025196867318,0.4661641865978613,0.5099436999724417,0.04377951337458045,0.29271235897440956,0.16607165608741203,0.25907909481152186,0.20973018113659966,0.017256016136313918,diverse_living_area_hidden
4107,가양,9호선,55,40,212046872.73,106515348.74,105531523.99,-983824.75,3855397.6859999998,892151.29,21664126.57,1071.3223899054544,144.7269466,2381.578555,0.024050897968523194,38134286.68,0.0,42605930.15,131306655.9,0.6704288017441322,0.7272727272727273,983824.75,0.004639656965149905,night,0.9277803704460528,1.4522461563847278,0.17196349986462728,34979522,63740659,28761137,241642,6096,98720181,28761137,0.2913399946055609,0.5739929882339125,0.12134400704589396,0.45264898118801855,0.5043423790253629,0.05169339783734435,0.3767240376061904,0.21623695608512206,0.0867284806272538,0.2704583342109985,0.1645639835298912,directional_mismatch
2823,남한산성입구(성남법원.검찰청),8호선,264,78,214095899.07,107440582.21,106655316.86,-785265.35,810969.3146590908,0.0,14102676.02,2783.316577905985,86.92516978,4988.744049,0.01989497764666048,40335660.28,0.0,41661578.39,132098660.4,0.25491547187740493,0.29545454545454547,785265.35,0.0036678206047433565,night,0.9309308399784706,1.4933514151074483,0.4007729411572984,56816954,52404678,-4412276,243126,6096,109221632,4412276,0.04039745533192546,0.5795568043245648,0.13425253759275355,0.4453042667318112,0.5017498326648451,0.0564455659330338,0.9828653899846113,0.5696263245006984,0.20108775616227226,0.2819976141622308,0.02128690972649422,diverse_living_area_hidden
2820,장지,8호선,40,38,224103669.76999998,112536644.41,111567025.36,-969619.05,5602591.7442499995,4179829.4849999994,30473461.119999997,772.5166744025,128.1088959,1678.684409,0.0629286014810854,40052689.94,0.0,47030168.31,137020811.52,0.8796650384833813,0.95,969619.05,0.004326654048080206,night,0.9362064624899306,1.3701281244308974,0.2616778461066073,80539223,74315822,-6223401,243371,6096,154855045,6223401,0.040188558273965176,0.6067313674647434,0.19034576753478344,0.41638559992996,0.4912426196372381,0.07485701970727812,0.2709301618075266,0.16438182756092481,0.12854731062243982,0.2613034903575837,0.02175854219086085,diverse_living_area_hidden
213,구의(광진구청),2호선,35,33,253085011.18,126806675.41,126278335.77,-528339.64,7231000.3194285715,5331589.8,24798251.490000002,651.9985329285714,104.1865582,1376.646346,0.023371026147555207,46127715.27,0.0,51112193.92,155845101.99,0.8770638668509738,0.9428571428571428,528339.64,0.0020875975133281695,night,0.9319063880217111,1.1208069268172627,0.05615341285419857,117864674,113046672,-4818002,245200,6096,230911346,4818002,0.020865159220023775,0.6854257456276165,0.28383523720327475,0.40159050842434174,0.4908777665321705,0.08928725810782877,0.22826002322226738,0.15645529661409968,0.02756446188502787,0.20827013353170865,0.012870624233880416,diverse_living_area_hidden
2750,광명사거리,7호선,131,92,235605602.13,118198405.72,117407196.41,-791209.3099999999,1798516.046793893,65294.38,18095702.83,1965.6389125819846,97.31963034,4430.144025,0.04775458914855728,42524878.62,0.0,46717826.82,146362896.69,0.6360640040954549,0.7022900763358778,791209.3099999999,0.003358193959935786,night,0.9255958591569152,1.3852019965158175,0.26634293472943577,96503551,93437915,-3065636,246290,6096,189941466,3065636,0.016139898593812055,0.6379630969398088,0.2334744872953647,0.4044886096444441,0.4890149899684239,0.0845263803239798,0.6933619270972912,0.4423393223111418,0.13024568755487562,0.24680150241547108,0.00815425587239761,diverse_living_area_hidden
2749,철산,7호선,96,71,228846966.66,114564905.61,114282061.05,-282844.56,2383822.569375,59407.655,29056706.42,1529.006581005,69.50639028,4070.767624,0.06384859306820606,39528742.35,0.0,46278808.37,143039415.94,0.6611668121988842,0.7395833333333334,282844.56,0.001235955031994043,night,0.9202791385243649,1.4949816595382772,0.2202223258430845,91876652,92792261,915609,244875,6096,184668913,915609,0.004958111168391401,0.6196110611241834,0.22699339135343857,0.39261766977074486,0.47896344503950233,0.08634577526875746,0.5387697480996984,0.33382769532166306,0.10547844386041558,0.2523165188865939,0.0023062891133430576,diverse_living_area_hidden
2757,부천시청,7호선,47,39,189524526.42,95016672.83,94507853.59,-508819.24,4032436.7323404253,2877196.91,44834355.33,1510.6866337761703,86.58003198,2919.702182,0.061338099813869576,34837646.47,0.0,40531719.77,114155160.17999999,0.7839015466094278,0.8297872340425532,508819.24,0.0026847144779162772,night,0.9465701898852179,1.4657970694743003,0.4351262478675028,28174556,28137159,-37397,136828,3487,56311715,37397,0.0006641069269511682,0.5128370185166942,0.0692149270924231,0.44362209142427106,0.4773410416697655,0.03371895024549448,0.5322834658058587,0.2729746656096093,0.20770361641493038,0.28796069729929763,0.0010362423520292657,diverse_living_area_hidden
248,양천구청,2호선,40,36,187174444.5,94323178.52,92851265.98,-1471912.54,4679361.1125,602808.525,20156673.759999998,631.3366327065,85.82943546,1294.489524,0.08181812649367387,35289885.26,0.0,36619890.58,115264668.66,0.8203842170787654,0.9,1471912.54,0.007863854191911332,night,0.9323078104443538,0.9517359247390439,0.12273371245399903,29677175,30203982,526807,242907,6096,59881157,526807,0.008797542104939623,0.506455732270834,0.07360253515651287,0.4328531971143211,0.46917930643115247,0.03632610931683134,0.22094455905124621,0.11189863844555542,0.05758411808488776,0.16943907043120351,0.0004728715957051698,mobility_high_subway_low
4709,북한산보국문,우이신설선,136,66,173775205.82999998,87725007.91,86050197.92,-1674809.99,1277758.8663970586,0.0,13470005.73,1859.7929691567647,57.45526842,3612.986837,0.026578850953164725,30385654.58,0.0,31988034.349999998,111401516.9,0.421185694596506,0.4852941176470588,1674809.99,0.009637796036555558,night,0.9014769914038666,1.320020339704375,0.18336006732267213,9944507,20021508,10077001,218027,5604,29966015,10077001,0.3362809836409679,0.4700721591271928,0.03683042391963309,0.4332417352075597,0.45275920223372107,0.019517467026161358,0.6558865643062156,0.30831401342593917,0.08301795780253442,0.1853039813097292,0.1535458684613948,directional_mismatch
410,상계,4호선,66,36,208836382.0,105245886.92999999,103590495.07,-1655391.86,3164187.606060606,47648.66,18494975.18,1115.6714852525756,86.44025577,2263.272191,0.05053163688696245,36331589.06,0.0,41809710.9,130695082.03999999,0.48373308661596903,0.5454545454545454,1655391.86,0.00792674075343826,night,0.9195781490771985,1.2616740412604464,0.24693496274992927,93979892,84807884,-9172008,245018,6096,178787776,9172008,0.051301091188695136,0.5652753941094445,0.21976421544100835,0.34551117866843617,0.44104809061487565,0.09553691194643948,0.3924260889442614,0.22182881208679528,0.10891019382691175,0.19520523646260257,0.024518453036530986,diverse_living_area_hidden
211,성수,2호선,32,30,271949529.45,134182709.59,137766819.86,3584110.27,8498422.7953125,4900864.91,36635059.86,583.912216875,117.0103875,1021.319872,0.02668741701754614,45374130.87,0.0,65986063.8,160589334.78,0.8846066227762184,0.9375,3584110.27,0.01317932146177501,night,0.9534526089210564,1.1712426277960395,0.024679634245272638,159605776,169306151,9700375,246304,6096,328911927,9700375,0.029492317558919047,0.7366494455108651,0.40429892297855363,0.33235052253231145,0.4388228680780736,0.10647234554576215,0.20415367287339367,0.15038968992119198,0.010829987882628381,0.21948993182796026,0.012016959529582063,diverse_living_area_hidden
2518,화곡,5호선,54,52,240640177.86,120843362.25,119796815.61,-1046546.6399999999,4456299.59,3738584.1550000003,15899412.440000001,891.5597118518518,116.8667648,1916.582448,0.04561551033608633,43508180.03,0.0,48303059.58,148828938.25,0.8951156193834579,0.9629629629629629,1046546.6399999999,0.0043490104159117655,night,0.9287430539131157,1.338080908841534,0.2743958685835722,140444305,126050981,-14393324,245837,6096,266495286,14393324,0.054009675803421156,0.6516337135196727,0.32757551428190124,0.32405819923777146,0.4381744646900408,0.11411626545226936,0.3130780313602022,0.2040122001966771,0.12023326282976551,0.21777362465998165,0.03236056380232062,diverse_living_area_hidden
2626,대흥(서강대앞),6호선,15,15,178231405.17,88994286.84,89237118.33,242831.48999999982,11882093.678,9414968.45,47363302.32,375.89785028666665,133.0874779,687.7284034,0.04847656531052866,31308212.1,0.0,38765526.82,108157666.25,0.9231466532628098,1.0,242831.48999999982,0.0013624506285431753,night,0.9404295591992365,0.9238537916929853,0.0,41730262,42173603,443341,241730,6096,83903865,443341,0.005283916301114377,0.48217228351653885,0.10313158405045032,0.37904069946608854,0.43244509213225535,0.05340439266616683,0.1305049944130706,0.0629258911664634,0.0,0.15890156147015128,0.0018908220580753762,mobility_high_subway_low
310,구파발,3호선,145,65,203777136.62,101952781.85,101824354.77,-128427.08,1405359.5628965518,0.0,22741304.04,1728.842225417931,99.5922768,4283.235077,0.025113399370166163,31851464.82,0.0,41209713.19,130715958.61,0.38942156136859474,0.4482758620689655,128427.08,0.0006302330189254182,night,0.8981385450592783,1.5641847965137308,0.2979221372278403,92676660,86096672,-6579988,245424,6096,178773332,6579988,0.03680631739861514,0.551537790886734,0.21974646067405101,0.33179133021268303,0.43033931341138937,0.09854798319870633,0.6095227031078784,0.3361748051674299,0.1282076079846825,0.20364805113776976,0.019952477661706155,diverse_living_area_hidden
2517,우장산,5호선,46,35,190743877.69,96363814.22,94380063.47,-1983750.75,4146606.0367391305,3046824.215,21014210.049999997,869.3966636726087,18.72836224,1911.335649,0.06838505312534714,36977440.67,0.0,37255957.32,116510479.7,0.70067150640428,0.7608695652173914,1983750.75,0.01040007560936778,night,0.9381343327135957,1.2252778844604906,0.21426904425432414,70089065,67232798,-2856267,240635,6096,137321863,2856267,0.020799797917102247,0.5161479794759287,0.16879373482705107,0.34735424464887765,0.4290254342967506,0.08167118964787295,0.3052310771530245,0.1575444037457949,0.09192686976756109,0.20636365433194526,0.0053677956562478875,diverse_living_area_hidden
333,매봉,3호선,29,29,179798030.38,89721611.68,90076418.7,354807.01999999996,6199932.082068966,5347477.869999999,40427929.61,577.722983004138,75.42952852,1139.370914,0.053181959402987505,34753966.89,0.0,38808129.93,106235933.56,0.9461593110157629,1.0,354807.01999999996,0.0019733643313562532,night,0.9595138154493494,1.0470677415179441,0.05000603666790847,51700022,47600847,-4099175,242957,6096,99300869,4099175,0.04128035374997574,0.4864262134837933,0.12205779686276734,0.3643684166210259,0.42705410152966333,0.06268568490863739,0.20196233915569445,0.0982397759018341,0.02135528306027305,0.19705807778418571,0.019119950026346606,diverse_living_area_hidden
2544,장한평,5호선,39,34,200298569.81,100284984.09,100013585.72,-271398.37,5135860.764358974,5862418.98,17818678.63,664.6280634110256,95.28009333,1479.74695,0.01739151500301995,36907471.65,0.0,42661187.15,120729911.01,0.8274989509825027,0.8717948717948718,271398.37,0.0013549690856876518,night,0.9461943723767785,1.33804319948003,0.26591629960475555,87325883,85517116,-1808767,243557,6096,172842999,1808767,0.010464797593566402,0.5420922773703547,0.21245681234987662,0.3296354650204781,0.42692108012076396,0.09728561510028591,0.232731580859668,0.12616199268422026,0.11352527384897891,0.23461442627884022,0.004938367682289372,diverse_living_area_hidden
413,쌍문,4호선,42,42,239649333.77,120548765.25,119100568.52,-1448196.73,5705936.518333334,5107309.585,22110372.259999998,659.1028594678571,79.79599505,1300.028883,0.07097062485081565,43214786.38,0.0,47558805.72,148875741.67,0.9213126977053346,1.0,1448196.73,0.0060429824995461325,night,0.925576233837565,1.2011998472866232,0.15018089974972185,149900719,133187318,-16713401,244818,6096,283088037,16713401,0.05903958774492474,0.6489432286861445,0.3479715560422194,0.3009716726439251,0.423129443617165,0.12215777097323986,0.2307753507429115,0.14976010121228242,0.06354596055302504,0.18516051196653083,0.03439178811734105,mobility_high_subway_low
4109,등촌,9호선,37,34,166628277.6,83656783.12,82971494.48,-685288.6399999999,4503466.962162162,3872408.9,15149764.78,713.6051509702703,104.74263,1346.590458,0.08830115962647096,33067519.64,0.0,32924863.84,100635894.12,0.8501367153403696,0.918918918918919,685288.6399999999,0.004112679131480141,night,0.9458925625980016,1.2023269478454008,0.061166233167616914,18968073,32499090,13531017,237849,6096,51467163,13531017,0.26290582599239054,0.4506657740024357,0.06325993596997252,0.38740583803246315,0.4221566859951835,0.034750847962720335,0.2500721993598914,0.11269898128101685,0.025821734288849832,0.20812021200246977,0.11662921383659818,directional_mismatch
2739,남성,7호선,30,27,178544655.85,89798541.26,88746114.59,-1052426.67,5951488.528333333,2967178.88,67696495.67,568.8084544166667,141.5854693,1000.927988,0.044175341988612254,32599488.21,0.0,33318953.89,112626213.75,0.8383769327531951,0.9,1052426.67,0.00589447309408225,night,0.9144147970185024,1.018686505466647,0.000188160434374603,53743763,48949439,-4794324,243117,6096,102693202,4794324,0.046685894554149746,0.4830228675914082,0.1262277000652505,0.3567951675261577,0.4220520019364227,0.06525683441026502,0.19880609922701997,0.09602789214329724,7.94134880130281e-05,0.1458250517925559,0.01970318936677151,mobility_high_subway_low
2826,수진,8호선,47,34,163953600.81,82093870.13,81859730.68,-234139.44999999998,3488374.485319149,1696241.04,18721512.57,1092.8383099787234,94.0148839,2613.421773,0.010587708455339124,30163275.44,0.0,33417184.830000002,100373140.54,0.6662934007881175,0.723404255319149,234139.44999999998,0.0014280836092848968,night,0.9360429922142623,1.3519598714670924,0.21234931095137316,20907825,19627542,-1280283,241097,6096,40535367,1280283,0.03158434460455237,0.44340310027736474,0.04982241932603089,0.39358068095133386,0.4213116850848837,0.0277310041335499,0.3843418723992564,0.1704183777882376,0.08946524602353698,0.22092429187409307,0.013371379618074965,diverse_living_area_hidden
221,역삼,2호선,21,21,321518950.32,158730445.77,162788504.54999998,4058058.78,15310426.205714285,12658983.3,35148068.6,483.00608623809524,120.7182503,891.7102353,0.011663114776685468,63760874.800000004,0.0,75373115.28,182384960.24,0.9708949448879916,1.0,4058058.78,0.01262152285568584,night,0.9825151033869507,1.0932402265804853,0.0,202876010,220667657,17791647,245064,6096,423543667,17791647,0.04200664154895745,0.8712475890568503,0.5206215822465419,0.3506260068103084,0.417657290713588,0.06703128390327957,0.1684272791062741,0.14674186085274654,0.0,0.22486116589178992,0.02560171381566228,diverse_living_area_hidden
2553,고덕,5호선,53,37,174606434.02,87745109.32,86861324.7,-883784.62,3294461.019245283,509352.37,22127368.82,925.4977202511321,98.12475411,1967.65743,0.07167739862069401,31533404.76,0.0,33459305.82,109613723.44,0.6285477098520972,0.6981132075471698,883784.62,0.0050615810634948785,night,0.9179713360906132,1.1516491102423987,0.06504011667003746,48639227,47286153,-1353074,242971,6096,95925380,1353074,0.014105484909207553,0.4723292315172559,0.11790859854083179,0.3544206329764241,0.4166375537791882,0.062216920802764066,0.3250939777064894,0.15355138866099408,0.02709815510691741,0.1665850070366342,0.004271700153361423,mobility_high_subway_low
4129,봉은사,9호선(연장),16,14,183475247.15,90616770.94,92858476.21,2241705.27,11467202.946875,4554375.885,68694795.24000001,481.7386647775,70.71469784,1003.544373,0.07136043875662464,26731790.14,0.0,41466688.47,115276768.53999999,0.7967171677904342,0.875,2241705.27,0.012218025618285697,night,0.9087572575251246,0.7532920198294561,0.0,76755923,58492158,-18263765,241523,6096,135248081,18263765,0.13503899548859402,0.4964111304340277,0.1662446129681263,0.3301665174659014,0.41388545418195266,0.0837189367160513,0.16797854127553657,0.08338641756324809,0.0,0.1017767879426957,0.06096969649432341,directional_mismatch
2516,발산,5호선,22,22,191438578.78,94721131.31,96717447.47,1996316.1600000001,8701753.58090909,6015596.77,22438277.22,484.3498925590909,164.1039182,1064.242272,0.09556455973205119,30631205.86,0.0,43361693.81,117445679.11,0.9387467361465137,1.0,1996316.1600000001,0.010427972108454451,night,0.9293203542733299,1.1482613105059711,0.012059344802455184,85107164,86260447,1153283,243739,6096,171367611,1153283,0.006729877327869151,0.518034333510175,0.21064324477083732,0.30739108873933774,0.4089139005968937,0.10152281185755595,0.16890306143453906,0.08749758485806959,0.004931233721814826,0.17501095298705938,0.001915740064917963,mobility_high_subway_low
2617,새절(신사),6호선,40,35,175682743.69,88330284.75,87352458.94,-977825.81,4392068.59225,3610380.9400000004,16872551.83,788.6812587874999,131.7529526,1708.079322,0.073704914467117,31504390.87,0.0,33798934.84,110379417.98,0.7856109060086669,0.875,977825.81,0.005565861446958143,night,0.917281770782832,1.2990708817090473,0.1389221659872632,60657306,55330797,-5326509,242146,6096,115988103,5326509,0.04592289090200915,0.47525178499720316,0.14256997844906374,0.3326818065481394,0.40749514825227284,0.07481334170413342,0.276653325535788,0.13147998678629555,0.056610108624506675,0.1829643997305971,0.019179750285697697,normal
2522,오목교(목동운동장앞),5호선,27,25,204464706.26000002,101799876.11,102664830.14999999,864954.0399999998,7572766.8985185195,3235766.24,30639267.56,558.4831348533334,99.85536984,1208.963294,0.03618665132528136,33115533.64,0.0,43809431.28,127539741.34,0.8565385611146406,0.9259259259259259,864954.0399999998,0.004230334202031488,night,0.919319214667816,1.0875339996482514,0.015829955493072784,106798714,110792903,3994189,242456,6096,217591617,3994189,0.018356355153149123,0.5534047805646101,0.26746243989437035,0.2859423406702397,0.4053897877055908,0.11944744703535112,0.19515036066918773,0.10799714252323635,0.006417302296725727,0.1544016054824588,0.00781740752470434,normal
424,명동,4호선,16,13,223023993.25,108022131.1,115001862.14999999,6979731.05,13938999.578125,7949950.35,60004913.22,540.513579973125,42.37866437,1314.082461,0.110111653284607,30759039.66,0.0,52512977.13,139751976.46,0.7145981709442498,0.8125,6979731.05,0.03129587515804199,night,0.9066439136403848,0.816286595968985,0.04083754405648459,132886649,136132114,3245465,243438,6096,269018763,3245465,0.012064084169474826,0.6037996718211065,0.3306774075287295,0.273122264292377,0.40413676167660534,0.13101449738422832,0.18878813679420553,0.11399021504005946,0.016503952809813385,0.10612088685747899,0.011612149087428967,normal
2554,상일동,5호선,69,53,178306575.92000002,89909588.31,88396987.61,-1512600.7,2584153.2742028986,337779.22,20142603.39,1181.384445787971,88.27423787,2509.81195,0.024876014988199843,35007727.91,0.0,34737446.81,108561401.2,0.7175791095600509,0.7681159420289855,1512600.7,0.008483145908643613,night,0.9403848509045665,1.4344612907311205,0.18136004677981593,70995150,63075551,-7919599,244923,6096,134070701,7919599,0.05907031842848349,0.4823763981344098,0.16479736099358852,0.31757903714082125,0.4028820407162665,0.08530300357544521,0.4156921391720569,0.2005200768266046,0.0730667057510498,0.22980040314788291,0.024402058071924356,diverse_living_area_hidden
2525,영등포시장,5호선,14,14,169277354.28,84245767.62,85031586.66,785819.04,12091239.591428572,8369005.390000001,33750625.760000005,356.66022568571424,102.4993162,605.9493676,0.01423736760118847,29562124.349999998,0.0,38259449.42,101455780.51,0.9366775810620735,1.0,785819.04,0.004642198262977247,night,0.9476841762195373,0.6263145594523088,0.0,49682073,50226964,544891,241623,6096,99909037,544891,0.005453871004681989,0.457858934563542,0.1228053654802491,0.33505356908329287,0.40163140076606874,0.06657783168277587,0.12369380318713047,0.05663431293937201,0.0,0.1041570867921974,0.0003716316167312023,normal
326,압구정,3호선,31,27,227892489.42,112425151.37,115467338.05,3042186.68,7351370.626451612,2971122.36,43325699.3,559.0422979374193,40.49737396,1032.206771,0.04473242630548943,35035335.51,0.0,49246160.43,143610993.48,0.7920890210608827,0.8709677419354839,3042186.68,0.013349218694054145,night,0.909929554242244,1.066687950999446,0.0,140950291,146456390,5506099,244961,6096,287406681,5506099,0.019157867106088602,0.6170193248822405,0.3532800936904941,0.2637392311917464,0.3990386799789972,0.13529944878725075,0.19534833556324027,0.12053369812609989,0.0,0.1400729060014768,0.003584048321671799,normal
416,미아사거리,4호선,40,35,215883702.2,107939628.88,107944073.32,4444.44000000009,5397092.555,4815562.9,16989213.990000002,663.9617537825,125.2532536,1438.473116,0.05345672339317111,35389186.55,0.0,43872440.23,136622075.42,0.798729342129931,0.875,4444.44000000009,2.058719558127019e-05,night,0.9098030801723268,1.1425495289307355,0.02494268388547211,138015858,131512806,-6503052,244085,6096,269528664,6503052,0.02412749688099964,0.5844113089385039,0.3313041849744724,0.2531071239640315,0.3907933965407682,0.13768627257673677,0.2324956701175825,0.13587309889595098,0.00974743615444633,0.14680746213453633,0.014088350643717648,normal
2819,문정,8호선,24,23,179469453.45000002,89382164.45,90087289.0,705124.5499999999,7477893.893750001,4766388.805,34117855.120000005,546.5050834083333,101.0614566,1003.709219,0.03937534838173601,38666782.53,0.0,40261439.08,100541231.84,0.9202015975837257,0.9583333333333334,705124.5499999999,0.003928939083755815,night,0.990625115990816,1.0175613277693696,0.0233970256178991,82242865,82331143,88278,243286,6096,164574008,88278,0.0005364030509605138,0.48553401333269564,0.20229245288038933,0.2832415604523063,0.38731414681876497,0.10407258636645868,0.19090946291812108,0.09269303771382477,0.009061999015293377,0.20128458855322717,0.001647191635378884,diverse_living_area_hidden
341,경찰병원,3호선,15,15,154711473.7,77480422.32,77231051.38,-249370.94000000006,10314098.246666666,6636912.2,46170932.55,404.11161713999996,65.4654521,763.3733163,0.06739431992576314,29065856.259999998,0.0,31692130.17,93953487.27,0.9311506071674934,1.0,249370.94000000006,0.0016118451594841223,night,0.941792790937487,1.085598202970572,0.0,32771612,32488683,-282929,239836,6096,65260295,282929,0.004335392599742309,0.41830752462631066,0.0802146468721961,0.33809287775411456,0.3847531342544287,0.04666025650031412,0.14049424023880677,0.058769797858549466,0.0,0.1674106338349198,0.001139280387936727,normal
2815,잠실(송파구청),8호선,7,7,174068740.20000002,85109296.19,88959444.01,3850147.82,24866962.88571429,23091965.240000002,62615120.93,258.46344907142856,138.6829089,370.4486266,0.017603033133979817,20367485.42,0.0,43387286.39,110313968.39,0.8960429923117432,1.0,3850147.82,0.022118548198696044,night,0.8863870980535068,0.6012719156352986,0.0,71257691,80386432,9128741,241771,6096,151644123,9128741,0.060198448969895124,0.4708692065926567,0.18639885727251745,0.28447034932013926,0.3830997245589685,0.0986293752388293,0.08892667173693515,0.041872831365696285,0.0,0.06359574575843205,0.017930652663261604,normal
2740,숭실대입구(살피재),7호선,38,34,164704799.93,83283444.6,81421355.33,-1862089.27,4334336.840263158,2862568.4450000003,17544109.03,643.6112218605264,138.9135521,1164.057214,0.0591667041372934,30553764.5,0.0,31441644.75,102709390.68,0.8087504035110937,0.8947368421052632,1862089.27,0.011305616295283398,night,0.9231400107971943,1.011752695045102,0.0004329020163972341,64246869,63338328,-908541,243199,6096,127585197,908541,0.007121053393051547,0.44544286602832134,0.1568252887060751,0.28861757732224624,0.37558615996136835,0.08696858263912206,0.2252904476774223,0.10035402270223455,0.00016259200597817046,0.13635045124123688,0.001863983692245946,normal
231,신대방,2호선,34,32,195200972.85,98478334.25999999,96722638.59,-1755695.67,5741205.083823529,5454652.295,13061279.05,693.6996022641176,78.18339608,1672.035359,0.029047835626907586,37081815.61,0.0,38512464.06,119606693.18,0.8840127531097283,0.9411764705882353,1755695.67,0.008994297745376221,night,0.9358699106972119,1.0983204730954248,0.14072323502766804,121666393,113634219,-8032174,245259,6096,235300612,8032174,0.03413579731785823,0.5282505363267971,0.2892305844023706,0.2390199519244265,0.37546432499413185,0.1364443730697054,0.2430245257771478,0.12837783608234385,0.05283655445065395,0.15978553428441153,0.01328101063322356,normal
331,남부터미널(예술의전당),3호선,49,30,209156551.59,103854411.44,105302140.15,1447728.71,4268501.052857143,3060443.6799999997,20980851.16,845.1500986346938,141.9809689,1881.785107,0.012133508147378982,38666844.94,0.0,46554002.55,123935704.1,0.5692764297172472,0.6122448979591837,1447728.71,0.006921746887651486,night,0.956592365719527,1.1550710060950484,0.01527089137643207,140012447,136371918,-3640529,244292,6096,276384365,3640529,0.013171978812911505,0.5661447654209815,0.33973130859564016,0.2264134568253413,0.3738076634099397,0.1473942065845984,0.29664644186300765,0.16794483024150128,0.00570837622361107,0.18744073049695853,0.0035385360871530627,diverse_living_area_hidden
4114,국회의사당,9호선,29,21,150937096.54,74788295.26,76148801.28,1360506.02,5204727.466896552,2321837.6,20504684.259999998,569.0326906831034,93.37217481,1088.157743,0.008681629919865297,32227019.89,0.0,33078464.32,85631612.33,0.6921621274075951,0.7241379310344828,1360506.02,0.009013728574270349,night,0.983917138528825,1.077374921227534,0.0,25210748,48181915,22971167,237694,6096,73392663,22971167,0.3129899646780769,0.408058783570596,0.09021106743791633,0.31784771613267965,0.37124736512727485,0.05339964899459519,0.19888549136207678,0.08115697167504933,0.0,0.19823635201465115,0.12404017313888757,directional_mismatch
2616,구산,6호선,60,38,148916787.91,75040206.0,73876581.91,-1163624.09,2481946.4651666665,197224.21500000003,16278665.77,1299.10676689,99.792316,2783.484563,0.020669210872274853,27601823.52,0.0,28974119.35,92340845.03999999,0.5811989310797372,0.6333333333333333,1163624.09,0.007813921494890508,night,0.9272494976538008,1.4025550534408118,0.15787296885700064,36817055,26970341,-9846714,241200,6096,63787396,9846714,0.15436770612175485,0.40257294600753285,0.07840413880679266,0.3241688072007402,0.3710095608688988,0.046840753668158604,0.45737240153395725,0.18412575510806542,0.05857238084870514,0.1915278667580819,0.05899858882579025,directional_mismatch
2551,굽은다리(강동구민회관앞),5호선,26,21,155152599.10999998,78186109.36,76966489.75,-1219619.6099999999,5967407.658076922,6156543.26,19339258.509999998,620.5681417069231,76.13909558,1511.569081,0.08687370017632158,27425183.6,0.0,31544375.52,96183039.99,0.7286220427322169,0.8076923076923077,1219619.6099999999,0.007860774598660218,night,0.926620222631491,1.0614869371952678,0.02145123394059525,48448301,45704731,-2743570,240962,6096,94153032,2743570,0.029139475826970712,0.4195053328761322,0.11573000357355864,0.30377532930257356,0.37095597920325046,0.06718064990067696,0.21713191310693863,0.0910879954859577,0.007957463491551513,0.14437413640888422,0.008926528641954156,normal
2546,아차산(어린이대공원후문),5호선,40,35,166789824.09,83792116.87,82997707.22,-794409.65,4169745.60225,3108837.0300000003,13497359.16,710.9647256575,116.4618433,1709.847439,0.06338046802644455,29958113.11,0.0,33825744.3,103005966.68,0.7894032640166998,0.875,794409.65,0.004762938352709909,night,0.9296069413733974,1.0915452717100078,0.008552491782893636,74328932,71132724,-3196208,240879,6096,145461656,3196208,0.021972855856941434,0.451104428666314,0.17879928230669115,0.2723051463596229,0.3704472805754071,0.09814213421578426,0.24913734164766632,0.11238695816341479,0.0031682473231164623,0.1509773489587254,0.007763470003140759,normal
2618,증산(명지대앞),6호선,33,31,153862445.64000002,77428286.32000001,76434159.32000001,-994127.0,4662498.3527272735,3938758.74,14744947.469999999,671.5725518,120.6102907,1543.488365,0.06498628025620252,26689388.15,0.0,29529989.040000003,97643068.45,0.8561939950803716,0.9393939393939394,994127.0,0.006461141286717948,night,0.9092555179846689,1.1749384618520062,0.28491377247810656,47253864,44809817,-2444047,242765,6096,92063681,2444047,0.026547352587390025,0.41600211942510507,0.11316174408193108,0.302840375343174,0.36892659404918043,0.06608621870600641,0.2351903167672854,0.09783967024345255,0.10511226767805097,0.1419874201175806,0.00835590647230008,outer_hidden_demand
318,안국,3호선,40,29,183576844.96,91393899.72,92182945.24,789045.52,4589421.124,138432.25,31901595.93,1077.6955585780001,61.34312952,2825.086422,0.051351053286286565,25485033.69,0.0,39381611.74,118710199.53,0.6085845376551765,0.725,789045.52,0.00429817562324882,night,0.8862459003381813,1.0848831176417382,0.0635536211690649,103095272,106502271,3406999,243453,6096,209597543,3406999,0.01625495676731287,0.49668700367148594,0.2576360122490044,0.23905099142248154,0.36872254470965765,0.12967155328717617,0.378980494494414,0.18823468626036857,0.023433652922971178,0.11031325443762519,0.005938777800000895,normal
2550,길동,5호선,16,16,151097624.98,75339561.62,75758063.36,418501.73999999993,9443601.56125,8842189.18,25531933.759999998,433.20857096875,117.788624,933.8275293,0.06595528159152388,26118154.96,0.0,30298119.41,94681350.61,0.9204025080757686,1.0,418501.73999999993,0.002769743998659111,night,0.9185071576015397,1.060732280818691,0.0,39305566,40693923,1388357,241991,6096,79999489,1388357,0.01735457335233729,0.40849467387617366,0.09833227042584497,0.3101624034503287,0.3683264651370644,0.05816406168673571,0.15079618347405188,0.06159943779000447,0.0,0.13611380487326075,0.0059578251103704115,normal
327,신사,3호선,17,17,202507190.72,99798782.61,102708408.11,2909625.5,11912187.689411765,11264346.24,25299667.240000002,458.93476953058826,78.87378592,823.5586269,0.0167334903799717,30203361.6,0.0,46496759.96,125807069.16,0.9202311747405508,1.0,2909625.5,0.014368010783493822,night,0.9173700925583945,1.0954158415637922,0.0,133670555,135517699,1847144,244200,6096,269188254,1847144,0.0068619041602015814,0.5480894479861357,0.330885748238115,0.21720369974802067,0.36673446088782774,0.1495307611398071,0.15990469149185105,0.08764207409016196,0.0,0.13892863950751227,0.0041140178356853215,normal
154,종로5가,1호선,11,11,166010835.2,81965109.64,84045725.56,2080615.9200000002,15091894.109090907,11138158.7,45013718.14,398.52228379999997,161.4897326,724.1003161,0.025936924762882837,27363559.32,0.0,35945202.59,102702073.29,0.9409083130193884,1.0,2080615.9200000002,0.012533012784938994,night,0.925542206932187,1.0484325683009348,0.0,77737051,72812839,-4924212,245215,6096,150549890,4924212,0.032708174014607384,0.4489892040662137,0.18505381075409996,0.2639353933121137,0.36590204086631056,0.10196664755419689,0.13851530474162602,0.0621918764269317,0.0,0.13972492113878715,0.009058429582416344,normal
2528,여의나루,5호선,39,25,156345624.33,76528521.79,79817102.54,3288580.75,4008862.1623076927,535107.54,69470702.72,642.8705859425642,61.11522216,1234.412753,0.028860448621679673,22998352.3,0.0,40174030.13,93173241.9,0.5704111432767754,0.6410256410256411,3288580.75,0.021034044055232178,night,0.9395682811013046,0.8983470285513693,0.01318916777387754,52888230,57435213,4546983,240865,6096,110323443,4546983,0.041215020818376746,0.4227448094929092,0.13560689909483226,0.28713791039807696,0.3654176967691402,0.07827978637106324,0.22502822128665517,0.09512951253835526,0.004819555310232099,0.12992883867189534,0.008531403177116379,normal
225,방배,2호선,43,33,170169907.48999998,85239807.17,84930100.32,-309706.85,3957439.709069767,697326.41,58555344.47,759.168815059535,59.77897686,1794.007774,0.08630444997654328,32863807.7,0.0,35169282.95,102136816.84,0.6942757374007776,0.7674418604651163,309706.85,0.0018199860043891713,night,0.9498157172258583,0.9100858901259429,0.002564572293874261,83965802,84387760,421958,244335,6096,168353562,421958,0.0025063799956902603,0.4602825256197513,0.20693833355559366,0.25334419206415765,0.3650324268032401,0.11168823473908247,0.266204275720874,0.12252917635958054,0.0009361520481452738,0.13915089982213816,0.0003159351598862868,normal
2747,남구로,7호선,23,23,157225083.44,78121984.21,79103099.23,981115.02,6835873.193043478,4730153.52,17128111.33,521.4087553034783,55.63520068,952.8807788,0.026300793559267323,32110329.38,0.0,32841640.79,92273113.27,0.9460656389772079,1.0,981115.02,0.006240193985169114,night,0.9642951033323705,0.9416789123661878,0.0,57930844,59015950,1085106,243960,6096,116946794,1085106,0.00927862973310752,0.4251328455331334,0.14374841484404377,0.28138443068908964,0.36402067288960777,0.08263624220051814,0.18202396414491806,0.07738436583215007,0.0,0.1547548711967612,0.0012917388354906488,normal
417,길음,4호선,26,25,178836222.14,90068019.53,88768202.61,-1299816.92,6878316.236153846,6207942.66,19686635.96,494.67687209999997,51.9006733,893.2454959,0.04205639886234659,30654799.31,0.0,36033816.63,112147606.2,0.8864673244074849,0.9615384615384616,1299816.92,0.007268197149582216,night,0.9177453249543208,0.9165249512946283,0.0,106722370,101166505,-5555865,243597,6096,207888875,5555865,0.026725167472285375,0.4838145710381261,0.2555356936289926,0.2282788774091335,0.36018267904008505,0.13190380163095153,0.17255938771694404,0.08348674614687496,0.0,0.1144425627768108,0.009413565750380179,normal
2825,신흥,8호선,54,34,139196890.49,70115352.16,69081538.33,-1033813.83,2577720.1942592594,242335.11000000002,15426677.51,1327.7568210037036,108.0823134,3208.396541,0.008051689432492095,24656953.28,0.0,28671374.009999998,85868563.2,0.5914903552009831,0.6296296296296297,1033813.83,0.007426989398691128,night,0.9300363055256669,1.3546187703235786,0.14775977406964846,19378169,20629268,1251099,243433,6096,40007437,1251099,0.031271660816462696,0.37618005851303327,0.04917348038115522,0.32700657813187806,0.3576819757859608,0.030675397654082753,0.46751611736425297,0.17587024038587082,0.052851007930919035,0.18137628828299457,0.00896988988916136,normal
2728,어린이대공원(세종대),7호선,25,23,158095427.09,78436075.11,79659351.98,1223276.8699999999,6323817.0836000005,5099037.550000001,21165427.21,511.96969943199997,82.4228108,914.1317902,0.0635771294070471,25388933.05,0.0,31644999.99,101061494.05,0.8214947742387618,0.92,1223276.8699999999,0.007737585409751398,night,0.9017347326216438,1.0552544203159047,0.0,67212001,65930422,-1281579,244216,6096,133142423,1281579,0.009625624734199107,0.4274961299427751,0.16365630868386696,0.26383982125890815,0.3575336913397018,0.09369387008079366,0.17868201232568,0.07638586875961544,0.0,0.11719872414672518,0.0008071295043811672,normal
317,경복궁(정부서울청사),3호선,54,40,175745775.44,86738017.54,89007757.9,2269740.36,3254551.397037037,222532.68,26158650.55,1230.8800637129627,129.3004565,3065.219959,0.037070943334037765,28381759.619999997,0.0,35504962.160000004,111859053.66000001,0.620818723375523,0.7407407407407407,2269740.36,0.012914907082787285,night,0.9051224896155783,1.3941857494328138,0.14445210990956153,104061428,102357263,-1704165,244429,6096,206418691,1704165,0.008255865744250844,0.47542293802633995,0.25372852287958814,0.2216944151467518,0.3547945782178427,0.13310016307109093,0.43321634631957023,0.20596098816828645,0.051250825408040344,0.15742696197903253,0.0022150151215531663,normal
4110,염창,9호선,39,28,146291421.26,73524676.35,72766744.91,-757931.44,3751062.0835897434,2373792.6399999997,19246113.33,799.4199992205128,101.0902354,1683.524748,0.03279535918774197,27870017.16,0.0,29350364.27,89071039.83,0.6729765743234302,0.717948717948718,757931.44,0.005180969830438299,night,0.9402416196201064,1.3383746066758777,0.1902839315541694,29253099,55240728,25987629,240544,6096,84493827,25987629,0.30756837419614097,0.39544416638865687,0.10385677359792204,0.2915873927907348,0.35437461112941115,0.06278721833867629,0.280455438121526,0.11090446693713239,0.06743179424868427,0.18843954809529806,0.11957733504582499,directional_mismatch
313,녹번,3호선,74,56,155135963.88,78575466.7,76560497.18,-2014969.52,2096431.9443243244,167249.83500000002,22646133.729999997,1270.859502225946,68.45250272,3187.663798,0.04281794619618903,29318626.880000003,0.0,29983252.79,95834084.21000001,0.701035944371129,0.7567567567567568,2014969.52,0.01298841009914767,night,0.9300951291941923,1.393323465651842,0.2718720703126236,67490053,59267162,-8222891,244086,6096,126757215,8222891,0.06487118701684949,0.41946016246590423,0.15580752164329018,0.2636526408226141,0.35410511412399986,0.09045247330138578,0.4473712956163853,0.18765443634183104,0.0962712904851797,0.1847583632905652,0.021762758035081473,outer_hidden_demand
4132,석촌고분,9호선(연장),25,22,137262517.05,69035728.62,68226788.42999999,-808940.1900000001,5490500.682,5227177.0600000005,16955721.8,516.1148548336,13.81590194,915.2018071,0.013341571854923564,25028010.95,0.0,28140434.73,84094071.37,0.8187407172509711,0.88,808940.1900000001,0.0058933801258017945,night,0.9353728379263968,1.0204943821385415,0.0,22232556,19521361,-2711195,185029,4694,41753917,2711195,0.06493271038499214,0.37092756475016514,0.05132027804078143,0.3196072867093837,0.3518914589941967,0.032284172284813,0.1801496283483016,0.06682246293388282,0.0,0.1387404565761579,0.02189931499752221,normal
2717,하계,7호선,46,30,164332297.23,82804963.98,81527333.25,-1277630.73,3572441.2441304345,1083166.875,17647383.57,1015.4328323978261,116.8486327,2178.173543,0.036452634485809335,29251710.94,0.0,31560789.4,103519796.89,0.5901550450328721,0.6521739130434783,1277630.73,0.007774678207119712,night,0.9152245128889434,1.0717958390523683,0.03310204489131269,88208238,81977247,-6230991,243656,6096,170185485,6230991,0.036612940286887566,0.4444313922001852,0.20919015894667484,0.23524123325351035,0.3514607186249365,0.11621948537142611,0.3569360195107138,0.158633572077539,0.011634068485455664,0.1284523429055675,0.012816628964745036,normal
2622,망원,6호선,25,22,157131800.04999998,78411494.8,78720305.25,308810.45,6285272.001999999,5063080.34,23105820.54,594.7964491496,42.23098204,1300.554854,0.051806734612671074,23165928.46,0.0,35020750.87,98945120.72,0.7862705808428666,0.88,308810.45,0.001965295693817135,night,0.90805400300495,1.128340689116146,0.03269981549479487,68770630,72070826,3300196,241164,6096,140841456,3300196,0.023431992921175142,0.4248795488252577,0.17312006780265732,0.2517594810226004,0.35132437252466664,0.09956489150206625,0.20800729767934706,0.08837804679036206,0.01148824216038118,0.12877827151853752,0.00912076063272828,normal
2813,강동구청,8호선,34,28,147096886.68,73854713.78,73242172.9,-612540.88,4326379.0200000005,1983798.285,15835460.120000001,607.4563144088235,127.672106,1171.148664,0.03643750801680809,28639456.009999998,0.0,29349224.68,89108205.99000001,0.7624392503895628,0.8235294117647058,612540.88,0.004164200166469492,night,0.9438224299901947,1.0833138048543764,0.009878100908831556,49575466,49865446,289980,241762,6096,99440912,289980,0.002916103585212493,0.397631283936526,0.12222993967840053,0.2754013442581255,0.3490288360867195,0.073627491828594,0.21248959551828805,0.08449251068908997,0.003447742062956644,0.1532744532841795,0.0004962822460820092,normal
428,삼각지,4호선,9,8,136813104.95999998,67390541.87,69422563.09,2032021.2200000002,15201456.106666664,7438576.54,93186981.57,391.0756127688889,68.81202922,733.4833165,0.019381371117953808,22100343.13,0.0,32604434.560000002,82108327.27,0.8214581856876229,0.8888888888888888,2032021.2200000002,0.014852533465957826,night,0.9426890581025027,0.6618033929778575,0.0,24437434,27729333,3291899,241599,6096,52166767,3291899,0.0631033738395174,0.3697072552944673,0.0641198989983869,0.3055873562960804,0.34600166342601524,0.04041430712993481,0.13587876819193914,0.05023536644103499,0.0,0.09224004580166391,0.01783868576016018,normal
2624,상수,6호선,25,16,145193537.22,71625344.5,73568192.72,1942848.2199999997,5807741.4888,1615684.51,33708094.63,585.111755292,147.4571022,1157.942501,0.06025788968129934,15035950.79,0.0,32187682.07,97969904.36,0.553250178638538,0.64,1942848.2199999997,0.013381092968732895,night,0.8342531629792362,0.8859955652871464,0.011127799080697953,47251637,52314017,5062380,242362,6096,99565654,5062380,0.050844641667296235,0.39246303102295804,0.12238327429068185,0.2700797567322762,0.344432120248323,0.07435236351604681,0.204578376323561,0.0802894496537001,0.003832771431062135,0.0484401444873121,0.014703057875114363,normal
2534,광화문(세종문화회관),5호선,8,8,203631362.42,100722527.45,102908834.97,2186307.52,25453920.3025,20181350.86,70098135.63,305.20829476125,56.25562939,504.1094332,0.011480021267390929,39562811.81,0.0,49601609.04,114466941.57,0.9922656401319938,1.0,2186307.52,0.010736595257319107,night,0.9861358097857982,0.8954570625353463,0.0,153395965,155195357,1799392,242874,6096,308591322,1799392,0.0058309870424677725,0.5511419634521477,0.3793205509066211,0.17182141254552663,0.34208249024772225,0.1702610777021956,0.10547695221203464,0.05813277454108912,0.0,0.15334970793056105,0.0027036865434601496,normal
2725,용마산,7호선,56,27,135937264.54,68175004.15,67762260.39,-412743.76,2427451.1525,0.0,23666455.869999997,1114.2756276535715,153.5596568,2402.317266,0.01828300885464424,25305273.78,0.0,26705720.91,83926269.85,0.4398822411525837,0.48214285714285715,412743.76,0.0030362811948341714,night,0.9303940580655243,1.2065108899564714,0.40692322327644803,28626396,27343932,-1282464,241189,6096,55970328,1282464,0.02291328362413742,0.36732904525074495,0.06879528941399174,0.29853375583675323,0.3420585372725547,0.04352478143580147,0.3919318775627519,0.14396796238845752,0.13919156253617498,0.15482151476794334,0.0073014003248027,outer_hidden_demand
412,창동,4호선,25,23,174946050.07,87798096.87,87147953.2,-650143.6700000002,6997842.0028,4386635.5,21288299.35,492.0595523208,62.43011912,863.0515337,0.01774809253291911,29552481.51,0.0,35463248.82,109930319.74,0.8458764985359564,0.92,650143.6700000002,0.0037162523517385074,night,0.9158775501254078,0.9523674938624784,0.0,110845934,115145692,4299758,246595,6096,225991626,4299758,0.01902618285511163,0.47325140670199933,0.2777878485231775,0.19546355817882183,0.3417879166236837,0.14632435844486186,0.17163271065127952,0.08122542175179526,0.0,0.11147630533996311,0.007245446147231179,normal
2549,강동,5호선,16,16,160954161.87,80786718.78,80167443.09,-619275.69,10059635.116875,9491696.775,21984867.27,405.63081465625,113.6513068,818.5111332,0.01525859832367269,28856880.06,0.0,32907543.34,99189738.47,0.930413837039918,1.0,619275.69,0.0038475282826186167,night,0.9310269346365783,0.9602960168708466,0.0,94672163,85553475,-9118688,245600,6096,180225638,9118688,0.05059595350135478,0.43525858484995383,0.2215316555356361,0.21372692931431772,0.3388350299620454,0.1251081006477277,0.14103212082478306,0.06138544132858278,0.0,0.1225290727299384,0.020347653404670995,normal
419,한성대입구(삼선교),4호선,50,46,150057340.69,72763963.19,77293377.5,4529414.31,3001146.8138,1216583.815,14297465.31,1120.8063340664,85.64492632,2687.222455,0.05751754755368197,24893466.43,0.0,29135506.13,96028368.13,0.8165065884916206,0.92,4529414.31,0.03018455671127221,night,0.9019106706292301,1.4949311733247814,0.2458389798217875,70766253,66069411,-4696842,244449,6096,136835664,4696842,0.034324691843494834,0.40566994177851073,0.16819609221143988,0.23747384956707085,0.3374378428437229,0.09996399327665204,0.3942441115906498,0.1599329857954996,0.0829553750379655,0.15689787193168886,0.001679528378043919,outer_hidden_demand
2515,마곡,5호선,26,24,137164328.92,68731559.48,68432769.44,-298790.03999999986,5275551.112307692,4842266.890000001,24468465.25,598.4951931330769,64.41106456,1403.743137,0.05068390558600762,24299269.69,0.0,29317519.39,83547539.84,0.8575394616444949,0.9230769230769231,298790.03999999986,0.0021783363236827177,night,0.9383793855952489,1.2620640664718203,0.09303547963583768,40667216,38687160,-1980056,242681,6096,79354376,1980056,0.024952070696139052,0.3706609499746785,0.09753928849728327,0.27312166147739525,0.3345069446404213,0.06138528316302603,0.20931685918134296,0.07758558586987259,0.031121014036140197,0.16596324843368435,0.008441334016965655,normal
2729,건대입구,7호선,11,11,148176678.8,74161603.73,74015075.07,-146528.65999999992,13470607.163636364,8714994.8,27938614.380000003,412.44916159999997,26.119398,732.2590449,0.1003206289708012,18805405.43,0.0,33071528.38,96299744.99,0.8827704455363744,1.0,146528.65999999992,0.0009888780149930037,night,0.8767715331442067,1.0619079037644112,0.0,67845638,68752822,907184,244019,6096,136598460,907184,0.006641246175103292,0.40056329347419534,0.16790451773474738,0.23265877573944796,0.3333069068611685,0.10064813112172052,0.14344619563089953,0.057459280558256845,0.0,0.09005756406865416,0.002264131206142455,normal
338,일원,3호선,111,53,137677827.02,69252926.53,68424900.49000001,-828026.0399999999,1240340.783963964,0.0,28573845.200000003,1470.8121462324325,142.2094204,2986.769866,0.04980388207092118,28774067.05,0.0,23475081.79,85428678.18,0.42160345424016077,0.4774774774774775,828026.0399999999,0.006014229436376238,night,0.9249166794585391,1.4213632996581358,0.37548321744277924,43600768,41968409,-1632359,242504,6096,85569177,1632359,0.019076483580062947,0.3720552751405032,0.10517860886845422,0.266876666272049,0.33292301887905507,0.06604635260700611,0.518165675001098,0.19278627278089808,0.12500700628947073,0.17168615351105643,0.0048598805593845365,outer_hidden_demand
4111,신목동,9호선,42,25,125987174.22,63130015.99,62857158.23,-272857.76,2999694.6242857142,52469.505,42279732.6,775.80241585,122.9027453,1553.035205,0.010923143004902257,22287705.91,0.0,25037682.56,78661785.75,0.5453253138309951,0.5952380952380952,272857.76,0.0021657582344337145,night,0.9216244350901769,1.0656601602240072,0.21836508422642834,7245160,11429455,4184295,237059,6096,18674615,4184295,0.22406325378060002,0.3403111043169743,0.022950877005896087,0.3173602273110782,0.3325006660180548,0.015140438706976537,0.2720934973950612,0.09259643857598106,0.07260653594037605,0.12593167204901273,0.07551418175448675,directional_mismatch
415,미아(서울사이버대학),4호선,33,31,149639325.46,75173005.46,74466320.0,-706685.46,4534525.013939395,2264973.11,28214353.39,735.0491522227272,76.60516445,1485.394647,0.05345132564349594,27359429.689999998,0.0,29545751.25,92734144.52,0.8706862886015131,0.9393939393939394,706685.46,0.004722591857639078,night,0.9275129722414557,1.3785957953044305,0.22413377510823748,76426721,71043692,-5383029,243450,6096,147470413,5383029,0.036502433881432206,0.40453488567044155,0.18126847452553008,0.22326641114491147,0.3312054640526009,0.10793905290768942,0.2576645708823377,0.10423430772320985,0.07423433099458508,0.16832965072193848,0.012856054759719848,outer_hidden_demand
202,을지로입구,2호선,7,7,251067436.82999998,124139288.02,126928148.81,2788860.79,35866776.69,30351754.509999998,78258351.24,258.26520828571427,120.7407166,396.0800851,0.013763501643273087,43928926.92,0.0,63628781.65,143509728.26,0.980403158773378,1.0,2788860.79,0.011108014743817068,night,0.9725782746218533,0.6089122547420018,0.0,211247432,206454227,-4793205,245823,6096,417701659,4793205,0.011475187844537625,0.6799473325816341,0.5134405042485588,0.16650682833307529,0.33083483127845736,0.16432800294538208,0.08885648345078813,0.0604177289049475,0.0,0.09470160980629948,0.00024965837043067045,normal
2642,월곡(동덕여대),6호선,28,26,141217859.31,71432326.49,69785532.82000001,-1646793.6700000002,5043494.975357143,3044911.495,20952434.89,525.8628176071428,112.859203,881.0469224,0.051136883640364575,24857346.18,0.0,28684442.7,87676070.43,0.8540726645369157,0.9285714285714286,1646793.6700000002,0.011661369730757465,night,0.9254757588856255,0.9842606823092614,0.0,57301884,53851890,-3449994,242802,6096,111153774,3449994,0.031038028452367257,0.3816676887205701,0.13662755358129364,0.24504013513927647,0.32952136612965194,0.08448123099037544,0.1836009504263225,0.07007455039611447,0.0,0.11808204589637723,0.007395444549404086,normal
411,노원,4호선,16,16,165253309.7,81234725.55,84018584.15,2783858.5999999996,10328331.85625,5912301.105,54554617.71,494.49632135625,129.693288,1066.871185,0.04727464223233468,21338907.82,0.0,36615577.15,107298824.73,0.9081317401660813,1.0,2783858.5999999996,0.01684600813777226,night,0.8786376087571768,0.9752077734771137,0.08456979630466062,103115408,114753083,11637675,246142,6096,217868491,11637675,0.053416053632096804,0.44693226000273256,0.26780277729028173,0.17912948271245083,0.32724255951337844,0.14811307680092767,0.17249546269152247,0.07709378698093917,0.027674836600262195,0.0825404913843205,0.016344333081181214,normal
2543,답십리,5호선,23,22,146660977.34,73948793.49,72712183.85,-1236609.6400000001,6376564.232173913,5100999.16,17521881.71,671.6938807608695,158.6893647,1574.099493,0.013539573758294184,26771377.74,0.0,29803509.45,90086090.15,0.8934621245406278,0.9565217391304348,1236609.6400000001,0.008431756438750595,night,0.9336395126877459,1.3049565748851208,0.1664936139310743,75656860,68039750,-7617110,243022,6096,143696610,7617110,0.05300827904012489,0.39644763912307884,0.17662966306001637,0.21981797606306247,0.32642322620383046,0.10660525014076798,0.23523327398112387,0.09325767611300893,0.05434738260171629,0.16291188021240283,0.017672257145631403,normal
2756,신중동,7호선,32,32,130515006.01,65722348.89,64792657.12,-929691.77,4078593.9378125,2633579.37,11416584.24,1145.301707075,121.6417374,2517.663136,0.08654067332899425,29334301.099999998,0.0,28134853.48,73045851.43,0.9799378779243174,1.0,929691.77,0.007123255772817169,night,0.991123046673348,1.4540189508538992,0.3936226778096595,32143857,31645368,-498489,136621,3500,63789225,498489,0.007814627000092883,0.3526057356143784,0.07840638703919123,0.2741993485751872,0.3249591938355587,0.05075984526037154,0.40291683876841405,0.14207078832535655,0.1279113080564208,0.24184522769551,0.0002437814601761689,diverse_living_area_hidden
152,종각,1호선,6,6,161161367.39,78834781.11,82326586.28,3491805.1700000004,26860227.89833333,29269284.724999998,33318557.16,234.55150135833333,71.12920755,343.5900728,0.019340103368773193,26709342.98,0.0,40919992.24,93532032.16999999,0.9550714167019033,1.0,3491805.1700000004,0.021666514913279804,night,0.961711686227511,0.6931213615318201,0.0,109969855,99602594,-10367261,246193,6096,209572449,10367261,0.049468625525295074,0.43582121959199815,0.2576051663529903,0.17821605323900785,0.32355142181883834,0.1453353685798305,0.08046050962820425,0.03506639743515769,0.0,0.09993958129686573,0.01211674975416013,normal
2733,학동,7호선,17,17,156134300.39,77371525.52,78762774.87,1391249.3499999999,9184370.61117647,7803884.9399999995,18001662.29,402.27740869411764,84.1507144,707.5022424,0.009746187536354957,28294291.62,0.0,34831620.17,93008388.6,0.9567279370525379,1.0,1391249.3499999999,0.008910593934355669,night,0.9527898131914365,0.9494202327012066,0.0,93217691,97141907,3924216,244187,6096,190359598,3924216,0.020614752506464107,0.42217099181435647,0.23398846100191437,0.1881825308124421,0.3233878511600634,0.1352053203476213,0.13984482822810976,0.05903842983316941,0.0,0.13065942954220472,0.004941156232739522,normal
2811,암사,8호선,56,26,150583863.26,75700424.66,74883438.6,-816986.06,2688997.5582142854,0.0,26374376.0,960.9747157598214,43.42450425,2315.071353,0.03955965580427896,26584998.67,0.0,31126255.86,92872608.73,0.42463896317010535,0.4642857142857143,816986.06,0.005425455572151059,night,0.930093567789733,1.1658797668267116,0.02112414545048378,89176351,78365157,-10811194,243709,6096,167541508,10811194,0.06452845106300464,0.40709963289075757,0.20594014541333602,0.20115948747742154,0.32326147529551924,0.1221019878180977,0.3376548112576097,0.13745914970677095,0.006828622422680518,0.14113138249393792,0.024060807767070595,normal
2521,목동,5호선,31,29,151060745.16,75379876.69,75680868.47,300991.7799999999,4872927.263225806,4024377.33,12652839.72,659.99943751,20.38362711,1293.994028,0.04954456228628993,26577230.26,0.0,30821970.22,93661544.68,0.866480018759904,0.9354838709677419,300991.7799999999,0.0019925214832033065,night,0.9263897081153688,1.3464950187153892,0.2373105392935161,83423191,86786791,3363600,243189,6096,170209982,3363600,0.019761473213715516,0.4083945323933969,0.20922027100193333,0.19917426139146358,0.3229501176503426,0.123775856258879,0.2310927893363287,0.09437703164049574,0.07663946658450727,0.15921263106676764,0.007256742733103374,outer_hidden_demand
2529,마포,5호선,30,20,139121732.04,69267238.73,69854493.31,587254.5800000001,4637391.068,1862748.49,28907450.68,620.9380611723334,97.42905857,1229.306627,0.01992233533060308,24859176.919999998,0.0,30534016.5,83728538.62,0.6241892149724576,0.6666666666666666,587254.5800000001,0.004221156331141377,night,0.9461527985219633,1.0538204940777578,0.0,62190907,59295761,-2895146,242733,6096,121486668,2895146,0.023830977074784866,0.37597597729392185,0.14932889150463988,0.22664708578928197,0.3198319013722468,0.09318481558296487,0.21726288521338996,0.08168562559780146,0.0,0.13839692218087404,0.007372821518649981,normal
414,수유(강북구청),4호선,31,31,203488513.32,101539169.78,101949343.53999999,410173.7599999999,6564145.590967742,5942498.54,39143022.269999996,646.3543166496775,79.64640304,1346.467066,0.03344682498647496,31355784.73,0.0,43105781.47,129026947.12,0.9200973080423737,1.0,410173.7599999999,0.0020157096501804642,night,0.9058163103739638,1.2663270155904671,0.06597223190131075,173766177,169602830,-4163347,244431,6096,343369007,4163347,0.012124993564139585,0.5507540786770231,0.4220697680549524,0.1286843106220707,0.318297432434493,0.18961312181242226,0.22626165610607948,0.12461452994864124,0.020998792026160163,0.1289099632716006,0.005567729348117005,subway_high_mobility_low
425,회현(남대문시장),4호선,12,11,163083128.9,81435884.44,81647244.46000001,211360.01999999996,13590260.741666667,6300820.295,41863755.45,469.1456654841666,47.80786801,1241.867691,0.02918829340760264,24801317.18,0.0,35598972.96,102682838.76,0.808993832463886,0.9166666666666666,211360.01999999996,0.0012960262746099418,night,0.9099171502313033,0.8515810681970989,4.1767901106292795e-05,113164298,114787992,1623694,244118,6096,227952290,1623694,0.007122955421943776,0.44103946759740664,0.28019792415330974,0.1608415434440969,0.3174611243069324,0.15661958086283548,0.1635199177149762,0.07211873745058485,1.3259684845144476e-05,0.08895727120264083,0.0025699057288679247,normal
229,봉천,2호선,24,24,157804166.3,79198705.0,78605461.3,-593243.7,6575173.595833334,6089704.595,17494387.96,518.1615214304167,96.23206413,951.9628581,0.016715383602006303,28300402.05,0.0,32667351.92,96836412.33,0.9371450099412484,1.0,593243.7,0.0037593665231384953,night,0.9338936887561806,1.021278935944636,0.0,112016473,101400135,-10616338,244998,6096,213416608,10616338,0.04974466654441439,0.42670525603435183,0.26233046039840224,0.1643747956359496,0.3147674697644422,0.1503926741284926,0.1808742623847705,0.07717999844091802,0.0,0.1231286389398278,0.019622169219395014,normal
215,잠실나루,2호선,29,20,138266495.53,69386205.03,68880290.5,-505914.53,4767810.190689655,228589.61000000002,47749642.42,603.4696643034483,116.3495026,1136.039414,0.05640953828400827,28265064.64,0.0,23064224.35,86937206.54,0.6112790056295088,0.6896551724137931,505914.53,0.0036589813610357295,night,0.9150206558887061,0.9847498789927566,1.9910391085327596e-05,71925245,67880930,-4044315,244077,6096,139806175,4044315,0.028928014088075868,0.37365371400098085,0.1718474859077284,0.20180622809325247,0.30944226264982694,0.10763603455657447,0.2110780992040664,0.07887011571186689,6.161116467686715e-06,0.10377050170519544,0.009441867927670882,normal
2718,공릉(서울과학기술대),7호선,26,25,133150589.39999999,66363772.910000004,66786816.49,423043.58000000025,5121176.515384615,3020406.21,18013402.56,612.2533112038461,89.1457374,1689.469655,0.10316429091978303,21782507.25,0.0,27400935.009999998,83967147.14,0.859873685121191,0.9615384615384616,423043.58000000025,0.003177181429735378,night,0.9122467634819753,1.0490837793257926,0.008194715133570412,58112848,56807455,-1305393,243042,6096,114920303,1305393,0.011359115542881923,0.35976225722041005,0.1412574237442009,0.21850483347620916,0.3089431676050564,0.09043833412884723,0.2141879997214506,0.07705675824931363,0.002531701250986336,0.10834782562180724,0.0029435510849742746,normal
2714,마들,7호선,29,24,132368658.65,66678864.54,65689794.11,-989070.43,4564436.505172414,2898124.15,17534949.89,540.8617524965517,121.5815785,997.2293447,0.07198147804115589,25554936.94,0.0,25336214.39,81477507.32,0.7735565490588927,0.8275862068965517,989070.43,0.0074720892399101155,night,0.9326953008196708,1.0118243597955965,0.0,57687730,53528876,-4158854,243393,6096,111216606,4158854,0.03739418194437619,0.35763904445164413,0.13670478755508644,0.22093425689655768,0.308748074858478,0.08781381796192031,0.18891140927123265,0.0675620958977771,0.0,0.11881322568504843,0.010701308642818758,normal
2557,방이,5호선,17,16,123831956.28,61979267.260000005,61852689.02,-126578.24,7284232.7223529415,6377519.6,25927252.66,430.64452277764707,96.86590322,735.9862854,0.011743882407212174,20646033.79,0.0,26684028.47,76501894.02,0.8712897842308996,0.9411764705882353,126578.24,0.001022177504115257,night,0.9269471532121423,0.9098606367613032,0.0,36283121,36189962,-93159,240898,6096,72473083,93159,0.0012854289640196485,0.33445894125818487,0.08908070683153145,0.2453782344266534,0.3046651023647801,0.05928686793812669,0.14988836751941145,0.05013150470746006,0.0,0.10184055755299229,8.804680456429433e-05,normal
4106,양천향교,9호선,89,44,118123776.11,59251909.0,58871867.11,-380041.88999999996,1327233.4394382022,0.0,16261156.059999999,1281.2411981416853,71.84015571,2371.145622,0.03146693175974666,23891557.99,0.0,24175661.97,70056556.15,0.4539509546375657,0.4943820224719101,380041.88999999996,0.0032173191758287072,night,0.9577689065535062,1.2803465619731165,0.11013945700385211,14541871,26453774,11911903,239204,6096,40995645,11911903,0.29056508319359287,0.31895925535459185,0.05038819948565335,0.2685710558689385,0.3028874727679892,0.034316416899050725,0.4510469945448362,0.14386561350994762,0.03335986178393537,0.16937813203856125,0.09165222883891305,directional_mismatch
2640,안암(고대병원앞),6호선,16,16,129267985.31,63582383.07,65685602.24,2103219.17,8079249.081875,7837241.875,19350318.03,406.72382147125,87.39238094,733.5360304,0.09752213038182042,18905409.69,0.0,24787988.29,85574587.33,0.8610914962144103,1.0,2103219.17,0.016270224719262316,night,0.8709196783981776,1.072773228137853,0.0,56729894,54674441,-2055453,243015,6096,111404335,2055453,0.018450386154183318,0.3492196425707738,0.13693554666932994,0.21228409590144387,0.3013990599076769,0.08911496400623302,0.14141910615081194,0.04938632970266486,0.0,0.07801042484942966,0.0007613551970496976,normal
2641,고려대(종암),6호선,26,25,122419705.0,62117442.25,60302262.75,-1815179.5,4708450.192307692,3803885.8099999996,19441534.36,512.627627008077,76.17123541,838.2203075,0.05035578986923158,21109322.04,0.0,23570007.23,77740375.73,0.8685362048309053,0.9615384615384616,1815179.5,0.014827510816171301,night,0.9086464547572375,0.9490427205879587,0.0,41997225,39203009,-2794216,243910,6096,81200234,2794216,0.03441142792765844,0.3306241899705521,0.09980824298539784,0.23081594698515426,0.2976251704811209,0.06680922349596664,0.17891495535406501,0.059153612187555236,0.0,0.09213585785131181,0.006474916731435869,normal
2748,가산디지털단지,7호선,18,17,166908127.43,83111996.1,83796131.33,684135.23,9272673.746111112,7824591.715,23614314.08,597.8436954444445,155.0797122,1036.497609,0.010930359666510965,39053088.21,0.0,40867937.42,86987101.8,0.9543720344885388,0.9444444444444444,684135.23,0.00409887307786687,night,1.0240286692030733,1.015124633435825,0.02250631438888704,139517102,138724780,-792322,245108,6096,278241882,792322,0.002847601498037596,0.4514256632028451,0.3420145944897333,0.10941106871311179,0.29703149806026513,0.18762042934715334,0.20908619269145245,0.09438687320229679,0.006685084278746418,0.1766674629930363,0.000564856102771302,subway_high_mobility_low
2746,대림(구로구청),7호선,15,15,120690785.41999999,59949705.32,60741080.1,791374.78,8046052.361333332,8395496.0,21170600.5,488.29131388133334,90.29982012,968.6829327,0.01577656178668511,18922270.55,0.0,24595894.68,77172620.19,0.9082160405208219,1.0,791374.78,0.006557043913883249,night,0.9006076034032751,1.0180275390450484,0.0,36334056,36442542,108486,243060,6096,72776598,108486,0.0014906714930533027,0.3259295745862287,0.08945379171750865,0.23647578286872,0.29677393830661597,0.06029815543789595,0.17029854423892138,0.05550533207644569,0.0,0.09308341107045244,0.0016512806078165059,normal
2817,송파,8호선,20,20,120482412.71000001,60998347.86,59484064.85,-1514283.01,6024120.635500001,6141065.915,15765269.48,456.256051815,113.4244433,770.8247725,0.038807551563067415,22892204.6,0.0,23328444.5,74261763.61,0.9198626549386268,1.0,1514283.01,0.012568498388597716,night,0.9317080390211092,1.0433435014725005,0.0,38167198,36103963,-2063235,241986,6096,74271161,2063235,0.027779759629716842,0.3253637705191366,0.09129092947492008,0.23407284104421655,0.29566100949098,0.06158816844676351,0.1589562761349841,0.05171861335095947,0.0,0.1166357450028896,0.004949193311762121,normal
2745,신풍,7호선,25,25,124199873.96,62645012.99,61554860.97,-1090152.02,4967994.9584,3846337.48,22526635.729999997,502.4990649028,80.15283297,835.4359792,0.040722621439939675,23810362.08,0.0,24536425.75,75853086.13,0.9267409835434046,1.0,1090152.02,0.008777400372814357,night,0.9381933564476237,0.9509387548830852,0.0,51566515,47752028,-3814487,245530,6096,99318543,3814487,0.0384065944261788,0.3354579651692291,0.12207952199093156,0.21337844317829754,0.29450541713331907,0.0811269739550215,0.17532887990172272,0.05881546928723205,0.0,0.10997864593899014,0.00993934914674586,normal
420,혜화,4호선,28,23,181611425.6,90823311.94,90788113.66,-35198.279999999664,6486122.342857143,2897291.2300000004,32061648.37,630.9168708142857,146.0390803,1583.250375,0.07571416752942088,21885345.9,0.0,40436399.59,119289680.11,0.6989689619033405,0.8214285714285714,35198.279999999664,0.0001938109338865278,night,0.8655337333571758,1.1992815770252876,0.05516324183295215,165092589,162743986,-2348603,244145,6096,327836575,2348603,0.007163944413462714,0.4913502094846197,0.40297708524959347,0.08837312423502625,0.29334733422973047,0.20497420999470425,0.22079593994797644,0.10848813134679174,0.016181989939166464,0.08061497207921432,0.0034247765453255205,subway_high_mobility_low
2548,천호(풍납토성),5호선,17,15,144064688.28,71567626.42,72497061.86,929435.44,8474393.428235294,8086918.42,36381078.79,545.0915058329412,96.38899836,954.3781603,0.012851528055587242,19188493.36,0.0,32841776.78,92034418.14,0.7829145437986483,0.8823529411764706,929435.44,0.006451514601507178,night,0.8918372178254813,1.0893759728438703,0.0,100620167,101430426,810259,244989,6096,202050593,810259,0.004010178777352066,0.38939781523061845,0.2483591956823583,0.14103861954826014,0.2926872870394745,0.15164866749121433,0.19040897767743184,0.07414483990788756,0.0,0.09194088634066115,0.0009506508361702417,normal
2559,개롱,5호선,28,27,117179488.02,58904461.99,58275026.03,-629435.96,4184981.715,1752844.83,16724653.78,643.9461700953572,95.83224997,1347.548005,0.04612258048502154,21781186.71,0.0,23123516.26,72274785.05,0.895394237108056,0.9642857142857143,629435.96,0.005371554105890691,night,0.9310669271006542,1.194882511531137,0.0522823578044167,33022884,33337524,314640,240271,6096,66360408,314640,0.004741381336895939,0.31639518618340035,0.08156692116890969,0.23482826501449067,0.2905878049737564,0.05575953995926577,0.22540903801929382,0.07131833455153563,0.015192615593237991,0.13078324686918041,0.00019938363057380338,normal
4710,정릉,우이신설선,30,26,109561465.58,55417077.519999996,54144388.06,-1272689.46,3652048.8526666667,3200717.58,12191543.8,664.7571309076667,89.29493053,1685.587867,0.02145812532114188,20761788.71,0.0,20514427.85,68285249.02,0.8013225568109872,0.8666666666666667,1272689.46,0.011616214270798548,night,0.9235754513341254,1.1757233864968628,0.07395230190749699,7385675,14636437,7250762,218653,5604,22022112,7250762,0.3292491655659548,0.2957096171386302,0.027065667169657345,0.26864394996897284,0.28770603906228925,0.01906208909331638,0.23277727794643996,0.06883447974011427,0.02127652386134454,0.12170586159621956,0.09392711841810382,directional_mismatch
217,잠실새내,2호선,27,21,147618715.86,73901510.16,73717205.7,-184304.46,5467359.846666668,2435967.26,29180067.689999998,631.3329108577777,58.73592756,1258.303256,0.015050496435521355,23955351.93,0.0,30525542.0,93137821.93,0.6969795711553075,0.7777777777777778,184304.46,0.0012485168897878257,night,0.9115822023935704,1.0816389176583368,0.0,115633313,114620405,-1012908,244949,6096,230253718,1012908,0.004399095088662151,0.3990482308696025,0.2830268716615539,0.11602135920804862,0.2861068584445014,0.17008549923645278,0.22094324130937906,0.0881670095671034,0.0,0.10298981003517273,0.0012572326564771381,normal
2547,광나루(장신대),5호선,56,36,125636623.54,62924568.4,62712055.14,-212513.25999999995,2243511.134642857,80508.52,14490039.56,825.9232522553572,105.6379736,2037.33013,0.035549579610280505,22355859.71,0.0,23727066.77,79553697.06,0.5629626164319014,0.6428571428571429,212513.25999999995,0.0016914913343905671,night,0.9113087925528289,1.2123976225967557,0.11927898583830407,69603877,63112813,-6491064,241718,6096,132716690,6491064,0.04890917638165931,0.3393592378251199,0.1631329917217342,0.1762262461033857,0.28399855009030056,0.1077723039869149,0.28983906672819226,0.0983595647768234,0.03387505903431985,0.11437760741379742,0.01602375760950768,normal
2723,면목,7호선,31,29,127345932.81,64104718.839999996,63241213.97,-863504.87,4107933.316451613,2844033.46,12680785.54,746.0377071022581,72.41220057,2043.446966,0.014818626178189315,23604916.12,0.0,25951550.78,77789465.91,0.8705603948919488,0.9354838709677419,863504.87,0.006780780908710672,night,0.9376663020298983,1.2352211750586772,0.0916210209666295,74227755,70808619,-3419136,243895,6096,145036374,3419136,0.023574334532108478,0.34400060442674557,0.17827651972007055,0.16572408470667502,0.28267337388794467,0.11694928918126965,0.2615551317043592,0.0899751233972166,0.025898823115695278,0.1367030273634903,0.005776992596921808,normal
2644,돌곶이,6호선,27,27,116805409.42,58685306.38,58120103.04,-565203.3400000001,4326126.274814815,4101198.4,12835026.85,603.3224329044444,25.36917112,1391.979331,0.0462817282550519,20927746.78,0.0,22792460.81,73085201.83,0.919196214805392,1.0,565203.3400000001,0.004838845587773122,night,0.9203084635777657,1.3466071819158068,0.2083625485399202,45899227,41511489,-4387738,242329,6096,87410716,4387738,0.05019679738122726,0.31537943324103035,0.10744225438132032,0.20793717885971003,0.28149435594811095,0.07355717708840091,0.2110259710835796,0.0665532511594774,0.05865288140495184,0.13359783382011395,0.014304965129593542,normal
2533,서대문,5호선,15,15,128871339.53,64017413.160000004,64853926.37,836513.21,8591422.635333333,6735972.12,21910020.08,403.28594399266666,85.10268739,790.6081377,0.04821815161253361,28011700.4,0.0,26726968.89,74132670.24,0.9712050597562182,1.0,836513.21,0.00649107251504333,night,0.9760805665174299,0.9430897795984998,0.0,81009383,77601974,-3407409,242338,6096,158611357,3407409,0.021482755487679233,0.3481426119196923,0.1949630788182942,0.15317953310139812,0.28026765643198653,0.12708812333058842,0.1402019059296981,0.0488102577264841,0.0,0.12633979213604593,0.00521924366716544,normal
2631,이태원,6호선,19,19,123250074.33,61846635.21,61403439.12,-443196.0899999999,6486846.017368421,5550135.85,25781793.78,474.2580365,111.2312578,900.264723,0.018347140089373628,16369204.91,0.0,24879452.77,82001416.65,0.8682046379464063,1.0,443196.0899999999,0.003595909312097856,night,0.862244121104705,1.0843450130545218,0.0,62953059,68460527,5507468,243106,6096,131413586,5507468,0.04190942632065455,0.332878930258292,0.1615311980467711,0.17134773221152091,0.27910859784914255,0.10776086563762163,0.16532998196818294,0.055034867537191445,0.0,0.06710998049297831,0.012753762556241229,normal
335,대치,3호선,11,11,119093914.8,59544625.41,59549289.39,4663.98000000004,10826719.527272727,6849534.619999999,25282889.64,356.3309673090909,119.1760159,678.1896628,0.045542409622258126,18262750.25,0.0,26334073.119999997,74497091.42999999,0.9226635398607411,1.0,4663.98000000004,3.916220243353727e-05,night,0.9146851132605454,1.0761481025266275,0.0,56509675,53251499,-3258176,243874,6096,109761174,3258176,0.02968423060052182,0.32159351785684276,0.13491575017055008,0.18667776768629268,0.27820548714520066,0.09152771945890795,0.12357722737216145,0.03974163527760832,0.0,0.10172829748286334,0.009533661833247928,normal
4138,중앙보훈병원,9호선(연장),130,74,111209893.78,55848495.61,55361398.17,-487097.43999999994,855460.7213846154,3175.39,19572947.58,1591.5192138861537,103.2202671,3251.116719,0.010787063426831394,21488189.31,0.0,20214938.94,69506765.53,0.5149935193915497,0.5692307692307692,487097.43999999994,0.004379982962339629,night,0.9213123262136279,1.4384330277358561,0.5501715076811217,34740472,25126606,-9613866,186275,4694,59867078,9613866,0.1605868587740327,0.30018567055209927,0.07358522905266406,0.2266004414994352,0.2780964392261955,0.05149599772676028,0.5609027039829028,0.16837495430959332,0.15300073724982738,0.14188923545192783,0.04689106576038158,directional_mismatch
2632,한강진,6호선,28,25,115464183.94,56718768.54,58745415.4,2026646.8599999999,4123720.855,1508997.97,23749737.43,587.8030435107142,135.7106799,1385.631959,0.06823958495832085,14443719.07,0.0,26174896.8,74845568.07,0.7827599231439899,0.8928571428571429,2026646.8599999999,0.01755216891372246,night,0.8775011415679319,1.051642493782548,0.00888189380468764,41477163,47275621,5798458,241869,6096,88752784,5798458,0.06533268860613994,0.3117375415966228,0.10909194315042116,0.20264559844620167,0.27772948743091197,0.07508388898471033,0.20553124233909156,0.06407180420808813,0.0024667638137916906,0.0747951363449805,0.014894981745123251,normal
232,구로디지털단지,2호선,37,36,290029165.87,145421329.16,144607836.71,-813492.4500000001,7838626.104594595,4831686.65,29068938.009999998,788.0629242648649,79.6034963,1863.433034,0.04471852346394862,57395164.96,0.0,68644110.06,163989890.85,0.9254494725679056,0.972972972972973,813492.4500000001,0.002804864288595832,night,0.9840525615343594,1.207537609841144,0.06547038154952715,269098378,258236256,-10862122,245492,6096,527334634,10862122,0.02059815779139589,0.7857419193668822,0.6482028915349056,0.13753902783197658,0.2764217352330825,0.13888270740110592,0.2764344006548513,0.2172060965495766,0.018097436474292284,0.16553618473323753,0.013980936588748391,normal
2539,신금호,5호선,14,14,110527048.83,55721128.78,54805920.05,-915208.73,7894789.202142857,8306399.715000001,15063168.94,384.4212347528572,61.63504264,746.4514147,0.016959495265102605,21235062.64,0.0,21086364.4,68205621.79,0.9305405940643137,1.0,915208.73,0.008280405020201605,night,0.9308762435170199,1.054153023283912,0.0,29990032,30651135,661103,243337,6096,60641167,661103,0.01090188452342944,0.2983315100437328,0.0745367500855659,0.22379475995816692,0.2760948488369536,0.05230008887878669,0.13352274752426066,0.03983404289410077,0.0,0.10950055076151492,0.0007820699387466542,normal
432,총신대입구(이수),4호선,16,16,129631965.36,64500541.730000004,65131423.63,630881.9,8101997.835,6033549.18,43516039.28,527.835345034375,79.48758675,945.1451389,0.01629775607149889,22292880.21,0.0,27490947.82,79848137.33,0.9334897166850507,1.0,630881.9,0.004866715537699228,night,0.9301060396326801,1.0115610450369732,0.0,85276430,89523957,4247527,244673,6096,174800387,4247527,0.024299299749261996,0.3502079744527673,0.2148628610749582,0.1353451133778091,0.2749612870905798,0.13961617371277074,0.1842993350649657,0.06454309682609351,0.0,0.10416266577147089,0.006805445955114224,normal
4128,삼성중앙,9호선(연장),12,12,108187856.52,53804297.879999995,54383558.64,579260.76,9015654.709999999,10728219.265,17991127.91,338.59353331666665,120.5474706,504.0677047,0.03705106891132665,19033984.259999998,0.0,24530056.05,64623816.21,0.9450869098514673,1.0,579260.76,0.005354212373113389,night,0.9499762427726581,0.9652548482585478,0.0,27237197,22253066,-4984131,240583,6096,49490263,4984131,0.10070932538790509,0.2919797928600931,0.06082990282140222,0.2311498900386909,0.2742186904346005,0.04306880039590961,0.1172971872276048,0.03424840842978761,0.0,0.11096492573287732,0.027841766146209652,normal
2621,마포구청,6호선,30,23,119860594.55,60148622.22,59711972.33,-436649.89,3995353.1516666664,1397531.0,23756802.35,680.12919865,134.2930551,1476.756658,0.012027281943928627,21112473.94,0.0,24425841.8,74322278.81,0.7045046513921294,0.7666666666666667,436649.89,0.003642981178587855,night,0.9263675380715297,1.091359194805362,0.011601874954991204,68081793,58914064,-9167729,243408,6096,126995857,9167729,0.07218919747909572,0.3236753188791895,0.15610086372970886,0.16757445514948063,0.27314932203415904,0.10557486688467844,0.2382198466160643,0.07710588481680622,0.0031690442782809367,0.10913045370213233,0.022186718419028778,normal
227,낙성대,2호선,46,34,149104979.81,74527040.35,74577939.46000001,50899.109999999986,3241412.6045652176,1722865.695,21963827.990000002,855.2390932452174,49.66914188,1998.651407,0.02684264996499828,28311992.36,0.0,30681849.259999998,90111138.19,0.6891184236532518,0.7391304347826086,50899.109999999986,0.0003413642526551373,night,0.9451361991504179,1.163510931721902,0.045947400138680865,135734105,127981332,-7752773,245012,6096,263715437,7752773,0.02939825248076016,0.4030839521868631,0.32415848498450633,0.07892546720235677,0.27242086892440237,0.1934954017220456,0.3002185082171018,0.12101326281179361,0.012517030670596648,0.1294260781922568,0.01171236534523651,subway_high_mobility_low
2821,복정,8호선,66,38,108702649.53,53750709.3,54951940.23,1201230.93,1647009.8413636363,13648.97,14619332.39,1083.193483221212,119.1321623,2573.445328,0.025148129407026803,21471989.27,0.0,19864937.66,67365722.6,0.5231139254940209,0.5757575757575758,1201230.93,0.011050613165307269,night,0.9274979791114017,1.2137805305436151,0.4599536235425558,32009029,26253333,-5755696,243814,6096,58262362,5755696,0.09878926638779252,0.2933776341549949,0.07161268968595803,0.22176494446903688,0.27236807267945273,0.050603128210415856,0.3809270662187043,0.11175548147284656,0.1252766819662165,0.12186606406020664,0.025740558506358244,outer_hidden_demand
2555,둔촌동,5호선,18,18,113708171.78999999,56898729.57,56809442.22,-89287.34999999998,6317120.654999999,3630521.255,17699697.71,416.5342759783333,48.78096481,792.3063309,0.06725439394528414,19497798.16,0.0,23499394.37,70710979.26,0.9126281398241711,1.0,89287.34999999998,0.0007852324823663404,night,0.9236085832570771,1.0954780115767015,0.0,47104855,46676377,-428478,242136,6096,93781232,428478,0.004568909907261615,0.30696936050259593,0.1152729818098688,0.19169637869272715,0.27158408699319314,0.079887708300466,0.14489255378518476,0.04447757457702615,0.0,0.10706693165289817,0.0011614730394682116,normal
2742,장승배기,7호선,20,20,112560313.86,56453996.59,56106317.27,-347679.32000000007,5628015.693,5234987.39,13651153.280000001,446.98596463,107.282668,844.1913303,0.04193129696505604,21706627.11,0.0,21930927.45,68922759.3,0.9333928848525073,1.0,347679.32000000007,0.0030888268527079253,night,0.9364149380987493,1.0547663402497158,0.0,46851861,45113596,-1738265,242285,6096,91965457,1738265,0.018901281597502418,0.30385252871959556,0.11304100576639405,0.19081152295320153,0.26950473326847035,0.07869321031526882,0.15567414864742277,0.04730198372278961,0.0,0.11049313343591832,0.004804654359469974,normal
228,서울대입구(관악구청),2호선,26,26,226481265.15,113508304.01,112972961.14,-535342.8699999999,8710817.890384616,5581815.975,28945254.83,522.7943231007692,39.77893302,938.9711844,0.02454690735414356,37599408.78,0.0,48726111.62,140155744.75,0.9192385788311325,1.0,535342.8699999999,0.0023637401956644794,night,0.9256537428835288,1.0814826241383813,0.0,233584461,222875148,-10709313,245922,6096,456459609,10709313,0.02346168815125108,0.6131873622824113,0.5610823188424332,0.05210504343997813,0.2691387751681208,0.2170337317281427,0.18251453236316817,0.11191560467797888,0.0,0.10608735427983822,0.01293699505645774,subway_high_mobility_low
2726,중곡,7호선,38,27,112011496.63,56358528.46,55652968.17,-705560.29,2947670.9639473683,721095.145,17846601.46,772.2427988042106,96.52979066,1858.502734,0.04078614402317424,21220886.42,0.0,22507309.68,68283300.53,0.6518004180861394,0.7105263157894737,705560.29,0.006298998863756188,night,0.9393512737404135,1.0586136949072475,0.09024775191953435,48230367,44361307,-3869060,240968,6096,92591674,3869060,0.041786262553153534,0.3023622998848109,0.1138107604672885,0.1885515394175224,0.2679502165982822,0.07939867718075984,0.2708331945825826,0.08188974759914018,0.02418190467434727,0.11213137354164299,0.010730010665744923,normal
2724,사가정,7호선,58,36,119710464.12,59890834.28,59819629.84,-71204.44,2063973.519310345,25636.8,16155500.91,1143.855300273793,59.61407268,2320.147165,0.029081197372684747,20838812.89,0.0,24897077.82,73974573.41,0.571399075324426,0.6206896551724138,71204.44,0.0005948054793992223,night,0.928374621720568,1.2301279062175865,0.056240392679884295,75955635,74677358,-1278277,243157,6096,150632993,1278277,0.008486035990800502,0.3232676627715913,0.18515596212480442,0.13811170064678688,0.26341272764728046,0.12530102700049361,0.4024047301522062,0.13008443660453659,0.014814435239762468,0.1200859177963708,0.002550979643812561,normal
4119,흑석(중앙대입구),9호선,32,20,102904220.32000001,50068701.61,52835518.71,2766817.1,3215756.8850000002,1081473.695,15236922.64,561.2439174909375,24.39120541,1045.499125,0.0289107067824071,17308550.17,0.0,19097954.92,66497715.23,0.5521300793965223,0.625,2766817.1,0.026887304440926352,night,0.8945625718438822,1.1204601759745099,0.028757529679517422,15353998,32200754,16846756,240741,6096,47554752,16846756,0.3542602009574143,0.2776328908545712,0.058450745610909814,0.2191821452436614,0.2614050413780092,0.042222896134347786,0.19612783158194513,0.0544515368591339,0.007517363235803579,0.08625416599793762,0.09088948364730694,directional_mismatch
4704,가오리,우이신설선,36,23,98729262.22,49718705.93,49010556.29,-708149.64,2742479.506111111,999783.97,13807966.65,1094.9061100608333,36.61957499,3030.264401,0.017197459675673696,17339835.24,0.0,19537006.8,61852420.18,0.5820876116476424,0.6388888888888888,708149.64,0.0071726418700670405,night,0.9190372298681491,1.135611665452984,0.020516771061109627,6803942,13159789,6355847,216392,5604,19963731,6355847,0.3183696975279821,0.2662964338256297,0.024535476435484004,0.24176095739014566,0.2597627239486475,0.01800176655850184,0.3850739888672931,0.10254382999437038,0.00532949233746462,0.10312287131316625,0.08287066613873877,directional_mismatch
4124,사평,9호선,11,11,97890337.08,49414805.94,48475531.14,-939274.8,8899121.552727273,6054512.49,36745010.519999996,330.0943555672727,37.82774844,554.7147497,0.015834484163796417,17956507.009999998,0.0,19460746.12,60473083.95,0.9286492246512797,1.0,939274.8,0.00959517382428039,night,0.9297855010203915,0.956653960652776,0.0,5540444,11326855,5786411,236871,6096,16867299,5786411,0.34305498467774836,0.2640184615508639,0.020729298883612975,0.24328916266725092,0.2585455439505844,0.015256381283333438,0.11428800464320654,0.03017414315961738,0.0,0.09244912950853178,0.08803954625057468,directional_mismatch
2552,명일,5호선,15,15,106375456.63,53014396.83,53361059.8,346662.96999999986,7091697.108666667,6184198.15,18205935.4,406.9955997466667,114.2783213,702.501383,0.031828714331718216,19701754.34,0.0,20423194.77,66250507.52,0.9338570992737073,1.0,346662.96999999986,0.0032588623445893063,night,0.9240723053531475,1.017147119982953,0.0,43027427,43579035,551608,241835,6096,86606462,551608,0.006369132132426793,0.2870584995248993,0.10645365410823102,0.1806048454166683,0.2565000733076479,0.07589522789097959,0.14151533080657466,0.04062317852110508,0.0,0.09416218214613134,0.0008928293784142559,normal
4131,삼전,9호선(연장),18,15,100590115.71000001,50470273.800000004,50119841.91,-350431.89,5588339.761666667,5021748.26,21190983.05,441.5641515038889,37.87358627,757.5872798,0.02228569655305977,18141460.62,0.0,20736425.18,61712229.910000004,0.7807194679221952,0.8333333333333334,350431.89,0.00348376068092307,night,0.9341942937388859,1.0483261573585243,0.0,24900790,20736309,-4164481,186110,4694,45637099,4164481,0.0912520973342324,0.2713492954642988,0.05609353970395686,0.21525575576034195,0.25612835298553144,0.040872597225189496,0.1537545246418984,0.0417211819360273,0.0,0.1030256816374098,0.02381587631494888,normal
2758,상동,7호선,15,14,102515787.97999999,50807334.440000005,51708453.54,901119.1,6834385.865333333,549938.1499999999,23364870.009999998,527.58619512,122.436499,881.3474426,0.08076299824566502,15504805.290000001,0.0,22494435.76,64516546.93,0.8404776186787493,0.9333333333333333,901119.1,0.00879005193010662,night,0.9099302562900846,1.0762828920768135,0.0,30855542,31962657,1107115,137005,3510,62818199,1107115,0.017624112400930182,0.27657816253740286,0.0772127882895713,0.19936537424783157,0.25522279142788373,0.055857417180052174,0.18421112211009547,0.05094877367216335,0.0,0.09039610773957092,0.0024433082127646847,normal
2741,상도,7호선,20,20,108277828.38,55934798.69,52343029.69,-3591769.0,5413891.419,4590158.695,14095844.49,473.51838381,133.5593127,1034.895247,0.057847700503681786,18374042.31,0.0,21659165.5,68244620.57,0.9152048818074938,1.0,3591769.0,0.03317178644731146,night,0.913838886038973,1.0224711243964628,0.000829826672221998,53613593,50928996,-2684597,241820,6096,104542589,2684597,0.025679457775816133,0.29222409761723644,0.1285009924495567,0.16372310516767974,0.2546730110557454,0.09094990588806569,0.16506810369490998,0.048236877647633486,0.00021133445726914533,0.08798254118200062,0.00218943898507947,normal
4118,노들,9호선,30,23,96622514.7,48635586.31,47986928.39,-648657.92,3220750.49,959652.52,46827652.70999999,593.2670423156667,60.52644937,1072.359699,0.05213822157806869,17353522.15,0.0,18747338.700000003,60521653.85,0.6889749915020726,0.7666666666666667,648657.92,0.006713320616980382,night,0.9195588175479691,0.8787191085394376,0.03763759824810273,8383860,13243603,4859743,238032,6096,21627463,4859743,0.22470240730500846,0.26057588474244026,0.026580559095374316,0.23399532564706593,0.25364963203921437,0.01965430639214844,0.20746580242594329,0.05406058502094048,0.009546762946471036,0.07817876068161005,0.05680269912792942,directional_mismatch
4108,증미,9호선,49,25,97890754.78999999,49611193.81,48279560.98,-1331632.83,1997770.505918367,1556.1399999999999,12815317.94,993.7100974081633,43.7001328,2040.039864,0.010496641901406324,20563342.97,0.0,19890508.43,57436903.39,0.47109924364207023,0.5102040816326531,1331632.83,0.013603254289505517,night,0.964410828630724,1.3204466487960866,0.10501504991000592,11726660,20356024,8629364,237061,6096,32082684,8629364,0.26897263333703625,0.2640195957781668,0.03943226307920169,0.2245873326989651,0.25360870561937765,0.029021372920412528,0.3492449607114019,0.09220751335458607,0.026632730878230943,0.15126936083532908,0.06742252023025051,directional_mismatch
2731,청담,7호선,24,21,120675629.21,60338745.2,60336884.01,-1861.1900000000023,5028151.217083333,4121131.1149999998,13916150.809999999,566.1378876458333,142.3269812,1110.588624,0.041183187164124925,20077353.61,0.0,25127073.04,75471202.56,0.7965807689420443,0.875,1861.1900000000023,1.542308096658983e-05,night,0.9186627367577447,0.985898513843301,0.0,86218337,95456532,9238195,245127,6096,181674869,9238195,0.05085015363352209,0.32588842022748515,0.22331307056418367,0.10257534966330148,0.2531132764451744,0.15053792678187292,0.19786056975885022,0.06448046850402182,0.0,0.08702558309082001,0.016566450032462186,normal
4130,종합운동장,9호선(연장),20,14,98464883.75,48489124.35,49975759.4,1486635.05,4923244.1875,3404189.12,19545346.27,657.171264821,72.53935562,1287.756359,0.01585593051552847,15612428.95,0.0,21225264.75,61627190.05,0.6309914908583583,0.7,1486635.05,0.015098124258944245,night,0.9160727503901331,0.8764115262575052,0.0,24170035,16919164,-7250871,240436,6096,41089199,7250871,0.1764665940555327,0.26557855472535025,0.05050319737182936,0.2150753573535209,0.25216598855833067,0.037090631204809814,0.23009145858971425,0.061107357026904084,0.0,0.07578316452127087,0.042856004986819296,normal
2743,신대방삼거리,7호선,18,18,112795367.11,56818710.28,55976656.83,-842053.45,6266409.283888889,6725246.680000001,17894012.86,472.55334457666663,92.42167308,1049.035988,0.024523941222552612,21530152.57,0.0,22945607.18,68319607.36,0.9425201927721467,1.0,842053.45,0.007465319468119775,night,0.9437463712912537,1.1912425126273993,0.09197755976876663,73382266,69092266,-4290000,243287,6096,142474532,4290000,0.030110644616821763,0.3044907796922552,0.17512746767828816,0.12936331201396703,0.25116608051336303,0.12180276849939599,0.1647264260244536,0.050157677896104466,0.0231016431823047,0.121236084329362,0.006895292710912903,normal
2647,화랑대(서울여대입구),6호선,32,24,106649946.97,53745033.19,52904913.78,-840119.41,3332810.8428125,1330922.0350000001,13811775.74,833.3473004346874,58.63974681,1866.058171,0.126704748815535,20942310.17,0.0,20472026.13,65235610.67,0.6679966712951244,0.75,840119.41,0.007877354221623013,night,0.9371288540111089,0.9339492629382848,0.02764720915266293,59503515,44532490,-14971025,242382,6096,104036005,14971025,0.1439023441932435,0.287803835853968,0.12787829230663833,0.15992554354732968,0.2509999728056625,0.09107442925833284,0.292467593527572,0.08417329528021437,0.006939448745470859,0.0914958525944715,0.03914851388582991,normal
2615,연신내,6호선,28,17,93006426.98,46072199.17,46934227.81,862028.64,3321658.1064285715,55266.075,35855265.92,1364.3432760182143,29.39810651,2853.29433,0.1204856316074373,13807522.21,0.0,19856532.65,59342372.120000005,0.4960756176850202,0.6071428571428571,862028.64,0.009268484641232049,night,0.8995464883328734,1.10664932723151,0.1079108886975974,3434,0,-3434,3046,2353,3434,3434,0.9999999999997088,0.2507569543319379,0.0,0.2507569543319379,0.2507569543319379,0.0,0.48046976141086517,0.12048113401998141,0.027059405789062265,0.08483400773886621,0.24843281735195719,directional_mismatch
4134,송파나루,9호선(연장),12,12,96112123.17,47016671.76,49095451.410000004,2078779.65,8009343.5975,5161608.715,26007761.759999998,334.48380005,160.4228195,544.1859536,0.04102466866101124,14171195.71,0.0,22727134.24,59213793.22,0.9153993456362098,1.0,2078779.65,0.02162869346173034,night,0.9216355729891867,0.9906197050227568,0.0,18116137,16995275,-1120862,183558,4694,35111412,1120862,0.0319230112420429,0.2591899949899705,0.04315521792669171,0.21603477706327875,0.24800459427176016,0.0319698172084814,0.1158421126148333,0.03002511658826624,0.0,0.08732147119529328,0.0026681841739043767,normal
207,상왕십리,2호선,13,13,108247930.53999999,54005971.63,54241958.91,235987.28,8326763.887692307,7927619.3100000005,19763594.009999998,376.6903818923077,120.9841276,634.0427481,0.07841491562265733,19524948.94,0.0,22604608.29,66118373.31,0.9334066615209119,1.0,235987.28,0.0021800627395162767,night,0.9371153227038573,1.0590191107653317,0.0,65946940,62455667,-3491273,243524,6096,128402607,3491273,0.027190047628861617,0.2921429146280184,0.15783006051849496,0.13431285410952343,0.24603398073222874,0.11172112662270532,0.1307855947694345,0.03820808484730151,0.0,0.10168793969303132,0.007306489880376046,normal
2612,역촌,6호선,15,15,95354378.32000001,47709999.83,47644378.49,-65621.34000000001,6356958.554666667,6923215.67,14192555.59,393.35125438,104.0439281,676.9668239,0.027835347552134484,15834062.879999999,0.0,19798800.93,59721514.510000005,0.9257393788640631,1.0,65621.34000000001,0.0006881838165813549,night,0.9175931527523473,1.085713156398354,0.0,17854712,19912413,2057701,238191,6096,37767125,2057701,0.05448391954643093,0.25713245531527845,0.04641965751548683,0.21071279779979163,0.245196454803427,0.03448365700363538,0.13668447214429805,0.03514601392593614,0.0,0.09219777081982518,0.013832629613708075,normal
2540,행당,5호선,13,13,99189997.65,49809881.72,49380115.93,-429765.79000000004,7629999.81923077,6813583.28,20088750.18,341.2130095,132.9619848,498.8748985,0.022298011756163305,19889922.17,0.0,19121928.45,60178147.03,0.9336376949108615,1.0,429765.79000000004,0.00433275330357869,night,0.9427447440704404,0.6444627101513601,0.0,39139369,34274021,-4865348,242573,6096,73413390,4865348,0.06627330518315527,0.26754749007069856,0.09023654535641015,0.1773109447142884,0.24340492884794027,0.06609398413365186,0.11822462778050943,0.03163070242721788,0.0,0.06320837365709665,0.016572039188974604,normal
240,신촌,2호선,10,10,163267181.77,77982985.43,85284196.34,7301210.91,16326718.177000001,14618099.56,36090453.46,349.06732810000005,136.9912839,600.1723984,0.07518227047020334,16481540.530000001,0.0,39121600.16,107664041.08,0.8650151538230457,1.0,7301210.91,0.04471940307198701,night,0.8484036662837056,0.8831836392946582,0.0,185315406,181252700,-4062706,245501,6096,366568106,4062706,0.011083086426509785,0.44153923487694136,0.4505864252389091,-0.009047190361967772,0.2425876494310173,0.25163483979298507,0.1210054942878749,0.05342867336377438,0.0,0.04083307539017875,0.014851753515722542,subway_high_mobility_low
4126,언주,9호선(연장),10,10,98711488.42,49017866.29,49693622.129999995,675755.84,9871148.842,10766376.36,16838576.71,313.548181959,95.30646909,544.1180498,0.011436202746066628,17594568.38,0.0,21097931.57,60018988.47,0.9344709516423926,1.0,675755.84,0.006845766899236469,night,0.9397114952471084,0.8287100937430688,0.0,41212608,31883594,-9329014,242447,6096,73096202,9329014,0.12762652155306237,0.2662481718035651,0.08984665342746649,0.17640151837609858,0.24232666458583363,0.06592514620973502,0.10842973706385219,0.028869219262391905,0.0,0.0795479996221514,0.032157655115636084,normal
2523,양평,5호선,21,17,97038861.95,48966417.94,48072444.01,-893973.9299999999,4620898.188095238,3715186.6900000004,12425791.129999999,467.06778255714283,144.4978354,918.6870047,0.03588224501524945,20227000.76,0.0,20421696.23,56390164.96,0.7769300084236838,0.8095238095238095,893973.9299999999,0.009212535184724514,night,0.9702797362158408,1.0808440306055935,0.0,31985695,30349238,-1636457,240292,6096,62334933,1636457,0.026252647131264264,0.2617064117071882,0.07661875095861022,0.18508766074857802,0.24165479332432366,0.05656713257574565,0.16278423135792072,0.04260167707119418,0.0,0.12143489169950743,0.004459506552617708,normal
2737,내방,7호선,21,20,106087718.5,53013621.17,53074097.33,60476.16000000002,5051796.119047619,3893202.81,19247323.98,478.00119376190474,142.1115044,865.1955643,0.017637043520826255,20304581.009999998,0.0,22408926.81,63374210.68,0.8984265724060849,0.9523809523809523,60476.16000000002,0.0005700580694456165,night,0.9526506170601292,1.0958731677227092,0.0,64051292,63166105,-885187,244229,6096,127217397,885187,0.006958065648835748,0.28627719085827275,0.156373183798369,0.12990400705990374,0.24151111507491127,0.11160710801500756,0.16665526824590443,0.04770960203516943,0.0,0.11254756749380156,0.0018287408650091617,normal
4115,여의도,9호선,6,6,102349764.59,51374603.45,50975161.14,-399442.30999999994,17058294.098333333,18727097.5,36041250.65,366.7055849333333,231.3164839,529.1476776,0.009220505857732125,22267428.209999997,0.0,25332828.48,54749507.9,0.981583792386343,1.0,399442.30999999994,0.0039027184048748375,night,1.0121055698964185,0.9118074267376738,0.0,37523560,65617021,28093461,239284,6096,103140581,28093461,0.27238028647521384,0.27612735153967477,0.12677762459353933,0.14934972694613544,0.2411205818261696,0.09177085488003418,0.12725042019094765,0.03513732150963713,0.0,0.12291605236828501,0.07413399981907547,directional_mismatch
2730,뚝섬유원지,7호선,46,26,99588489.38000001,49570097.71,50018391.67,448293.96,2164967.160434783,83678.035,15814398.33,701.2182564589131,92.65233291,1373.561595,0.01272996268949479,17083178.29,0.0,21201462.39,61303848.7,0.5102146230640063,0.5652173913043478,448293.96,0.004501463600772614,night,0.9304274281099119,0.9733063746803412,0.0,43368035,41656392,-1711643,240629,6096,85024427,1711643,0.020131191239900977,0.2686295331152823,0.10450899454416687,0.16412053857111544,0.2405553307045352,0.07643479213341973,0.24568654837841705,0.0659986627835994,0.0,0.08785189522893111,0.004198606438418076,normal
4123,고속터미널,9호선,12,11,100800660.32,49884471.12,50916189.2,1031718.08,8400055.026666665,7356771.4399999995,22386984.41,504.7568265666667,100.7047425,999.9926083,0.022497312018939026,13197643.34,0.0,22223976.37,65379040.61,0.8066344999139385,0.9166666666666666,1031718.08,0.01023523136380978,night,0.8803482225950092,0.9434274538751926,0.0,24278722,75188285,50909563,242582,6096,99467007,50909563,0.5118236140351544,0.27192099699201955,0.12226201601762453,0.149658980974395,0.23867538770225283,0.08901640672785781,0.17612825335630355,0.04789297025110908,0.0,0.05910635699787988,0.13639241309560665,directional_mismatch
4122,신반포,9호선,20,17,89297036.8,43415069.56,45881967.24,2466897.68,4464851.84,3789548.295,16191643.34,511.8351178,123.4190925,917.0204254,0.08889933739787038,17672212.79,0.0,16629292.01,54995532.0,0.7448660229222848,0.85,2466897.68,0.02762575073487769,night,0.9321286951203474,1.094253077206866,0.0,5794479,12202311,6407832,239234,6096,17996790,6407832,0.35605416299240034,0.24068467543190583,0.02211768502909925,0.21856699040280658,0.23536128758937194,0.016794297186565374,0.178634362927687,0.04299455366223562,0.0,0.0976223717585793,0.079047685806818,directional_mismatch
223,교대(법원.검찰청),2호선,12,11,139301573.28,69643102.15,69658471.13,15368.980000000021,11608464.44,10297410.280000001,32598918.6,403.8557134983333,95.88238498,628.3888053,0.006936129942836881,25073762.099999998,0.0,29999601.02,84228210.16,0.8646323004623007,0.9166666666666666,15368.980000000021,0.00011032883289198714,night,0.9435373051516313,1.08802099210618,0.0,150909017,170359470,19450453,245143,6096,321268487,19450453,0.06054267314428508,0.3764643085395197,0.39490349955343945,-0.018439191013919776,0.22779723564029755,0.24623642665421738,0.1404036360880885,0.05285695777633659,0.0,0.10031174071090622,0.02275062071461078,subway_high_mobility_low
247,도림천,2호선,21,19,84922454.67,42750572.15,42171882.519999996,-578689.63,4043926.4128571427,1334592.74,18395925.560000002,438.5984404952381,115.1143495,711.6698769,0.06932226120010528,17674199.85,0.0,16878643.42,50369611.4,0.8579367071409886,0.9047619047619048,578689.63,0.006814329993742278,night,0.9576176030723745,0.9348548909056702,0.0,5393063,5506834,113771,237784,6096,10899897,113771,0.010437805054488127,0.22880617003173892,0.013394084825823148,0.21541208520591576,0.2257415207816621,0.010329435575746322,0.15270449766508565,0.034939731257368864,0.0,0.09210121351107793,0.0008290734508547803,normal
2755,춘의,7호선,25,24,87380292.53,43945101.22,43435191.31,-509909.91000000003,3495211.7012,2348469.74,11970286.07,895.557572272,118.2052213,2046.22597,0.03444062648386779,18805097.37,0.0,19007084.85,49568110.31,0.9478143213497815,0.96,509909.91000000003,0.005835525325403715,night,0.9840097704505415,1.4400814145793612,0.31669252538264536,20663803,20092655,-571148,136453,3490,40756458,571148,0.014013680972963844,0.23548005097056696,0.05009418747760687,0.1853858634929601,0.22368386915001096,0.03829800565705086,0.3144934967506069,0.07405694464474474,0.07083900940847816,0.15971931507134368,0.0019257925087326894,normal
235,문래,2호선,15,15,105988303.36,52140095.9,53848207.46,1708111.56,7065886.890666666,5404037.59,19556451.53,392.6539153733333,126.4299252,667.9990491,0.017793063436458142,21439696.16,0.0,25079428.86,59469178.339999996,0.9714217256203617,1.0,1708111.56,0.01611603833489273,night,0.9885471513017221,0.9779792119811886,0.0,90480016,87460049,-3019967,243505,6096,177940065,3019967,0.016971821382666123,0.28600724432572283,0.21872219721529756,0.06728504711042527,0.2234511114273083,0.156166064316883,0.1364375752730763,0.03902213492633593,0.0,0.11058670305756008,0.0002447601512343362,normal
2734,논현,7호선,10,10,104117075.17,50968065.839999996,53149009.33,2180943.49,10411707.517,10136054.995,19911300.7,302.29924595299997,79.65204553,484.4220731,0.020572285516888975,17296369.33,0.0,24021924.62,62798781.22,0.9369766647554437,1.0,2180943.49,0.02094702993182439,night,0.9415024067941069,0.6018190998236068,0.0,84108384,88929024,4820640,243660,6096,173037408,4820640,0.027858947124311986,0.28092621178379645,0.212695782613613,0.06823042917018346,0.22117439131176428,0.15294396214158082,0.10444698681196113,0.029341896337316386,0.0,0.05326276654201275,0.001941738713048834,normal
4113,당산,9호선,13,11,92332063.1,46197724.71,46134338.39,-63386.32000000005,7102466.392307692,6902306.949999999,17350231.25,431.21642007692304,115.264223,694.2684799,0.01393123518151,19168481.7,0.0,20337434.26,52826147.14,0.8150790006214902,0.8461538461538461,63386.32000000005,0.0006865038846944172,night,0.9790926914481635,0.9749532642282993,0.0,32741740,59966254,27224514,241287,6096,92707994,27224514,0.29365875395815383,0.2489258228656148,0.11395374263929604,0.13497208022631874,0.22055979371051154,0.08558771348419278,0.15009085103532196,0.03736148859856793,0.0,0.10424169947087804,0.07292835842632656,directional_mismatch
158,청량리(서울시립대입구),1호선,11,11,99994100.51,49980631.36,50013469.15,32837.79000000001,9090372.773636363,7723327.5600000005,29526603.17,362.8742512090909,147.3113777,651.5213198,0.006195660645525888,13878549.46,0.0,19740477.48,66375073.57,0.8695094621669455,1.0,32837.79000000001,0.00032839727376432606,night,0.8663956381686448,0.9037834996697356,0.0,74072414,75969978,1897564,245558,6096,150042392,1897564,0.012646852497526166,0.2697309077963133,0.1844299871095893,0.08530092068672401,0.2199844399483814,0.13468351926165742,0.1258939145314643,0.03395747985260335,0.0,0.045944165866852855,0.0033226681101535187,normal
315,무악재,3호선,57,32,84474111.95,42654081.78,41820030.17,-834051.61,1482001.9640350877,10510.08,14283831.39,973.9395951701755,117.403186,2468.297346,0.01595878536523844,15573541.66,0.0,15885064.61,53015505.68,0.4930620524657211,0.5614035087719298,834051.61,0.009873458160692744,night,0.9183368364345978,1.2254268047280092,0.40237907668232076,18764645,19049926,285281,239810,6096,37814571,285281,0.007544208289444828,0.2275887642859139,0.04647797880273812,0.18111078548317577,0.21701089852369185,0.03590011304051605,0.34224510110455914,0.07789113964329428,0.08732064497796393,0.0925452631175618,0.0005301110999104372,outer_hidden_demand
2537,동대문역사문화공원,5호선,5,5,83250500.50999999,41903509.97,41346990.54,-556519.4299999999,16650100.101999998,15935516.19,33157644.11,223.278270962,84.04919031,363.5961847,0.009377919518912366,14818549.559999999,0.0,18636859.14,49795091.81,0.9521924488175614,1.0,556519.4299999999,0.00668487788770893,night,0.9496884594471369,0.5934185678793076,0.0,13104825,15156056,2051231,237799,6096,28260881,2051231,0.07258199063220995,0.22426623548983293,0.034734449341882946,0.18953178614795,0.21647647129411654,0.026944685146166554,0.07646915780820328,0.017149450152723712,0.0,0.05377085147266912,0.014778497404858338,normal
4112,선유도,9호선,30,18,83771774.48,41794027.26,41977747.22,183719.96,2792392.4826666666,196458.18,17588028.7,575.617652989,62.07043317,1225.025998,0.0554216093635871,17244135.64,0.0,18548338.19,47979300.65,0.5746404175336265,0.6,183719.96,0.0021931009715433687,night,0.9783993899056898,1.0494642029358443,0.0,12509477,22518159,10008682,238739,6096,35027636,10008682,0.28573672513897314,0.22568167483549031,0.04305223929496799,0.18262943554052233,0.21596557336598365,0.033336137825461305,0.2012169349998141,0.045410974896022034,0.0,0.10951739659781205,0.06399059999103036,directional_mismatch
242,아현,2호선,13,13,90603253.94,45641305.53,44961948.410000004,-679357.1200000001,6969481.072307692,6342888.42,18642027.560000002,440.7637379076923,132.7230502,913.2674244,0.0242726254194239,17681141.52,0.0,17352157.759999998,55569954.66,0.9333443739887577,1.0,679357.1200000001,0.007498153658475548,night,0.9352340537618975,1.0771953445747875,0.0,50586095,46955270,-3630825,244074,6096,97541365,3630825,0.03722343848684094,0.24423150730982982,0.11989498992005804,0.12433651738977178,0.21494937320275717,0.09061285581298541,0.15347113362161266,0.03748248629295476,0.0,0.08938468586854131,0.007259851118845696,normal
4104,신방화,9호선,16,16,82260342.51,41491950.67,40768391.84,-723558.83,5141271.406875,4846318.37,11487143.75,412.3926949375,115.3876553,795.5754178,0.027980191094704697,15345351.57,0.0,16434723.41,50480267.53,0.9321753445713369,1.0,723558.83,0.00879596179546712,night,0.9346407807834942,0.8678048500767551,0.0,12021756,20296116,8274360,238324,6096,32317872,8274360,0.2560304713132102,0.22157761362824765,0.03972135946047841,0.18185625416776924,0.21277624958892505,0.030919995421155783,0.14342620328547456,0.03178003585575539,0.0,0.07103505335674334,0.054781632625491794,directional_mismatch
233,대림(구로구청),2호선,17,17,110737251.13,55339145.93,55398105.199999996,58959.27000000002,6513955.948823529,6114658.1,20900365.16,521.4681988705881,156.3201388,905.2708106,0.014879774412663693,18853324.25,0.0,22921125.58,68962801.3,0.922155614695126,1.0,58959.27000000002,0.0005324249012717932,night,0.922387549805735,0.9787627851260674,0.0,117881330,116758849,-1122481,245587,6096,234640179,1122481,0.00478383968501831,0.2989022820812617,0.28841877091539114,0.01048351116587054,0.21269325325957864,0.2022097420937081,0.1820450104804785,0.05441366907412222,0.0,0.0743445048390971,0.0012707575809358476,subway_high_mobility_low
2814,몽촌토성(평화의문),8호선,10,10,84518347.45,42457123.74,42061223.71,-395900.03,8451834.745000001,6749649.3549999995,29424079.43,375.79368299,153.5483978,707.8194433,0.010490078683213147,14865437.57,0.0,17474152.6,52178757.28,0.9065967066322214,1.0,395900.03,0.004684190379304441,night,0.9293142566203025,1.008723729478795,0.0,30877115,31443294,566179,242385,6096,62320409,566179,0.00908496925942832,0.22770887898716174,0.07660089785453321,0.15110798113262852,0.21026617440729592,0.05915819327466737,0.1304681133847834,0.02970874784241894,0.0,0.07905298639438449,0.0010020964254633855,normal
421,동대문,4호선,6,6,98425519.35,48684274.28,49741245.07,1056970.79,16404253.225,8674173.97,43699557.51,341.48019658333334,123.5915484,681.89324,0.014488509165536926,12704442.07,0.0,20749329.93,64971747.35,0.8855145464639049,1.0,1056970.79,0.010738788039730066,night,0.8666304071281883,0.9070286360477784,0.0,84838307,85646864,808557,245324,6096,170485171,808557,0.004742682282906588,0.26547166674746364,0.20955853717226158,0.05591312957520206,0.20983981260318305,0.15392668302798096,0.11831922689840647,0.0314104023729913,0.0,0.04408338371031936,0.0015917961892579905,normal
2727,군자(능동),7호선,13,13,90741639.41,45322884.76,45418754.65,95869.89000000004,6980126.108461538,7401708.26,19935145.24,441.2563974069231,55.15780319,722.3165598,0.015674805686949907,15039789.19,0.0,19821027.52,55880822.7,0.9214780867686572,1.0,95869.89000000004,0.0010565148549590223,night,0.9287380248289594,1.0771830144475394,0.0,68275753,51463123,-16812630,244738,6096,119738876,16812630,0.14041078855625805,0.24460727178374989,0.147180481116251,0.09742679066749887,0.208605855838084,0.11117906517058514,0.15364556254036654,0.03758282187467858,0.0,0.08346004143471993,0.03408706870148072,normal
214,강변(동서울터미널),2호선,36,25,137671871.79,68860789.23,68811082.56,-49706.67000000001,3824218.660833333,191856.26499999998,35178558.33,650.637264775,138.5104834,1256.492357,0.008266600466304995,22841944.16,0.0,29026824.93,85803102.7,0.6225976207346507,0.6944444444444444,49706.67000000001,0.0003610517482890106,night,0.9209167800294775,1.1264709897728584,0.006950499020305358,182982032,176882351,-6099681,245188,6096,359864383,6099681,0.01694994361250805,0.3720391046287578,0.44234611510241606,-0.07030701047365828,0.20746905203004548,0.27777606250370374,0.22777805843211868,0.0847423449131623,0.0014420134428785125,0.08268870324590796,0.006171716475947335,subway_high_mobility_low
2713,수락산,7호선,50,23,89803727.23,44957110.48,44846616.75,-110493.72999999997,1796074.5446000001,0.0,13053655.16,887.0023884551999,90.71981656,2035.574681,0.01396374718221178,15417739.33,0.0,18204346.13,56181641.77,0.3883450397958634,0.46,110493.72999999997,0.0012303913591137476,night,0.9194771396712395,1.1014502973178482,0.014095858257174033,61909924,60005843,-1904081,244670,6096,121915767,1904081,0.015618004519464657,0.2420605154161852,0.149856346001083,0.0922041694151022,0.20578621106477687,0.11358204164967466,0.311464484897116,0.07539325374803252,0.0029007332624499936,0.07946171721665732,0.00348267305720323,normal
2736,고속터미널,7호선,11,11,93693814.26,47391863.08,46301951.18,-1089911.9,8517619.478181819,9394650.21,15131052.5,441.8136178818182,184.4770523,744.0924129,0.017131730273792646,17510026.43,0.0,17458384.96,58725402.870000005,0.917064557601589,1.0,1089911.9,0.011632698578963796,night,0.9193432667383025,0.9099222420657839,0.0,86324156,68783121,-17541035,244210,6096,155107277,17541035,0.11308969726803984,0.25262344883926263,0.19065581463940692,0.06196763419985571,0.20445931940379647,0.14249168520394076,0.15384284964250344,0.038864311255949344,0.0,0.06516501354036389,0.025630416917714942,normal
336,학여울,3호선,17,14,77566824.15,38761009.18,38805814.97,44805.790000000066,4562754.361764707,3770244.8600000003,13878373.350000001,472.5369340235294,143.4438324,859.3916899,0.021337599474390692,15165988.77,0.0,14962132.21,47438703.17,0.7608686137014822,0.8235294117647058,44805.790000000066,0.0005776411563963724,night,0.9372537290763558,1.0668926570495174,0.0,11336509,11202326,-134183,237327,6096,22538835,134183,0.00595341329753734,0.20883308591605618,0.02770083031328054,0.18113225560277563,0.20304823603929678,0.02191598043652113,0.16472061577407912,0.034399114506093946,0.0,0.08461299277851436,0.001122639085416033,normal
2531,애오개,5호선,13,13,80682684.52,40384411.35,40298273.17,-86138.17999999998,6206360.347692307,4592600.029999999,26748184.25,413.53630523076924,102.4921333,830.1282385,0.023589847953645438,16623254.780000001,0.0,16009613.45,48049816.29,0.9470550536591781,1.0,86138.17999999998,0.0010676166827176857,night,0.9550567721609964,0.8008565309842182,0.0,31471586,29774596,-1696990,242015,6096,61246182,1696990,0.027707686333819145,0.21729372584264295,0.07528044299131846,0.14201328285132447,0.20093575790197468,0.058922475050650194,0.14383110506295413,0.03125359671119393,0.0,0.06930222737429335,0.0057887199911953536,normal
4705,화계,우이신설선,43,21,75904011.81,38397282.83,37506728.980000004,-890553.85,1765209.5769767442,0.0,11162734.23,1385.7856106441861,120.7524642,3805.568157,0.03329024394491446,14020964.549999999,0.0,13952794.459999999,47930252.8,0.42481373343142864,0.4883720930232558,890553.85,0.01173263215953855,night,0.9136269702966238,1.1524570440701227,0.030223791013082695,5651629,10000087,4348458,217296,5604,15651716,4348458,0.2778262779621097,0.20431797458126127,0.019235087246788386,0.1850828873344729,0.20038790051410363,0.015305013179630733,0.48806154285465425,0.0997197459070684,0.006056482026688674,0.07791932813473001,0.054367714759324864,directional_mismatch
332,양재(서초구청),3호선,17,16,133145229.05,66222369.84,66922859.21,700489.3700000001,7832072.2970588235,7744810.1,18877108.41,560.7284378941176,170.7839276,853.3725716,0.04805101250172086,26279744.27,0.0,29545142.96,77320341.82000001,0.9112466667490584,0.9411764705882353,700489.3700000001,0.005261092530299718,night,0.9699617287148123,1.0622807890698673,0.0,177428627,183744463,6315836,244733,6096,361173090,6315836,0.017487006022514025,0.3597477020138716,0.44395479606339844,-0.08420709404952686,0.20003598433202696,0.2842430783815539,0.19594532307687548,0.0704908796972716,0.0,0.09864233013543447,0.004398244283844484,subway_high_mobility_low
2527,여의도,5호선,5,5,103155100.96,51188926.73,51966174.230000004,777247.5,20631020.191999998,24429381.869999997,31650106.939999998,271.48459543999996,31.5132265,492.5278128,0.1515607157172933,23735313.5,0.0,25976853.85,53442933.61,1.0020157147494546,1.0,777247.5,0.007534746151830048,night,1.0260421707704737,0.6892355673782729,0.0,114295047,117181468,2886421,242401,6096,231476515,2886421,0.012469606257896185,0.27831411867210387,0.2845299508481452,-0.006215832176041325,0.19912541616598534,0.20534124834202663,0.09353688322286387,0.026032635217506855,0.0,0.08103556051566764,0.001373441241189922,subway_high_mobility_low
4708,솔샘,우이신설선,51,18,76139489.93,38385373.410000004,37754116.519999996,-631256.89,1492931.1750980394,0.0,19715876.85,1508.6104886294117,112.3676656,3725.440251,0.03005828122965786,15034207.07,0.0,14303567.63,46801715.230000004,0.3159503048089046,0.35294117647058826,631256.89,0.00829079483695459,night,0.9335680596608102,1.016901214083497,0.005999762677947848,9227011,18987690,9760679,217720,5604,28214701,9760679,0.3459430245246973,0.2049573792231033,0.03467768423955052,0.17027969498355278,0.1978499319438387,0.02757023696028593,0.531548394719864,0.10894476591203098,0.0011870526375111652,0.0769143959764149,0.06920431608563705,directional_mismatch
219,삼성(무역센터),2호선,11,11,181500432.71,89711231.53999999,91789201.17,2077969.63,16500039.337272728,10189265.83,37161511.65,469.0533608445454,32.72976459,769.9431051,0.02805913620577084,34057058.6,0.0,42701315.27,104742058.84,0.9626121040423091,1.0,2077969.63,0.01144884118992798,night,0.9716654480995877,0.9466360326931779,0.0,244952948,242750414,-2202534,245614,6096,487703362,2202534,0.004516134543275919,0.49104882535144656,0.5994875773156705,-0.10843875196422392,0.19667115469780208,0.305109906662026,0.1634872367283917,0.0802802155554306,0.0,0.08713902781663808,0.003404297455344661,subway_high_mobility_low
2751,천왕,7호선,64,36,81644003.02,41182364.769999996,40461638.25,-720726.52,1275687.5471875,2914.94,11916730.55,1100.97942470625,151.5519708,2778.424538,0.01962232720739344,16331417.350000001,0.0,15228365.51,50084220.16,0.5269840728948618,0.5625,720726.52,0.008827672496943181,night,0.9348838594130636,1.1480108598972654,0.030999248767604095,45229671,41883647,-3346024,244085,6096,87113318,3346024,0.03841001670950015,0.2199040384746132,0.10707668859735629,0.11282734987725691,0.19635744222556598,0.08353009234830909,0.38722428071897985,0.08515218312553097,0.006086933198920768,0.08684365811446003,0.006505276959887379,normal
2530,공덕,5호선,9,9,86103798.05,43308340.13,42795457.92,-512882.21,9567088.672222221,9338566.15,24681481.759999998,384.34049094777777,93.97262413,651.9426622,0.023101118276450804,16666675.82,0.0,18922256.04,50514866.19,0.9508994211979134,1.0,512882.21,0.005956557336787538,night,0.9637112280147015,1.0601492516207687,0.0,63089625,62199732,-889893,242086,6096,125289357,889893,0.0071027022670409265,0.2320139264074962,0.15400321004564027,0.07801071636185594,0.19628303696544883,0.11827232060359291,0.1334941597173919,0.030972504148501508,0.0,0.0936696807481572,0.0002659215855001345,normal
209,한양대,2호선,14,14,82088040.33,44552377.11,37535663.22,-7016713.89,5863431.452142857,4198276.7,17703949.89,363.9923213,136.9134509,694.2611215,0.1121869009374622,10149637.74,0.0,17362311.07,54576091.519999996,0.868122996302639,1.0,7016713.89,0.08547790715666119,night,0.8584233468440368,0.6190152689816406,0.0,45960657,49156987,3196330,242469,6096,95117644,3196330,0.03360396521175398,0.22110975354132534,0.1169157181446086,0.10419403539671673,0.19525854791726388,0.09106451252054713,0.12628977365394708,0.027923900727414002,0.0,0.025761897315102242,0.011469834518655452,normal
4137,둔촌오륜,9호선(연장),42,37,72897256.17,36442503.690000005,36454752.48,12248.790000000034,1735648.9564285714,189444.41999999998,17106194.46,870.1238809166666,154.5533469,1847.026178,0.06835517743298779,14097078.71,0.0,13392948.36,45407229.1,0.8093034981521273,0.8809523809523809,12248.790000000034,0.0001680281349881709,night,0.9238963872188827,1.2305962569514128,0.15003438695270166,5241976,4424700,-817276,182638,4694,9666676,817276,0.08454571147310615,0.19615359177957817,0.0118781923125382,0.18427539946703997,0.19382364169362523,0.009548242226585258,0.3054885525854037,0.05992267683717147,0.029080211258443168,0.08599056966385843,0.016550985652811708,normal
206,신당,2호선,11,11,86714066.8,43305867.79,43408199.01,102331.22,7883096.981818181,8205423.37,13253811.14,380.4594625090909,64.7984454,619.2011376,0.032394111643010176,15086412.0,0.0,17965921.08,53661733.72,0.9295408298281459,1.0,102331.22,0.0011800994207320466,night,0.9273862270312798,1.0442466024149653,0.0,69079085,70740933,1661848,243761,6096,139820018,1661848,0.01188562284407659,0.23367101739973417,0.17186450191707417,0.06180651548266,0.19351126438187288,0.13170474889921288,0.13212005935949742,0.030872628689447033,0.0,0.07443878511901124,0.0025015705501296045,normal
433,사당,4호선,9,9,98133101.92999999,47058413.42,51074688.51,4016275.0900000003,10903677.992222222,5062641.68,39596304.519999996,400.65684662666666,52.68781614,706.7510066,0.049903749292005514,11675245.709999999,0.0,24836116.45,61621739.77,0.9316615324701709,1.0,4016275.0900000003,0.040926812777862434,night,0.8932110451404027,0.7862136844003409,0.0,121473968,98074604,-23399364,246031,6096,219548572,23399364,0.10657944065334207,0.2646776521880495,0.26986795636979166,-0.005190304181742156,0.19324963509530607,0.19843993927704823,0.13927105894193878,0.03686193689849582,0.0,0.04428117204506246,0.017376783406057642,subway_high_mobility_low
210,뚝섬,2호선,12,12,94463480.91,47326714.54,47136766.37,-189948.17000000004,7871956.7425,7531972.525,18997183.38,394.1728354,109.6212707,798.682145,0.01744988140285522,16766246.64,0.0,23160564.35,54536669.92,0.9573326974810801,1.0,189948.17000000004,0.002010810613479012,night,0.9686671782368446,0.8866798592841351,0.0,97344725,100959230,3614505,244346,6096,198303955,3614505,0.01822709486555626,0.2547133603294724,0.24375377581504426,0.010959584514428133,0.19262601699862558,0.18166643248419745,0.13697535761227553,0.034889453619753874,0.0,0.07878850389585824,0.004130504253904501,normal
328,잠원,3호선,23,17,75874352.13,37945830.91,37928521.22,-17309.689999999944,3298884.875217391,586182.8400000001,17042957.08,559.4643592260869,100.4421566,1065.318602,0.07181871339250531,14051726.07,0.0,14312519.82,47510106.239999995,0.6549122250584369,0.7391304347826086,17309.689999999944,0.0002281362478106203,night,0.920068239701409,0.8382915628261601,0.0,26794053,24993113,-1800940,242299,6096,51787166,1800940,0.03477579754026316,0.20423743827891797,0.06365328813631475,0.14058415014260323,0.1912370537719272,0.05065290362932399,0.1954977687810004,0.03992796348507574,0.0,0.05641428722144714,0.0070559258408982375,normal
2613,불광,6호선,6,6,74999090.47,37598010.75,37401079.72,-196931.03,12499848.411666667,11968948.475,21539365.060000002,355.4189930333334,145.5669785,533.2765726,0.011818422788200009,13362171.58,0.0,14830669.0,46806249.89,0.9203785274088344,1.0,196931.03,0.0026257789096625563,night,0.9220760259439947,0.7254993881404612,0.0,24354651,22780287,-1574364,242323,6096,47134938,1574364,0.033401210796119005,0.2018607997690201,0.057934704366418996,0.1439260954026011,0.19016605401123302,0.04623995860863192,0.12325433765400907,0.024880219173839122,0.0,0.04917384324715566,0.006212353293837102,normal
2520,신정(은행정),5호선,14,14,82341978.2,41339793.99,41002184.21,-337609.78,5881569.871428572,7103234.82,10583663.030000001,418.0629454571429,119.9137539,919.0883135,0.01071907737345314,15092160.6,0.0,16250839.450000001,50998978.15,0.9293468079215713,1.0,337609.78,0.004100093140584762,night,0.9279609634228068,1.0062999252754492,0.0,67768777,52325893,-15442884,243732,6096,120094670,15442884,0.12858925379452726,0.22179928279702638,0.14761782808072185,0.07418145471630452,0.18905775440066752,0.11487629968436301,0.14543378797378176,0.03225710986703959,0.0,0.0703290007432329,0.02761160654904824,normal
316,독립문,3호선,33,26,76282015.39,38522479.64,37759535.75,-762943.89,2311576.223939394,102167.94,14672583.85,596.1949152090909,63.0570279,1281.547516,0.036250350872329765,14342192.53,0.0,13651336.8,48288486.06,0.7051740417982378,0.7878787878787878,762943.89,0.010001622087452297,night,0.9115809681437153,1.089411973146095,0.0010911030545597126,35674845,35171058,-503787,244537,6096,70845903,503787,0.007111025178124979,0.20534438520355136,0.08708055440162067,0.11826383080193069,0.18746288229676616,0.06919905149483546,0.20850243260123905,0.04281480383594634,0.00020454132349056943,0.06796533973669981,0.0005935678452171038,normal
337,대청,3호선,23,18,78071040.63,39013462.73,39057577.9,44115.17000000002,3394393.070869565,569709.31,14607552.370000001,516.1882287547826,45.93547906,1043.603725,0.14437525264535905,14712256.85,0.0,15515646.46,47843137.32,0.6787994100072828,0.782608695652174,44115.17000000002,0.0005650644546813955,night,0.9357111792573313,1.2207721367554423,0.06722988636561228,47103008,42739599,-4363409,243248,6096,89842607,4363409,0.048567257181216926,0.21020220826935695,0.11043156883511657,0.09977063943424039,0.18698924863756597,0.08721860920332557,0.18017560680554556,0.037873310426797056,0.012571265937494781,0.08836703494626161,0.010090166912889033,normal
224,서초,2호선,18,14,91317917.89,45441625.76,45876292.13,434666.37000000005,5073217.6605555555,3592384.32,15637671.7,452.4408691722222,170.4986699,733.4344836,0.017749596942920925,19013459.53,0.0,19297698.740000002,53006759.62,0.7565432261452004,0.7777777777777778,434666.37000000005,0.004759924230024514,night,0.9709304877517785,1.0704760376052196,0.0,100575187,95039827,-5535360,244544,6096,195615014,5535360,0.028297214445921825,0.24617206742211184,0.2404484919035921,0.005723575518519736,0.18698036506167565,0.1812567895431559,0.15760548885844267,0.038798069029355446,0.0,0.09335211578673554,0.005794223393961686,normal
2715,노원,7호선,13,10,91459464.64999999,45497151.41,45962313.239999995,465161.83,7035343.434615384,3593315.0599999996,36358464.04,418.8336051230769,131.3931389,688.5333499,0.08369381138435071,15421062.219999999,0.0,18072237.16,57966165.269999996,0.680653788010647,0.7692307692307693,465161.83,0.00508598898736283,night,0.9095957302402591,1.0078009668646684,0.0,97592553,102599814,5007261,245385,6096,200192367,5007261,0.02501224734507485,0.2465564158931362,0.24607503827554197,0.0004813776175942308,0.18588503641515225,0.18540365879755805,0.1457066444445612,0.03592490802606655,0.0,0.06150750930052284,0.004912946842838125,normal
2511,방화,5호선,82,24,73761149.69,36984359.239999995,36776790.45,-207568.78999999998,899526.2157317073,0.0,13542232.62,1246.1235074707317,68.7906817,2292.533496,0.0335253863779164,14086450.379999999,0.0,14032111.07,45642588.24,0.25606236831550155,0.2926829268292683,207568.78999999998,0.0028140666309074717,night,0.9288884735006533,1.250421353943283,0.08590554155718447,31831877,28170740,-3661137,242187,6096,60002617,3661137,0.061016288672875715,0.19849936185259062,0.07375183548845954,0.12474752636413108,0.18385966957267416,0.05911214320854307,0.4386133749304148,0.0870644750236984,0.015794564485165564,0.08546755266910519,0.011553103933733481,normal
212,건대입구,2호선,12,12,135515272.23,66835133.77,68680138.46,1845004.69,11292939.3525,11606836.7,35395524.16,418.4018181458334,73.68074095,619.2008242,0.019817384231238074,17277790.74,0.0,31282216.12,86955265.36999999,0.8998157868902678,1.0,1845004.69,0.013614736255472451,night,0.8857190392100751,1.0942728363519538,0.0,194951879,210488032,15536153,247271,6096,405439911,15536153,0.03831924923641768,0.3661831899932134,0.4983681919922911,-0.13218500199907768,0.18368913565832604,0.3158741376574037,0.14555376779103035,0.05329934300525094,0.0,0.05519279850773135,0.009046377370591272,subway_high_mobility_low
157,제기동,1호선,11,11,80682427.6,40573477.6,40108950.0,-464527.60000000003,7334766.145454545,6377923.039999999,16373424.33,337.7532525109091,99.81785772,613.2102503,0.08907048898595409,14503888.82,0.0,15053615.41,51124923.37,0.898166368278386,1.0,464527.60000000003,0.005757481694812069,night,0.910847840018392,1.0308443036907944,0.0,63334618,63335486,868,244498,6096,126670104,868,6.8524456252124024e-06,0.2172930282158716,0.15570044358288998,0.06159258463298162,0.18346040733519098,0.12186782270220935,0.11699968099332582,0.025423214983330722,0.0,0.06262627415571002,0.0012495716437025762,normal
4117,노량진,9호선,10,10,80110889.5,40082103.56,40028785.94,-53317.62000000011,8011088.95,6558905.445,15718603.7,405.16620957599997,55.92738876,735.4068549,0.022368182582166437,14096631.26,0.0,17228700.24,48785558.0,0.9375749158006501,1.0,53317.62000000011,0.0006655477218237617,night,0.9382840249743583,1.02495090418156,0.0,42447292,84567114,42119822,244431,6096,127014406,42119822,0.33161452567829197,0.21574110435080265,0.15612366442011952,0.059617439930683136,0.18205881257351195,0.12244137264282882,0.14086762473382755,0.030390936927350398,0.0,0.0733167074763589,0.0713992979880979,directional_mismatch
2628,효창공원앞,6호선,10,9,73151698.37,37441227.75,35710470.620000005,-1730757.13,7315169.837,8009459.26,12834426.18,447.54986462,117.3309679,667.4002336,0.02769983916062374,14051296.25,0.0,14172560.399999999,44927841.72,0.8402379578184446,0.9,1730757.13,0.023659835226871435,night,0.934275450692966,1.0326359924849295,0.0,34507076,31166970,-3340106,241251,6096,65674046,3340106,0.05085884308087246,0.1968444904658786,0.08072323539222953,0.11612125507364907,0.180954566326338,0.06483331125268893,0.15587380067015771,0.03068289886989712,0.0,0.0717323311680373,0.005353974842198263,normal
4703,4.19민주묘지,우이신설선,97,24,68407012.76,34527082.47,33879930.29,-647152.18,705226.9356701032,0.0,14426919.280000001,2218.1535453659794,101.950137,4227.910221,0.01518846478483359,11312877.43,0.0,12957460.1,44136675.230000004,0.20055024411904093,0.24742268041237114,647152.18,0.009460319255139479,night,0.895472082235979,1.056055959765651,0.008083548275087697,5170053,9808903,4638850,216084,5604,14978956,4638850,0.30969114269378983,0.18396102595072517,0.018408121238880977,0.1655529047118442,0.18057464908179527,0.0150217443699511,0.7827661798008543,0.14399846951569495,0.0014596838931097123,0.05654864151331548,0.05523077030180515,directional_mismatch
2720,먹골,7호선,19,16,75466216.05,37959272.53,37506943.52,-452329.01,3971906.107894737,2003259.57,13860154.02,461.5759800473684,105.573754,931.7643761,0.03740730353507891,13367178.81,0.0,15365620.35,46733416.89,0.782694200787451,0.8421052631578947,452329.01,0.005993794755792582,night,0.9274091728060525,0.8124843124057866,0.0,49065465,47523154,-1542311,242674,6096,96588619,1542311,0.015967833643009223,0.2031292074842471,0.11872386120228386,0.08440534628196324,0.17901292364875743,0.09460757736679418,0.16083982721005521,0.03267126663308176,0.0,0.05358586108445054,0.0020260186145773782,normal
2630,녹사평(용산구청),6호선,28,18,71320654.14999999,35327981.82,35992672.33,664690.51,2547166.2196428566,67579.445,17835480.86,572.8968703142857,124.5217224,1150.233702,0.03163127916546215,9867526.77,0.0,15564200.1,45888927.28,0.5625143313842623,0.6428571428571429,664690.51,0.009319747805481957,night,0.8895689954829678,1.1059549073765793,0.14302495120903205,27539435,27564192,24757,241333,6096,55103627,24757,0.0004492807705743217,0.19187257131820573,0.06772992841449807,0.12414264290370766,0.17887705579811797,0.05473441289441033,0.20025362630312676,0.03842317819457601,0.025583882177941126,0.05603513279789348,0.0017019993187811083,normal
322,동대입구,3호선,13,11,74845248.71,38632767.66,36212481.05,-2420286.6100000003,5757326.823846153,6737596.97,10405590.16,381.37500999615384,78.82819745,730.2163201,0.05098742778682556,11324117.54,0.0,15787655.85,47733475.32,0.7504248888095059,0.8461538461538461,2420286.6100000003,0.03233721113517562,night,0.9008473437065325,0.666422102058164,0.0,44037946,47211205,3173259,243200,6096,91249151,3173259,0.03477576465341579,0.20144306611523882,0.1121605124058195,0.08928255370941932,0.17884910859915426,0.08956655488973493,0.13244421419358782,0.026679968596379763,0.0,0.0367860540167889,0.0004912296976004026,normal
220,선릉,2호선,8,8,142099056.42,70287754.49,71811301.93,1523547.4400000002,17762382.0525,16832199.54,30926610.4,378.0614386875,194.7308258,510.4859268,0.018396874345556584,26571210.5,0.0,31724429.25,83803416.67,0.9570627121359339,1.0,1523547.4400000002,0.010721728056355804,night,0.959704367512713,0.6784638379954502,0.0,229064476,206633404,-22431072,245509,6096,435697880,22431072,0.05148308731729427,0.3840604440326635,0.5355617109757563,-0.15150126694309285,0.17837237550842153,0.32987364245151435,0.1312710252842402,0.050416008259288284,0.0,0.053384276498525444,0.015654825737130947,subway_high_mobility_low
4711,성신여대입구(돈암),우이신설선,8,8,67237219.59,32642180.2,34595039.39,1952859.1900000002,8404652.44875,7515502.645,17893797.72,423.29140853,60.87295334,839.7337784,0.09251996885158001,8931486.77,0.0,15504273.21,42801459.61,0.8949651679207145,1.0,1952859.1900000002,0.02904431804152775,night,0.8939612620688541,0.9146852936033554,0.0,5949627,11612124,5662497,216580,5604,17561751,5662497,0.32243350905043583,0.1807846323949541,0.021582929001520274,0.1592017033934338,0.17688277050940787,0.017681067115974038,0.1472849552850117,0.026626856498508093,0.0,0.047427060949699965,0.05304025704519842,directional_mismatch
334,도곡,3호선,4,4,69452178.71000001,35534290.41,33917888.3,-1616402.11,17363044.677500002,12449984.485000001,38935953.4,312.53317905,173.9784875,423.6905368,0.026529584616179838,13361560.950000001,0.0,13262701.6,42827916.160000004,0.9277879047154521,1.0,1616402.11,0.023273598323665892,night,0.9313917797912459,0.6525616805454091,0.0,27082151,25511509,-1570642,244142,6096,52593660,1570642,0.029863713611108258,0.18679901344580635,0.06464464184875496,0.12215437159705139,0.17472345812390144,0.052569086526850044,0.10807036946772278,0.02018743839929441,0.0,0.04302933358595754,0.0012310270341883605,normal
4121,구반포,9호선,20,17,65486125.89,32920442.9,32565682.990000002,-354759.91,3274306.2945,603167.37,12783842.54,478.6337403995,95.78792779,826.1806785,0.04423897397006468,12408204.690000001,0.0,12492993.54,40584927.660000004,0.7664744863378574,0.85,354759.91,0.005417329322487426,night,0.9277551758935749,0.9033043706947608,0.0,4176741,7906363,3729622,236088,6096,12083104,3729622,0.30866423064801884,0.1760298065959358,0.014848499430315243,0.16118130716562057,0.17341602811297754,0.012234720947356987,0.16687922500758143,0.029375717702964214,0.0,0.05783507612256168,0.05338049339115012,directional_mismatch
2532,충정로(경기대입구),5호선,7,7,67738958.29,34039067.93,33699890.36,-339177.57,9676994.041428572,7195541.33,30071107.560000002,340.4141194728571,68.43229531,688.2738383,0.008172183221151154,14935960.120000001,0.0,15989000.07,36813998.1,0.9783569622828999,1.0,339177.57,0.005007127044203029,night,1.0055420781771978,0.7518549082528421,0.0,20283989,19266164,-1017825,240535,6096,39550153,1017825,0.02573504582902625,0.1821470267175,0.04861138048823659,0.1335356462292634,0.1732926082969346,0.0397569620676712,0.11794177618857758,0.021482743858530245,0.0,0.0709176162714578,0.0037755287766973646,normal
2614,독바위,6호선,180,31,66583902.120000005,33808523.77,32775378.35,-1033145.42,369910.56733333337,0.0,7783219.24,2117.3319323383334,105.4809854,4219.833674,0.010142154643690532,12562731.959999999,0.0,12242980.64,41778189.519999996,0.1561725849098054,0.17222222222222222,1033145.42,0.015516444472389536,night,0.91849773797475,1.5710406532896661,0.29556103357434166,13157121,13898452,741331,238313,6096,27055573,741331,0.027400306768590708,0.17901064922015006,0.03325286787886662,0.14575778134128345,0.17305803175272227,0.02730025041143883,0.747069709977598,0.13373343379579905,0.05114921073317583,0.09471444399549049,0.002127337904885835,normal
201,시청,2호선,6,6,86970130.91,43371008.42,43599122.489999995,228114.0700000001,14495021.818333333,17394288.919999998,23538140.34,245.62242769833335,96.76473829,338.5006109,0.04340286274252334,18536236.6,0.0,20825159.6,47608734.71,1.000334526481408,1.0,228114.0700000001,0.002622901306611361,night,1.001586606003967,0.6853075662112398,0.0,113192071,102168127,-11023944,244830,6096,215360198,11023944,0.051188400188970855,0.23436632013335182,0.2647195484287678,-0.030353228295416007,0.17232497370073888,0.2026782019961549,0.08438023453781207,0.019775885060616175,0.0,0.0632282069003706,0.011382117258499006,subway_high_mobility_low
236,영등포구청,2호선,9,9,82336129.35,41216704.61,41119424.74,-97279.86999999998,9148458.816666666,8982889.65,17894323.240000002,377.45423873333334,96.2479588,653.6138421,0.011075276475419712,15181835.11,0.0,18327145.67,48827148.57,0.953044930546668,1.0,97279.86999999998,0.0011814967592959844,night,0.9560397457665675,0.9286890169919049,0.0,93471529,91122574,-2348955,244736,6096,184594103,2348955,0.012724973126579239,0.22178340114382036,0.22690143385440242,-0.00511803271058206,0.1714604294191814,0.17657846212976347,0.1310560426610734,0.029066054881822477,0.0,0.06892790370126449,0.002560151449759392,normal
339,수서,3호선,10,10,80907320.25,40009399.37,40897920.88,888521.51,8090732.025,4223240.295,23739959.04,495.61495350000007,101.8566184,821.9328931,0.012398698623205686,14535197.22,0.0,17017485.84,49354637.19,0.895252814131038,1.0,888521.51,0.01098196686349898,night,0.9378508786925358,1.0408246388248288,0.0,91586424,90603399,-983025,244670,6096,182189823,983025,0.005395608732766594,0.21790368964091675,0.22394605922824803,-0.006042369587331287,0.16910501705453823,0.17514738664186952,0.17289152081203427,0.03767370029257161,0.0,0.06898317683575651,0.0012172880483421217,normal
2759,삼산체육관,7호선,17,14,64183802.1,32193888.0,31989914.1,-203973.89999999997,3775517.7705882355,120145.61,11461720.25,580.7331384764706,169.4786618,966.2936894,0.19113636334570283,12028410.59,0.0,12562561.97,39592829.54,0.703647052266745,0.8235294117647058,203973.89999999997,0.0031779653639434358,night,0.931054965399978,0.9850512955693511,0.0,11837051,10459156,-1377895,135379,3448,22296207,1377895,0.06179952491470859,0.17249354651152843,0.027402588579874036,0.14509095793165439,0.16776677682378965,0.022675818892135255,0.20302810194955062,0.03502103734678214,0.0,0.06224196379531419,0.010111840708948243,normal
418,성신여대입구(돈암),4호선,11,11,83935242.7,42473562.69,41461680.01,-1011882.6799999999,7630476.609090909,7349840.76,20038839.92,445.03914251818185,189.3359958,730.4678173,0.12685642565490965,14330281.38,0.0,16938439.09,52666522.23,0.9152791235410057,1.0,1011882.6799999999,0.012055516222388905,night,0.9172138448140155,0.8848577075412776,0.0,108930860,102512694,-6418166,243290,6096,211443554,6418166,0.030354039546648937,0.22612554766181342,0.25990515480686033,-0.03377960714504691,0.16735435219098374,0.20113395933603065,0.1549848651229992,0.03504603750523048,0.0,0.05115988831465488,0.004137763608100767,subway_high_mobility_low
239,홍대입구,2호선,12,12,232294290.37,111405563.41000001,120888726.96,9483163.55,19357857.530833334,14908980.524999999,64959858.8,406.4631236416667,110.7065767,680.417982,0.04375513044574392,23861112.06,0.0,58059215.0,150373963.31,0.8790816422488295,1.0,9483163.55,0.040823920101071574,night,0.8618298796690533,1.0033305327795061,0.0,294424405,305532747,11108342,247562,6096,599957152,11108342,0.018515225567308512,0.6289717388045813,0.7374715070807821,-0.10849976827620078,0.1651230026771467,0.27362277095334747,0.14132680459039,0.08889056602291288,0.0,0.03658203862859869,0.014031538391361212,subway_high_mobility_low
2822,산성,8호선,59,33,65223843.54,32892712.459999997,32331131.08,-561581.38,1105488.873559322,32380.86,20905262.96,1084.9569515347457,99.77102995,2570.853796,0.03732028110100833,13138490.96,0.0,12707840.65,39377511.93,0.5101759345019994,0.559322033898305,561581.38,0.008610062662983016,night,0.9460900424875203,0.9312203369324041,0.08541881170469887,25297944,24979334,-318610,242507,6096,50277278,318610,0.006337057467590031,0.17531761918734248,0.06179731267441556,0.11352030651292692,0.16448346145708817,0.05096315494416124,0.3815514322801862,0.06689268870488277,0.014049981822740108,0.06287286734936398,0.0003984978592567583,normal
4707,삼양사거리,우이신설선,12,12,61800376.11,31256000.41,30544375.7,-711624.71,5150031.3425,4403465.859999999,12883145.24,363.0569650316667,64.95567338,723.3463469,0.014647916805705085,11381284.85,0.0,11896322.76,38522768.5,0.9202728463179124,1.0,711624.71,0.011514892866240195,night,0.9233915817092304,1.0684108084626427,0.0,4141016,7663189,3522173,215405,5604,11804205,3522173,0.29838290676924023,0.1660217195685712,0.014505672876062064,0.15151604669250915,0.1636134628141882,0.012097416121679059,0.1259586054073391,0.020911864264185568,0.0,0.06282243964874891,0.047626320957396856,directional_mismatch
4105,마곡나루,9호선,23,15,63558328.78,31605226.23,31953102.55,347876.32,2763405.599130435,107769.70000000001,28562116.11,672.0050225156522,38.70478506,1504.057941,0.006653061774944488,10923121.88,0.0,14863970.23,37771236.67,0.6275948038826855,0.6521739130434783,347876.32,0.005473339634277275,night,0.9517336515523537,0.8744753103972929,0.0006811922344569868,14558701,28155946,13597245,239828,6096,42714647,13597245,0.3183274580262831,0.1707951698463999,0.05250122080309917,0.11829394904330072,0.16182821492219124,0.043534265878890505,0.23534343550231782,0.040195522038853626,0.00011023612332103294,0.05988628334107056,0.05343397228790834,directional_mismatch
208,왕십리(성동구청),2호선,5,5,72003570.48,35879778.91,36123791.57,244012.66000000003,14400714.096,7069739.87,34832835.06,300.450768704,50.29771002,546.3813145,0.018873186843119096,10863047.75,0.0,15517034.61,45623488.12,0.8968287248548121,1.0,244012.66000000003,0.003388896666836514,night,0.9052146134255616,0.9252050081650055,0.0,75386494,67290784,-8095710,245457,6096,142677278,8095710,0.05674141049985548,0.19372692564799113,0.17537668589910865,0.018350239748882474,0.15975173945842341,0.14140149970954094,0.1037925228497568,0.020107406356932256,0.0,0.047070406957486224,0.010335818480462684,normal
427,숙대입구(갈월),4호선,19,17,70480289.66,34037494.71,36442794.95,2405300.2399999998,3709488.929473684,1912170.25,11429877.27,582.7147545121052,25.43972303,1287.542929,0.11989903970363282,10972197.03,0.0,15288307.7,44219784.93,0.7888950850431333,0.8947368421052632,2405300.2399999998,0.03412727518010033,night,0.913528411260986,1.3370533769309216,0.13618811566047698,69384406,65201894,-4182512,241747,6096,134586300,4182512,0.031076803508232265,0.18959069070974324,0.16543114250068028,0.024159548209062964,0.1582264861381373,0.13406693792907434,0.20372970446207853,0.03862525538705733,0.0215485669947315,0.07133312133357145,0.0005783410312599714,normal
2721,중화,7호선,16,15,67082622.120000005,33573252.67,33509369.45,-63883.21999999994,4192663.8825000003,4337853.485,9370795.100000001,386.49235980625,112.0006286,643.7103795,0.018174394617373194,12071539.35,0.0,13663349.79,41347732.98,0.8638445457967219,0.9375,63883.21999999994,0.0009523065434997927,night,0.9309906693035928,0.7972213822714282,0.0,53926305,51939897,-1986408,244686,6096,105866202,1986408,0.0187633821037615,0.18036484672682054,0.1301279960743625,0.05023685065245803,0.15689433065999983,0.10665748000754181,0.13425604121743293,0.024215070296331992,0.0,0.0470909822625991,0.0032124919134664223,normal
4701,북한산우이,우이신설선,366,36,59107439.46,29644524.0,29462915.46,-181608.54,161495.7362295082,0.0,14302991.84,2831.711812193989,134.9532604,4995.634925,0.0023433750015876506,8638986.81,0.0,11078131.99,39390320.66,0.07676181168782031,0.09836065573770492,181608.54,0.0030725157722810955,night,0.8653474153736842,1.5373175361058298,0.41949615693942977,5225980,9285491,4059511,218179,5604,14511471,4059511,0.2797449686527299,0.1587094640002131,0.01783348213398979,0.1408759818662233,0.1558791216094702,0.015003139743246893,1.0,0.1587094640002131,0.06539069246226677,0.05481107603673739,0.04391053670028025,normal
250,용두(동대문구청),2호선,12,12,59132665.230000004,29652769.53,29479895.7,-172873.83000000002,4927722.1025,4313384.92,14394728.45,367.2512737316667,94.01815598,625.0132949,0.02359442227051206,10312714.51,0.0,12331240.59,36488710.129999995,0.9332528851523937,1.0,172873.83000000002,0.002923491260331274,night,0.9293892881339143,0.7838995292048946,0.0,12023396,12013586,-9810,241689,6096,24036982,9810,0.00040812111936515156,0.15877796070144395,0.02954237357365342,0.12923558712779054,0.15408728287113904,0.024851695743348504,0.12744362443691876,0.02023523879249467,0.0,0.04504022854377486,0.0003993853413919046,normal
324,금호,3호선,12,12,63266209.14,31870397.049999997,31395812.09,-474584.9600000001,5272184.095,2820970.9699999997,20844664.42,352.129202525,142.5680395,646.1801568,0.010782167119093503,11479484.870000001,0.0,12238298.37,39548425.9,0.9286307960518064,1.0,474584.9600000001,0.007501397135235406,night,0.9211674355647986,0.6628979379957922,0.0,40291204,36733211,-3557993,243077,6096,77024415,3557993,0.046193054500965704,0.17000196386280694,0.09467526782609302,0.07532669603671392,0.1539069824031339,0.07858028636641998,0.12208956847328432,0.020755466407620975,0.0,0.03615512368909693,0.00657765773728099,normal
330,교대(법원.검찰청),3호선,5,5,65805718.27,31802683.189999998,34003035.08,2200351.89,13161143.654000001,9890769.8,24859115.77,324.41053572,144.8336422,509.3882405,0.07862541364181894,12302173.44,0.0,14588269.45,38915275.38,0.9532666322220142,1.0,2200351.89,0.03343709251788705,night,0.9581223380851093,1.0925056579129657,0.0,67766107,39909645,-27856462,243243,6096,107675752,27856462,0.2587069185270236,0.17689761058243503,0.13235232026071256,0.04454529032172247,0.15348480137327378,0.10893951105155131,0.11227561565669665,0.01986128813634147,0.0,0.07337158582526276,0.03984969395733713,normal
426,서울역,4호선,10,10,68301765.66,34289635.65,34012130.01,-277505.64,6830176.566,4754248.58,18594610.8,514.83077298,145.6713484,1039.446048,0.015277688071152828,13517058.01,0.0,14804202.67,39980504.98,0.9464343666821182,1.0,277505.64,0.004062935084012293,night,0.9654904314791407,1.0784680151509,0.00026464030359006684,47440216,88162505,40722289,244620,6096,135602721,40722289,0.30030583973311276,0.18367524362716825,0.1666805414196458,0.016994702207522444,0.15306015457400649,0.13606545236648404,0.17969499180995285,0.033005521399275095,4.0505885774007635e-05,0.07496620872751449,0.054412487684243505,directional_mismatch
2638,창신,6호선,13,13,58299042.65,29359115.38,28939927.27,-419188.11,4484541.742307692,4327465.53,11270333.129999999,369.21551655384616,123.2284182,591.9662776,0.034572423278238305,11219009.78,0.0,11181473.27,35898559.6,0.9266006579161397,1.0,419188.11,0.007190308638798891,night,0.9324292310130868,1.0809025636481147,0.0,17299338,13979466,-3319872,239766,6096,31278804,3319872,0.10613807356572841,0.156514386713354,0.03844412253214686,0.11807026418120714,0.150497328452502,0.03242706427129486,0.1281390758636704,0.020055608872818313,0.0,0.061771235842668415,0.015486748744195492,normal
2620,월드컵경기장(성산),6호선,38,20,60324109.019999996,29784351.85,30539757.17,755405.3199999998,1587476.5531578946,1576.18,15336967.059999999,919.155725506579,85.42066575,1828.262152,0.009444454736389099,8575444.8,0.0,12744212.66,39004451.56,0.45439440653755503,0.5263157894736842,755405.3199999998,0.012522444711940146,night,0.8877081344187736,1.1739638494264162,0.04774544136317191,29875621,30987394,1111773,239868,6096,60863015,1111773,0.018266807847097288,0.16201314318812188,0.0748094487521368,0.08720369443598508,0.14989302925561748,0.06268933481963239,0.32284855812610525,0.052305709675763375,0.007156708839072296,0.049105945936637245,0.0009306623271407826,normal
329,고속터미널,3호선,2,2,135770848.99,66962942.63,68807906.36,1844963.73,67885424.495,67885424.495,94658558.88,138.2837485,131.2337406,145.3337564,0.015212755038303287,9864269.08,0.0,32703374.21,93203205.7,0.8045996761004708,1.0,1844963.73,0.01358880601929423,night,0.7916229234729186,-0.0,0.0,249917076,231965417,-17951659,244934,6096,481882493,17951659,0.03725318778078124,0.3668771694028119,0.5923324836723474,-0.22545531426953547,0.1495639044477638,0.37501921871729926,0.04637636009254959,0.01701442771796012,0.0,0.0,0.008681921396321882,subway_high_mobility_low
2514,송정,5호선,34,25,60632369.51,30383509.919999998,30248859.59,-134650.33,1783304.9855882353,179018.0,10174822.45,989.4363517970587,140.6876873,1945.203559,0.01492651468551236,11582447.19,0.0,12335685.89,36714236.43,0.6972612752942037,0.7352941176470589,134650.33,0.0022207664171493796,night,0.9439446778021302,1.2555341620649472,0.11696337232590533,35754895,33749688,-2005207,243125,6096,69504583,2005207,0.028849996841215492,0.16285017716903907,0.0854317850845888,0.07741839208445027,0.14893759583214652,0.07151920374769626,0.34773181658825403,0.05662818793870897,0.017420243474640558,0.07585457385993717,0.0043365748924343315,normal
4702,솔밭공원,우이신설선,64,26,56214834.69,28314518.3,27900316.39,-414201.91000000003,878356.79203125,0.0,8300802.88,1704.6276481675,93.06083602,4205.160594,0.03087186589162682,10635555.17,0.0,9740647.41,35838632.11,0.35421648380027687,0.40625,414201.91000000003,0.007368195820269521,night,0.9057217351994971,1.3721118544128814,0.33803162483337007,4076426,7722685,3646259,216671,5604,11799111,3646259,0.30902828187649045,0.15085504034101124,0.014499411259966755,0.13635562908104448,0.14866773107046805,0.012312101989423558,0.6009493932773174,0.09065624496575596,0.05025439469404081,0.06519653660733311,0.04550694445128413,normal
2633,버티고개,6호선,19,17,56855946.89,28650982.68,28204964.21,-446018.47,2992418.257368421,242689.02000000002,13964866.51,515.9771741157895,122.9355206,1092.784221,0.05304741244383043,10845968.4,0.0,10610465.01,35399513.480000004,0.7881444764698972,0.8947368421052632,446018.47,0.007844710965115367,night,0.9243269394186262,1.0585057620017322,5.963545038762435e-05,11139441,10434132,-705309,238846,6096,21573573,705309,0.03269319365874165,0.1525958819810819,0.026514316753133205,0.1260815652279487,0.14854990643101176,0.02246834120306307,0.18010088170121888,0.02748265288876799,8.858840575052841e-06,0.056840778882892004,0.003791776132525552,normal
238,합정,2호선,6,6,86060495.03999999,42072139.31,43988355.73,1916216.4200000002,14343415.839999998,13218934.605,30703441.08,328.75927,162.3783872,476.1297888,0.023907683450176104,9903357.65,0.0,22440402.74,53716734.65,0.8997888122323312,1.0,1916216.4200000002,0.022265923744795604,night,0.8934994407293724,0.6894646132248499,0.0,147897906,147391458,-506448,245731,6096,295289364,506448,0.001715090557748636,0.23189634373951953,0.3629695979596385,-0.13107325422011898,0.14772502108407598,0.278798275304195,0.11381530994776909,0.02639335423846782,0.0,0.029750354479787338,0.00476566307687697,subway_high_mobility_low
2816,석촌,8호선,5,5,60521633.16,30004575.1,30517058.06,512482.95999999996,12104326.632,13284039.8,17602116.259999998,325.54211262,202.4884963,428.3326063,0.014982607421032804,8455755.98,0.0,13847317.45,38218559.730000004,0.9019525624881114,1.0,512482.95999999996,0.008467764884089589,night,0.9027194683559374,0.6839087256578281,0.0,37852243,42461398,4609155,242516,6096,80313641,4609155,0.05738944147732015,0.1625494896308056,0.09871843046109696,0.06383105916970863,0.1465028591422001,0.08267179997249148,0.11267625694233517,0.018315468059486098,0.0,0.03134591926009491,0.007952193562112955,normal
241,이대,2호선,10,10,67212191.75,33626259.07,33585932.68,-40326.3899999999,6721219.175,7930886.465,12165642.26,351.94179849,105.2191413,663.899119,0.05885184061925679,11519055.41,0.0,13589849.280000001,42103287.06,0.921153069592162,1.0,40326.3899999999,0.000599986236871972,night,0.9185034942015423,0.8429281738023172,0.0,77278103,78686840,1408737,243992,6096,155964943,1408737,0.009032395183833074,0.18071667314221637,0.1917100696904473,-0.010993396548230921,0.1460714671398963,0.1570648636881272,0.12202321700082476,0.022051629822499787,0.0,0.042895244226226044,0.0015238768914694705,normal
2643,상월곡(한국과학기술연구원),6호선,24,17,58352517.63,29164593.56,29187924.07,23330.509999999955,2431354.90125,432532.05000000005,12016627.469999999,556.4366197654167,53.98462857,1085.166182,0.10255718002833021,11530223.89,0.0,10996718.14,35825575.6,0.6522769440192117,0.7083333333333334,23330.509999999955,0.00039982010969832345,night,0.9344286255132688,1.1936735435575345,0.08367342298680526,30319216,26696876,-3622340,242747,6096,57016092,3622340,0.06353188850614314,0.15665958980243255,0.07008075715924009,0.08657883264319247,0.1456807671328221,0.059101934489629644,0.19442578027531301,0.03045866298494842,0.012189608449346901,0.06681528498889718,0.009890243938366159,normal
2648,봉화산(서울의료원),6호선,33,23,60296004.89,30350432.2,29945572.69,-404859.51,1827151.6633333333,140920.29,11503705.85,718.0766717012121,65.92403194,1569.744358,0.01737289952279802,11795341.14,0.0,11783282.35,36717381.4,0.6164429807803917,0.696969696969697,404859.51,0.006714532923675434,night,0.940268167386243,1.3011477546452408,0.10903626421010794,44761302,40534991,-4226311,243185,6096,85296293,4226311,0.04954858940938969,0.16193683074271537,0.10484317603638661,0.05709365470632875,0.1449588590903823,0.08786520438405356,0.25165536689751417,0.04075227255477869,0.015805772459374732,0.07494945188915335,0.006936411355151019,normal
2636,신당,6호선,4,4,58301230.44,28825986.2,29475244.240000002,649258.04,14575307.61,13698353.81,22304152.62,178.15546940000002,145.6497577,207.9653465,0.01254329478077606,7831792.4,0.0,11599260.54,38870177.5,0.8584135523187252,1.0,649258.04,0.011136266509300795,night,0.8611947686431956,-0.0,0.0,39727144,39619760,-107384,244072,6096,79346904,107384,0.001353348329759659,0.15652032732083537,0.09753010381030562,0.05899022351052975,0.1412548835488113,0.08226466003828153,0.06049317135124147,0.009468410980571697,0.0,0.0,0.0015312255556147293,normal
153,종로3가,1호선,3,3,68492102.08000001,33791496.129999995,34700605.95,909109.82,22830700.69333334,24694211.42,34279280.980000004,203.67978111333332,83.74105724,264.9507033,0.011740858326151503,8648283.45,0.0,16608216.77,43235601.86,0.9090877537919472,1.0,909109.82,0.013273206579908195,night,0.8952561862209667,0.6537288354910622,0.0,99917280,90075969,-9841311,246643,6096,189993249,9841311,0.05179821415654616,0.18419207292094553,0.23353813968371637,-0.04934606676277084,0.14117619886650049,0.19052226562927133,0.06953020017346982,0.012806911700559693,0.0,0.02732280394006831,0.00709600100483608,subway_high_mobility_low
244,용답,2호선,17,14,53846425.11,24431729.23,29414695.88,4982966.649999999,3167436.7711764704,1957009.4,8410052.620000001,491.0566349705882,120.2077185,1017.94155,0.07757640147964619,10100472.81,0.0,9101776.38,34644175.92,0.6972573520542215,0.8235294117647058,4982966.649999999,0.09254034301851166,night,0.8981452228410942,0.8957627784497046,8.827976955367464e-05,13699730,13315555,-384175,241337,6096,27015285,384175,0.014220653233900734,0.14442398815138482,0.03320334530539826,0.11122064284598657,0.13962862860241165,0.028407985756425082,0.17127762201649208,0.02473659725270722,1.2326383156116524e-05,0.037841665062102,0.011311241949472785,normal
309,지축,3호선,89,51,53812444.88,27110692.22,26701752.66,-408939.56,604634.2121348315,2245.66,7727254.7,2296.6240316348317,173.8376297,4945.07403,0.01886405820857218,9307537.5,0.0,10307582.77,34197324.61,0.5126424031373866,0.5730337078651685,408939.56,0.0075993492009501125,night,0.9081529105468351,1.356385049653431,0.37259100352550273,15152129,14878678,-273451,236964,6096,30030807,273451,0.009105682707760734,0.14433172005958567,0.036910067152857925,0.10742165290672774,0.13900442657989887,0.031582773673171124,0.81054910511811,0.11698794653445473,0.051791798793891584,0.06129191995921387,0.00021741170602136462,normal
2722,상봉(시외버스터미널),7호선,8,8,63593185.769999996,31626817.29,31966368.48,339551.19,7949148.2212499995,6688322.495,20120034.36,315.3990325,100.7379492,455.081084,0.01113932398039481,9310079.290000001,0.0,14187807.1,40095299.38,0.9178184369845541,1.0,339551.19,0.005339427265494581,night,0.9067917140887571,0.6004597622929583,0.0,80429257,76829582,-3599675,246134,6096,157258839,3599675,0.022890128293519958,0.17088981864522093,0.1933005447629358,-0.022410726117714858,0.13785672360666043,0.1602674497243753,0.10908504130368862,0.018641522925293783,0.0,0.026655733629591432,0.002999236115775749,normal
2524,영등포구청,5호선,7,7,53876605.5,26963237.0,26913368.5,-49868.500000000015,7696657.928571428,6605536.21,13165583.16,290.8734781014286,81.73620421,491.7931685,0.0055620731149931485,10781576.32,0.0,12076709.7,31018319.48,0.9721484749370342,1.0,49868.500000000015,0.0009256058271896884,night,0.9750341161407439,0.5546639304366284,0.0,19337892,19467648,129756,238963,6096,38805540,129756,0.0033437493718680373,0.14450593836169992,0.047696091767079035,0.09680984659462089,0.13761356986471243,0.04080372327009153,0.10040162823185875,0.014508631500687291,0.0,0.036304444996252815,0.000349436102017032,normal
245,신답,2호선,13,13,52124938.68,26073117.900000002,26051820.78,-21297.119999999995,4009610.667692308,2827975.85,12805067.440000001,389.59677885307696,77.99633779,828.5338182,0.08959612796897513,10050665.02,0.0,10082072.09,31992201.57,0.9279858253269464,1.0,21297.119999999995,0.00040857832237933285,night,0.9347571594539151,0.9067398883901664,0.0,7982256,8752661,770405,238971,6096,16734917,770405,0.046035782549743144,0.13974955634341027,0.02056657307640268,0.11918298326700759,0.13687538688047868,0.01769240361347108,0.1353551785699906,0.01891582615393926,0.0,0.04777835610636423,0.006376381547964266,normal
2827,모란,8호선,9,8,53636086.98,26749322.42,26886764.560000002,137442.14,5959565.22,2174381.01,29886822.39,364.25728915555555,174.3546252,639.895369,0.11409873563816131,10025573.17,0.0,11247249.36,32363264.45,0.7952335229921212,0.8888888888888888,137442.14,0.0025624937936141743,night,0.9458723266207041,0.8476650873360565,0.0,26713994,20994720,-5719274,242422,6096,47708714,5719274,0.11987902251986922,0.14385284728836803,0.058639997856152454,0.08521284943221558,0.1354173166317767,0.05020446719956113,0.1263835870415327,0.018180638846441773,0.0,0.04706177009590673,0.01687631669125941,normal
2625,광흥창(서강),6호선,17,11,56168938.31,28334804.87,27834133.44,-500671.43,3304055.1947058826,2525426.3200000003,11469533.02,539.6886794629412,84.01231487,1086.447086,0.012372903841537483,10734517.79,0.0,11503275.04,33931145.480000004,0.6098211699653963,0.6470588235294118,500671.43,0.008913670884017106,night,0.9455046834025722,0.9590425335526694,0.0,44954879,42284824,-2670055,240182,6096,87239703,2670055,0.030605961599846344,0.1507304157754009,0.10723204280823294,0.04349837296716795,0.13456728537847035,0.0910689124113024,0.18849607604170704,0.028412091913798083,0.0,0.05280433880291666,0.0032696879987178097,normal
2623,합정,6호선,23,14,59453762.39,28981608.23,30472154.16,1490545.9300000002,2584946.190869565,255400.22,9539110.71,662.2097510456522,60.48817305,1090.749896,0.012712890915342223,8257471.93,0.0,14307982.18,36888308.28,0.5505868647989862,0.6086956521739131,1490545.9300000002,0.025070674589480764,night,0.9131109754398323,1.0177287376564603,0.0,70743006,66448876,-4294130,241864,6096,137191882,4294130,0.03130017561826289,0.15964985068674825,0.16863396036264502,-0.008984109675896773,0.13272746409413697,0.1417115737700337,0.2318753635092266,0.0370188671621835,0.0,0.04541969083863191,0.0009945389090980114,normal
246,신설동,2호선,7,7,51507735.63,25772677.98,25735057.65,-37620.330000000045,7358247.947142857,6230629.21,19116102.48,322.06498173,89.77696591,555.0823146,0.014236545823886762,9470920.48,0.0,10101004.36,31935810.79,0.9223212527287331,1.0,37620.330000000045,0.0007303821365831617,night,0.9272398144820666,0.8031733865529737,0.0,16999217,15221026,-1778191,242548,6096,32220243,1778191,0.055188627844923455,0.13807363632532516,0.03960135252726896,0.0984722837980562,0.13260573357848404,0.03413344978042782,0.11144515882597827,0.015387638329956226,0.0,0.039198806612395776,0.0075192480128485764,normal
312,불광,3호선,14,14,61007530.300000004,30582393.58,30425136.72,-157256.86,4357680.735714286,2826563.71,15572491.77,548.001901195,86.00142423,1201.070377,0.03686172594978225,9862916.91,0.0,12461519.52,38683093.87,0.9187777302632313,1.0,157256.86,0.0025776631053035753,night,0.9079116372871147,1.0130172709086998,0.0007831815148891546,74222220,81332963,7110743,244197,6096,155555183,7110743,0.04571202876602318,0.16386886863202138,0.19120638696347164,-0.02733751833145026,0.1325360943251008,0.15987361265655106,0.19143941983259744,0.0313709611395383,0.00010379981913102434,0.043572898618989823,0.007068379699982035,normal
2818,가락시장,8호선,5,5,54159865.349999994,27006087.4,27153777.95,147690.55000000002,10831973.069999998,11232895.45,22727564.759999998,274.80118525999995,128.4148547,401.0901871,0.011303192956765684,8362748.42,0.0,10915646.23,34881470.7,0.909827192436319,1.0,147690.55000000002,0.0027269371710134807,night,0.8946524323045241,0.6497993533081721,0.0,35606356,39611245,4004889,244139,6096,75217601,4004889,0.05324404058034236,0.14527508694729876,0.09245430676923587,0.052820780178062895,0.1318437794927458,0.0790229993146829,0.09471114085345034,0.013759169222362857,0.0,0.02524682756902325,0.0073388765901159355,normal
2634,약수,6호선,5,5,51319833.89,25545440.72,25774393.169999998,228952.45,10263966.778,12730782.26,17072019.759999998,251.61642428,127.9112273,378.2463444,0.019877417135452286,8319298.15,0.0,11157599.87,31842935.869999997,0.9244975169409673,1.0,228952.45,0.004461285874204922,night,0.9228475766273362,0.6752518734243462,0.0,18046862,17223479,-823383,239721,6096,35270341,823383,0.023344911805644294,0.13756341803087727,0.04335057567785218,0.09421284235302509,0.1315999646670257,0.03738712231400062,0.08650244337451748,0.011899571778621039,0.0,0.03182707570179747,0.0025976961279453085,normal
2738,이수,7호선,9,9,59917911.39,29754634.47,30163276.92,408642.4499999999,6657545.71,4235746.62,28190295.16,378.7574619555555,142.342511,596.2326227,0.010789315020359099,9929584.04,0.0,12975895.09,37012432.26,0.9273628750301318,1.0,408642.4499999999,0.00682003829105766,night,0.9267558900978259,0.9646684631418032,0.0,75739977,72622431,-3117546,244420,6096,148362408,3117546,0.021013045299183873,0.160910175956486,0.182364927263837,-0.021454751307351,0.1315658034221702,0.15302055472952122,0.13151745631066722,0.02116249703629892,0.0,0.04657308944665126,0.0022837992550292278,normal
409,불암산,4호선,145,37,54991395.7,27815448.41,27175947.29,-639501.12,379251.00482758624,0.0,10188890.18,1557.6664500172415,124.6866432,3691.709047,0.01413919816891317,10009295.799999999,0.0,9969454.66,35012645.24,0.21236880230232125,0.25517241379310346,639501.12,0.011629112370392155,night,0.9071215280080318,1.1998224760572171,0.17758087380204463,55401810,50338290,-5063520,244657,6096,105740100,5063520,0.04788646880417174,0.14753297980639973,0.1299729897310467,0.017559990075353027,0.12835767733703182,0.11079768726167878,0.548916938951063,0.08098335166965794,0.022793868500711013,0.049707019912125686,0.005349155834578241,normal
4135,한성백제,9호선(연장),15,9,48645764.980000004,24260097.46,24385667.52,125570.06,3243050.998666667,966859.26,12406249.65,441.35669365866664,42.99139738,757.5551611,0.009915475197001812,8290414.24,0.0,10178387.56,30176963.18,0.5439672970651404,0.6,125570.06,0.002581315352973199,night,0.9250693141139574,0.7251353541084387,0.0,9903009,7574004,-2329005,182976,4694,17477013,2329005,0.13326104409260323,0.13030239491051504,0.02147876786593246,0.10882362704458258,0.127503660017857,0.018680032973274446,0.1536810730030167,0.020025011864710774,0.0,0.03357678824650297,0.017027881621030253,normal
2535,종로3가,5호선,5,4,56665481.88000001,27239029.700000003,29426452.18,2187422.48,11333096.376000002,6223258.970000001,35601146.04000001,319.47808454,136.5353222,575.266552,0.06076617140001406,5081373.18,0.0,14142879.45,37441229.25,0.6974072400507533,0.8,2187422.48,0.03860238027503737,night,0.8364738981239294,0.34614828236863115,0.0,68837957,69209602,371645,244423,6096,138047559,371645,0.0026921519126607662,0.15207870352092398,0.16968577050704747,-0.017607066986123493,0.12627311153626317,0.14388017852238666,0.11052925305234837,0.01680914550533727,0.0,0.0071566389022673415,0.005461180972490548,normal
2645,석계,6호선,10,9,54917832.81,27482600.23,27435232.58,-47367.65000000005,5491783.281,6197570.334999999,11461286.89,390.781497052,39.90750572,598.8555568,0.014886639349532747,9231132.47,0.0,11146821.29,34539879.05,0.8077374559350055,0.9,47367.65000000005,0.0008625185586597814,night,0.9150777326858976,0.7711820430123569,0.0,58159940,58422529,262589,246173,6096,116582469,262589,0.0022523883929752766,0.1473332310852306,0.14330058145497357,0.00403264963025704,0.12622029340307708,0.12218764377282003,0.13577463483702457,0.020004115649956144,0.0,0.03316028584907094,0.00020477401347759606,normal
159,동묘앞,1호선,4,4,50486135.0,25286506.98,25199628.02,-86878.95999999999,12621533.75,9643983.535,24452971.11,268.693577225,138.1860783,375.0279566,0.005474323743612184,7014026.1899999995,0.0,9929804.9,33542303.91,0.8812613450892468,1.0,86878.95999999999,0.0017208479120059397,night,0.8657184739090846,0.6650563037683201,0.0,36136871,36194375,57504,246463,6096,72331246,57504,0.0007950091168068638,0.1352996368347112,0.08890635880598956,0.04639327802872163,0.12327063877596428,0.07687736074724263,0.09254870723067274,0.01252180647783203,0.0,0.018819925106221963,0.00012526565275792153,normal
325,옥수,3호선,9,9,50908338.02,25621249.95,25287088.07,-334161.88,5656482.002222222,5609950.26,12016342.73,411.3326144,116.3974575,635.1445235,0.020727205309363495,9803521.200000001,0.0,9682156.18,31422660.64,0.9325376503790808,1.0,334161.88,0.006563991145590338,night,0.9307007630088978,0.8056302549335929,0.0,39929040,41301800,1372760,244230,6096,81230840,1372760,0.01689949285271456,0.13644606424286157,0.09984586430895752,0.03660019993390405,0.12282248902697752,0.08622228909307346,0.14305087569666963,0.01951872897530539,0.0,0.03718876867622676,0.001410238529912477,normal
4133,석촌,9호선(연장),6,6,48733336.83,24281928.11,24451408.72,169480.61000000002,8122222.805,6933521.87,13289288.73,309.15153449999997,118.2828179,570.0043432,0.015396018945635692,8946055.09,0.0,10018457.620000001,29768824.119999997,0.9348821688156965,1.0,169480.61000000002,0.0034777140459560855,night,0.9374805299692299,0.9536617737662405,0.0,29876616,19895402,-9981214,184200,4694,49772018,9981214,0.20053866411444277,0.13054018280938517,0.061176240010827804,0.06936394279855737,0.1225542252547809,0.053190282456223516,0.10687307883720137,0.0139512312488101,0.0,0.045709561652465334,0.025724372446531373,normal
2712,도봉산,7호선,19,15,51250283.66,25802054.19,25448229.470000003,-353824.72,2697383.3505263156,196977.14,18880403.85,629.5105753421052,108.0390335,1357.847351,0.0788923990230779,9229302.22,0.0,10094774.24,31926207.200000003,0.7138441495515208,0.7894736842105263,353824.72,0.006903858763930205,night,0.9235779866052193,0.6906026157742597,0.0,43008009,52647610,9639601,245856,6096,95655619,9639601,0.10077401725872476,0.13737456507119175,0.11757700454407348,0.01979756052711827,0.12122247520957612,0.10142491468245786,0.2202980329776574,0.030263346466344744,0.0,0.030121432031849527,0.012895372196386238,normal
2732,강남구청,7호선,6,6,54805569.73,27212253.4,27593316.33,381062.93,9134261.621666666,6935751.085,15980168.73,342.89462045,178.0167681,442.7370895,0.007837719294178891,9874374.559999999,0.0,11867760.879999999,33063434.29,0.9432186448103712,1.0,381062.93,0.00695299641765078,night,0.9449682646815307,0.661533333915947,0.0,68666454,75297104,6630650,244461,6096,143963558,6630650,0.04605783638662223,0.14702839794634073,0.17695779927780408,-0.02992940133146335,0.12101057621441506,0.15093997754587843,0.11882001177337088,0.017469915975004066,0.0,0.03265756279011013,0.0057495219725859055,normal
203,을지로3가,2호선,3,3,59328318.43,28840927.13,30487391.3,1646464.17,19776106.143333334,19377666.700000003,27311420.08,221.04997756666668,129.7313488,268.5498631,0.036180850373783845,11977171.73,0.0,16198084.02,31153062.68,1.004681118430335,1.0,1646464.17,0.02775174172419233,night,1.0157162008489924,0.5179550742430041,0.0,102792269,98015437,-4776832,243102,6096,200807706,4776832,0.023788091080528553,0.1593092268941214,0.2468314215865886,-0.08752219469246722,0.11998670394798502,0.20750889864045222,0.07568021776295657,0.012056556982995363,0.0,0.03525043079340786,0.0006314461197204631,subway_high_mobility_low
2545,군자(능동),5호선,11,10,52374963.39,26344855.02,26030108.37,-314746.65,4761360.308181819,4073012.34,16492457.1,508.3736866454546,182.2853287,841.0357416,0.011669441623114394,9722624.58,0.0,11230876.61,31421462.2,0.864568996541433,0.9090909090909091,314746.65,0.006009486778182548,night,0.9493069566805676,1.095086075666918,0.0,57175780,62133038,4957258,244713,6096,119308818,4957258,0.04154980397173996,0.1404284600145845,0.14665184780358578,-0.006223387789001278,0.11983436686923372,0.126057754658235,0.1774088233926309,0.02491324786202655,0.0,0.05481668996892255,0.004990872011921128,normal
155,동대문,1호선,5,5,50177997.96,25242482.279999997,24935515.68,-306966.60000000003,10035599.592,6804752.47,20082415.75,298.224723896,70.90414108,565.0353231,0.013999756014257556,7769800.59,0.0,8567321.8,33840875.57,0.8651743216801746,1.0,306966.60000000003,0.006117553758216942,night,0.8562957508484035,0.9858906675260982,0.0,46882090,45090958,-1791132,246553,6096,91973048,1791132,0.019474531277902198,0.13446293806329473,0.11305033672983722,0.021412601333457515,0.11926185763755602,0.0978492563040985,0.10300437892974038,0.013850271424277822,0.0,0.024497797722715733,0.0017960184409422588,normal
429,신용산,4호선,8,7,54447338.12,26662931.47,27784406.650000002,1121475.18,6805917.265,3676976.16,23537092.25,314.4369438,112.1305687,532.0628739,0.04210488567081241,7293982.85,0.0,13530586.65,33622768.620000005,0.8321669226141762,0.875,1121475.18,0.020597428978590442,night,0.9129524298516046,0.7308778954060818,0.0,76908307,79010186,2101879,243375,6096,155918493,2101879,0.013480626701542068,0.14605567506963124,0.19165297270033596,-0.04559729763070472,0.11806367076278206,0.1636609683934868,0.10874440828646613,0.015882737962327413,0.0,0.028983527970038715,0.0010394493609113891,normal
4706,삼양,우이신설선,12,10,44677957.81,22640148.310000002,22037809.5,-602338.81,3723163.1508333334,4709937.1,7170934.3100000005,455.9459187,136.8898836,1113.853462,0.021224141286635075,8416962.19,0.0,8382212.96,27878782.66,0.7695857958016382,0.8333333333333334,602338.81,0.01348178922057136,night,0.9227015291384728,0.9505319407689722,0.0,3425872,6764516,3338644,215578,5604,10190388,3338644,0.32762677927474393,0.11952842439286333,0.012521946432779006,0.10700647796008433,0.11803169586542142,0.011025217905337096,0.15884647172848493,0.018986668486071313,0.0,0.040145947387191905,0.03754925569208697,normal
204,을지로4가,2호선,3,3,51284836.05,25656119.17,25628716.880000003,-27402.290000000037,17094945.349999998,12616502.36,29297857.57,299.84652016666666,160.2586572,465.3699668,0.009175859710839136,9708919.72,0.0,11054587.2,30521329.13,0.9160833367557233,1.0,27402.290000000037,0.0005343156400711558,night,0.9547166898551152,0.6829516046050401,0.0,58728119,57102921,-1625198,243639,6096,115831040,1625198,0.014030764119876676,0.13746838677552986,0.1423769144112197,-0.00490852763568983,0.1178960620373418,0.12280458967303164,0.10357858519263212,0.014238781010922923,0.0,0.034614001333239795,0.001855334999717917,normal
151,시청,1호선,4,4,50733538.239999995,25267165.92,25466372.32,199206.40000000002,12683384.559999999,9510112.64,29779303.08,255.5532034575,89.28052493,479.9918831,0.009027211176505576,9955684.36,0.0,11701034.48,29076819.4,1.0011687427523825,1.0,199206.40000000002,0.003926522905964779,night,0.9769105038744339,0.2769323368823631,0.0,55436360,52886492,-2549868,245515,6096,108322852,2549868,0.023539520543642996,0.1359714223070207,0.1331477446374842,0.0028236776695365062,0.11786713409168997,0.11504345642215347,0.08789628260095318,0.01195138256075144,0.0,0.015662988733284876,0.002666807184499344,normal
2752,온수(성공회대입구),7호선,23,19,49034155.47,24568976.31,24465179.16,-103797.14999999997,2131919.803043478,659921.86,7832146.8,650.5867510521739,32.1534467,1258.509636,0.0281114172029168,9868560.74,0.0,9587649.34,29577945.39,0.7719426908991333,0.8260869565217391,103797.14999999997,0.002116833643917962,night,0.9466799589884191,1.056890575385912,0.03708726830449069,45085158,42043023,-3042135,246600,6096,87128181,3042135,0.034915626208241395,0.1313570095904407,0.10709495840497792,0.024262051185462777,0.11728933611215016,0.09302728492668738,0.22776017375909696,0.029917895328794138,0.0043499410776469015,0.051048126137541665,0.004308351309426708,normal
226,사당,2호선,26,21,85434779.17,42874626.13,42560153.04,-314473.08999999997,3285953.045,2053325.0,11304264.67,697.2986168115385,177.8896173,1412.273826,0.04292318961852573,16058407.53,0.0,17680426.56,51695945.08,0.7391195011771321,0.8076923076923077,314473.08999999997,0.003680855654513421,night,0.9441651916937366,0.903043104749002,0.0016991735849300963,189751625,209627067,19875442,246183,6096,399378692,19875442,0.04976590488708396,0.23019730846714598,0.49091765676504434,-0.26072034829789836,0.11718938520083456,0.3779097334987329,0.2442987775008357,0.056236921042506535,0.00019912510776745604,0.04298102399408997,0.01060865429391365,subway_high_mobility_low
311,연신내,3호선,21,19,72975649.59,36973402.06,36002247.53,-971154.5299999999,3475030.932857143,2300334.2800000003,12175219.100000001,759.6942042619048,215.7382761,1466.913162,0.0406393039114585,13696081.06,0.0,14172078.12,45107490.410000004,0.824518665534394,0.9047619047619048,971154.5299999999,0.013307925800678027,night,0.9296238300630519,1.0475940407503685,0.06944965996841905,169714056,158710902,-11003154,245596,6096,328424958,11003154,0.03350279487589978,0.19636645706250921,0.40370033386816556,-0.20733387680565635,0.11709325278586546,0.3244271295915218,0.2663902927785729,0.05231011798877289,0.008132086590574494,0.04580498424511432,0.003965594891142527,subway_high_mobility_low
205,동대문역사문화공원,2호선,4,4,53229374.81,26190429.049999997,27038945.759999998,848516.71,13307343.7025,11961196.805,21402202.21,200.1600721075,47.48102073,310.2485184,0.01623353258001477,6134114.41,0.0,10503061.09,36592199.31,0.8090047217389893,1.0,848516.71,0.015940760398346673,night,0.8268739723041378,0.420105452327733,0.0,72376525,80722317,8345792,245184,6096,153098842,8345792,0.05451244366694818,0.14274848290244702,0.18818701822747472,-0.0454385353250277,0.11588507154853986,0.16132360687356756,0.06828402703121986,0.009747441265176317,0.0,0.006919142422683148,0.005506049269586564,normal
2512,개화산,5호선,16,9,45797777.940000005,22727895.47,23069882.47,341987.0,2862361.1212500003,138027.285,17185929.07,384.2751494125,139.4473553,626.9615451,0.07153701986096153,8731929.11,0.0,9115423.280000001,27950425.55,0.506615655962467,0.5625,341987.0,0.007467327354790872,night,0.9386421503362592,0.6798957908968882,0.0,25695409,22598340,-3097069,240673,6096,48293749,3097069,0.06412981108590265,0.12256912383937725,0.05935913106626618,0.06320999277311107,0.11529352715271823,0.05208353437960718,0.13347102517240492,0.016359426613325137,0.0,0.030862109074586808,0.0069450709854853385,normal
4136,올림픽공원(한국체대),9호선(연장),12,9,45637605.339999996,22329631.0,23307974.34,978343.3400000001,3803133.778333333,2532047.395,13179849.62,487.6006757,204.187233,858.8401857,0.04574743558178885,5641254.3,0.0,9698797.42,30297553.619999997,0.644445663607454,0.75,978343.3400000001,0.021437218993225995,night,0.859519695953274,1.0560618475268997,0.0,26999644,22310616,-4689028,185019,4694,49310260,4689028,0.09509233980919995,0.12213419976262689,0.06060864061449135,0.06152555914813554,0.11473181194247535,0.053206252794339805,0.17005401983330615,0.020769411628758727,0.0,0.026123974168802095,0.008995809239278582,normal
4101,개화,9호선,125,36,42607464.35,21377338.91,21230125.44,-147213.47,340859.7148,0.0,7295211.279999999,1368.6834614872,141.8382144,2550.546997,0.009409825829082903,8225992.58,0.0,7328299.18,27053172.59,0.2433905946250856,0.288,147213.47,0.003455109855651384,night,0.9087063938071182,1.1811097643670445,0.7183814344962305,7898914,9156145,1257231,234514,6096,17055059,1257231,0.07371601587540683,0.11390631763735014,0.02096009610349034,0.0929462215338598,0.11151883027287658,0.018572608739016783,0.4820064289464113,0.05490357739881477,0.08011305726477073,0.04298246598272411,0.00800316107857427,outer_hidden_demand
340,가락시장,3호선,11,10,46502902.41,23434442.580000002,23068459.830000002,-365982.75,4227536.582727272,2759846.42,22246396.72,444.3398669090909,138.6429432,695.532094,0.023344158997133827,8846761.6,0.0,8498777.5,29157363.31,0.8409535603126261,0.9090909090909091,365982.75,0.007870105542515535,night,0.9190007444590041,0.9378827043575421,0.0,44549724,42997294,-1552430,243328,6096,87547018,1552430,0.017732528593949366,0.12448378095993855,0.1076097987073947,0.016873982252543843,0.11108810634850415,0.0942141240959603,0.15473728258659197,0.019262281991845428,0.0,0.036413495500470336,0.0012277117108689378,normal
2541,왕십리(성동구청),5호선,3,3,44265272.46,22211689.67,22053582.790000003,-158106.88,14755090.82,18988236.86,23341607.55,266.9713996333333,137.6734372,387.4030322,0.01804743949373413,5396935.68,0.0,10010942.040000001,28857394.740000002,0.8794100903138041,1.0,158106.88,0.0035718040624932823,night,0.8716722042710163,0.6916545515228398,0.0,25527574,29376019,3848445,243304,6096,54903593,3848445,0.0700945928985012,0.11840784075473083,0.06748404382203456,0.050923796932696275,0.11041720084036609,0.05949340390766981,0.09193896038587308,0.010886293780525967,0.0,0.018555269341803123,0.007876819787054611,normal
4116,샛강,9호선,3,3,42620037.69,21132716.8,21487320.89,354604.08999999997,14206679.229999999,9885681.48,32203213.22,261.7844703,118.1675561,365.7372864,0.04724738688823859,8656217.639999999,0.0,9723601.87,24240218.18,0.966311371548783,1.0,354604.08999999997,0.008320126147687599,night,0.9818545160317801,0.5416208153412407,0.0,9074235,17117976,8043741,237798,6096,26192211,8043741,0.30710431433222646,0.11394045860959612,0.032191611224905395,0.08174884738469072,0.11027253166324857,0.02852368427855785,0.09010249833311933,0.010266319981945986,0.0,0.02932433547889367,0.034043607427042225,normal
2761,부평구청,7호선,9,9,43395481.660000004,21587501.86,21807979.8,220477.94000000003,4821720.184444445,2556590.17,12931576.5,391.5300012455556,78.55350531,768.5439365,0.1196205343900593,7114517.9799999995,0.0,9052206.83,27228756.85,0.8937215644084822,1.0,220477.94000000003,0.005080665810496733,night,0.915841197886639,1.082618361056055,0.0,30598210,24152670,-6445540,137738,3474,54750880,6445540,0.11772486579211147,0.11604605752429108,0.06729632686507285,0.04874973065921823,0.10823658410573335,0.05948685344651511,0.1360396470358525,0.015786864705506793,0.0,0.0401205596999633,0.013071915310844211,normal
2719,태릉입구,7호선,7,7,44695913.36,22344865.52,22351047.84,6182.319999999949,6385130.4799999995,8455148.86,15940964.06,297.44187270000003,146.3650046,419.0730762,0.01233850312786965,7224913.5,0.0,9253258.84,28217741.02,0.911965682378761,1.0,6182.319999999949,0.0001383195808127893,night,0.910990051730254,0.6883099895131648,0.0,43306102,40158873,-3147229,246272,6096,83464975,3147229,0.03770718196465044,0.11957717992911793,0.102592094319773,0.016985085609344933,0.10730950660733739,0.09032442099799247,0.10272720597788085,0.012283829592832618,0.0,0.024482910263827217,0.004492378617004425,normal
430,이촌(국립중앙박물관),4호선,18,12,44384082.22,22313440.03,22070642.189999998,-242797.84000000008,2465782.3455555555,481656.015,18974287.68,546.4838577833333,39.991217,1045.338178,0.07955431783362234,7478631.3,0.0,8179441.5600000005,28726009.36,0.578378166300596,0.6666666666666666,242797.84000000008,0.0054703809982262624,night,0.8933331050846554,0.7606203547118303,0.0,38747192,40913803,2166611,242994,6096,79660995,2166611,0.027197890259844232,0.11873045039693511,0.09791618886350385,0.020814261533431258,0.10710481719201993,0.08629055565858867,0.19090194786396214,0.02266587425154045,0.0,0.023765447763376135,0.0025797169606354806,normal
2558,오금,5호선,5,5,41404479.54,20806283.720000003,20598195.82,-208087.9,8280895.908,9383996.92,10455105.24,325.83775722,194.8316471,492.3879297,0.006661275958494879,8323415.23,0.0,8367546.33,24713517.98,0.9537030964289448,1.0,208087.9,0.0050257339860768115,night,0.953676217195834,0.6712963935854261,0.0,18650983,18155255,-495728,239226,6096,36806238,495728,0.013468586493409079,0.11063979728471847,0.045238521766571727,0.06540127551814674,0.10563461640700465,0.0402333408888579,0.1127809316070761,0.012478059410588598,0.0,0.030318703839713156,0.0009341154899160191,normal
218,종합운동장,2호선,16,12,45760629.33,22296498.349999998,23464130.98,1167632.63,2860039.333125,329948.11,20528315.2,498.45281080125,64.27148792,1059.591784,0.0902285825084791,6569885.250000001,0.0,11424218.25,27766525.83,0.6490414385595575,0.75,1167632.63,0.025516096415101466,night,0.9282409333660169,1.0233087774294547,0.0,59721290,62943018,3221728,244574,6096,122664308,3221728,0.026264591978947944,0.12246825249866847,0.1507764630748166,-0.02830821057614813,0.10400292254796566,0.1323111331241138,0.17389628045111086,0.02129677358286591,0.0,0.03940982480184814,9.166694370728372e-05,normal
321,충무로,3호선,3,3,38409781.61,19166894.71,19242886.9,75992.18999999999,12803260.536666667,11468759.1,25316597.29,257.8242608333333,173.0087129,348.1145997,0.00491041974516035,6845259.4399999995,0.0,8741491.52,22823030.65,0.9626376676160858,1.0,75992.18999999999,0.0019784593094435976,night,0.9535637876575518,0.17516095987190983,0.0,6240,0,-6240,5446,3300,6240,6240,0.9999999999998397,0.10250815534126873,3.449174472602693e-06,0.10250470616679612,0.10250780177275609,3.0956059599659972e-06,0.08870036347854326,0.009092510638285513,0.0,0.007672327817714933,0.10230534712702347,directional_mismatch
2639,보문,6호선,6,6,41999258.25,21055058.92,20944199.33,-110859.59000000003,6999876.375,8538379.195,11414718.899999999,334.48510103333336,190.926727,520.122414,0.02361183690602001,7400487.64,0.0,8587774.309999999,26010996.3,0.9301485288299776,1.0,110859.59000000003,0.0026395606641457774,night,0.9272122646037739,1.032831051400419,0.0,38259069,34525753,-3733316,241629,6096,72784822,3733316,0.05129250711089188,0.1122548274541576,0.08946390077341125,0.02279092668074635,0.10221207270946245,0.0794211460287161,0.11584257323543741,0.013003888070389642,0.0,0.03884718302372014,0.005461528108515854,normal
423,충무로,4호선,15,14,54473814.410000004,27245705.64,27228108.770000003,-17596.870000000024,3631587.6273333337,2394263.24,13626768.940000001,633.8712552673334,84.23361661,1326.211502,0.01937426185856663,8770570.71,0.0,12128237.32,33575006.38,0.8222966628952783,0.9333333333333333,17596.870000000024,0.00032303355640852073,night,0.9267741218853757,1.0885642397233943,0.00016758932890743387,123582899,123243670,-339229,244986,6096,246826569,339229,0.0013743617689714756,0.14612756736571703,0.3033984520633529,-0.1572708846976359,0.10179268962317516,0.25906357432081106,0.22184195669287413,0.03241722547118044,1.705936854163063e-05,0.04066616005540589,0.00015362803420477207,subway_high_mobility_low
2542,마장,5호선,8,8,40356680.2,20242463.56,20114216.64,-128246.92000000001,5044585.025,5131159.98,10386669.55,296.5575028525,83.96841462,540.3876897,0.05315779487860157,7500719.22,0.0,7715288.76,25140672.22,0.9292853912603785,1.0,128246.92000000001,0.0031778362185500087,night,0.923900961539562,0.6730762703937374,0.0,29121887,27384452,-1737435,241108,6096,56506339,1737435,0.030747612228072322,0.1077946592238447,0.06945416163716858,0.03834049758667611,0.10030787153848829,0.06196737395181217,0.1024140897657327,0.011039691906017397,0.0,0.024341099150040065,0.0029718746098241866,normal
2635,청구,6호선,5,5,37933435.62,18910270.58,19023165.04,112894.46000000002,7586687.124,9686677.82,11730847.36,266.29469645999995,51.0596613,381.2902726,0.03127285626001641,6389192.81,0.0,7910069.6899999995,23634173.12,0.9138184973804149,1.0,112894.46000000002,0.0029761200944445334,night,0.921704864933751,0.5681473334093377,0.0,17981968,18066812,84844,240700,6096,36048780,84844,0.0023535886651365177,0.10121471101986497,0.04430744379163634,0.05690726722822863,0.0967301459004656,0.03982287867223696,0.09169936974969102,0.009281325209918725,0.0,0.019541941650573942,6.300933871819431e-05,normal
2735,반포,7호선,5,5,38870795.4,19390014.87,19480780.53,90765.66,7774159.08,8894238.46,12373310.84,212.33877577200002,84.52791896,290.0048639,0.011138362617649505,6436191.12,0.0,7613348.87,24821255.41,0.9077828504087704,1.0,90765.66,0.002335060527215247,night,0.9035057532900697,0.5091493008445449,0.0,29116336,27948936,-1167400,241043,6096,57065272,1167400,0.020457275661456584,0.10375996743013365,0.07014120990356033,0.03361875752657331,0.09648211777503006,0.06286336024845675,0.07259596685038341,0.007532555155954845,0.0,0.01545534797888437,0.0018803604520907563,normal
2753,까치울,7호선,48,28,36773537.46,18561169.84,18212367.62,-348802.22,766115.36375,11895.900000000001,11112924.63,1127.6248235687501,188.9500072,2096.519388,0.011664774068863041,6541552.609999999,0.0,7280876.43,22951108.42,0.5203882117731214,0.5833333333333334,348802.22,0.009485141873538971,night,0.9220130757050073,0.9757570693779507,0.41753164858565117,18496765,17588336,-908429,135183,3496,36085101,908429,0.02517462816579064,0.09806518584288454,0.04435209007318282,0.05371309576970172,0.0937157898873375,0.040002694117635795,0.39665823687045554,0.03889836371481214,0.03912930825016652,0.03257961067099828,0.0015385923890290495,normal
2637,동묘앞,6호선,4,4,36619547.42,18818038.72,17801508.7,-1016530.0199999999,9154886.855,8842648.780000001,16465636.239999998,218.16336817500002,109.0326886,315.834358,0.028543102389048437,5673836.82,0.0,5531520.27,25414190.33,0.836985290320519,1.0,1016530.0199999999,0.027759218549075117,night,0.8279317874609294,0.692565452527899,0.0,38228687,37701726,-526961,245040,6096,75930413,526961,0.006940051807699242,0.09764704955755392,0.0933305052561086,0.004316544301445319,0.08853360108557913,0.08421705678413383,0.07465819716690736,0.007290152678634635,0.0,0.008860357505441117,0.0020329302065421086,normal
2812,천호(풍납토성),8호선,9,8,41226098.03,20686466.11,20539631.92,-146834.19,4580677.558888889,5601118.76,8844006.3,511.72547531111115,216.5381363,863.877579,0.014002921452002557,7210861.38,0.0,8506672.5,25508564.150000002,0.8189785482228865,0.8888888888888888,146834.19,0.0035616805134735183,night,0.9276403601393926,0.9404989226735787,0.0,80294636,90924146,10629510,245121,6096,171218782,10629510,0.06208144851772161,0.11015542971157499,0.2104603020810358,-0.10030487236946081,0.0869720846986106,0.18727695706807143,0.17859554337621947,0.019673268825179686,0.0,0.030178804368759124,0.0064462701911296265,subway_high_mobility_low
4713,신설동,우이신설선,6,6,32199133.09,16074430.030000001,16124703.059999999,50273.03000000001,5366522.181666667,5313480.365,8627833.469999999,323.164330235,56.50248321,550.2964918,0.015423726122108699,6159101.18,0.0,6429332.51,19610699.400000002,0.9423406589177558,1.0,50273.03000000001,0.0015613162584061362,night,0.9400733862145352,0.998522570650306,0.0,3701142,5685303,1984161,215389,5604,9386445,1984161,0.2113857802394836,0.08564409386270216,0.011533728445242432,0.07411036541745973,0.0846562981411509,0.010545932723691172,0.111834389463691,0.009577954948306341,0.0,0.03355326520744925,0.01797022608788657,normal
156,신설동,1호선,5,5,34637266.839999996,17378966.93,17258299.91,-120667.02,6927453.367999999,7570364.8,11407712.61,363.88930364,114.4516967,564.4201581,0.010692059116526187,6660886.859999999,0.0,7071869.4,20904510.580000002,0.9388887640597565,1.0,120667.02,0.003483733879967996,night,0.9461927049863821,0.8755077230983759,0.0,52883632,47514051,-5369581,245791,6096,100397683,5369581,0.05348311673686732,0.09226447131934948,0.12340601598250835,-0.03114154466315887,0.08087848049709616,0.11202002516025503,0.1262532996611094,0.011648693945555663,0.0,0.02908211413106753,0.004613166625585562,normal
2711,장암,7호선,119,20,29919684.220000003,15026795.68,14892888.54,-133907.13999999998,251425.91781512607,0.0,6679743.66,1575.56890268,55.19835232,3512.918515,0.0023674386500948503,4739705.37,0.0,5500875.32,19679103.529999997,0.14676742051039002,0.16806722689075632,133907.13999999998,0.004475553251678001,night,0.878825487767042,0.9706421342760874,0.005391342663040981,12004447,5018317,-6986130,233823,6096,17022764,6986130,0.41039927475937515,0.07945460080780795,0.020920398637491514,0.058534202170316435,0.07779237888532585,0.019258176715009415,0.5552554049014461,0.044117596542822164,0.0004194053711439056,0.01956166651486272,0.03225250725081388,normal
237,당산,2호선,18,9,38002773.48,18668268.849999998,19334504.63,666235.78,2111265.1933333334,39.995,14542358.23,586.0605355111111,122.4961356,940.6255408,0.012173282984213524,5686082.8100000005,0.0,9399396.03,22917294.64,0.4428850378633455,0.5,666235.78,0.017531240985625033,night,0.9347580832780515,0.854714958735622,0.0,92877892,102672706,9794814,245123,6096,195550598,9794814,0.050088386842979636,0.10140298732145678,0.24036931085482974,-0.13896632353337296,0.07702882114037718,0.21599514467375014,0.20491429739686415,0.02077892190091944,0.0,0.02534545104567885,0.0033013918485961477,subway_high_mobility_low
2526,신길,5호선,9,7,30228492.509999998,15291900.4,14936592.11,-355308.29000000004,3358721.3899999997,3633692.9000000004,7625817.37,346.41886473999995,87.22991536,542.8098096,0.021384598589212007,6827280.73,0.0,6297707.970000001,17103503.810000002,0.7680635050385609,0.7777777777777778,355308.29000000004,0.011754085648910848,night,0.9850666507048405,1.0434029743819706,0.0,18812600,19727601,915001,241433,6096,38540201,915001,0.0237414693296488,0.08029312225542819,0.04736993335461078,0.032923188900817406,0.07648964240535494,0.043566453504537535,0.12006779065896826,0.009640617794319697,0.0,0.03976208944105578,0.0009625044634002171,normal
230,신림,2호선,13,13,98414593.26,48472893.989999995,49941699.27,1468805.28,7570353.327692308,5028998.7,29020972.75,548.9449849315386,67.12835191,1247.846973,0.11632425231490033,14087584.0,0.0,21709436.22,62617573.04,0.9023976840912403,1.0,1468805.28,0.014924669516436307,night,0.899352894849603,0.9908100492789729,0.009425886540518126,297568430,281646089,-15922341,245991,6096,579214519,15922341,0.027489540537570675,0.26544199862941015,0.7119743722845718,-0.4465323736551617,0.07645409827727367,0.5229864719324354,0.19177332403360364,0.050904694415285244,0.000720647655919204,0.02312483460843194,0.0033352444763706645,subway_high_mobility_low
2760,굴포천,7호선,9,9,30258586.39,15226236.53,15032349.86,-193886.66999999998,3362065.1544444445,4297407.68,6976273.65,445.1020465444444,189.0014458,797.6696558,0.021583003816700683,5481473.63,0.0,5992666.57,18784446.19,0.9247598770552313,1.0,193886.66999999998,0.006407657895878327,night,0.9261393859644478,1.035848604919956,0.0,20414425,21072806,658381,136763,3484,41487231,658381,0.015869485239928403,0.08037483756113488,0.05099246387706064,0.029382373684074238,0.0762763265601741,0.046893952876099855,0.15500713665395188,0.01245867342937802,0.0,0.028883810664335197,0.0007604928358095291,normal
2619,디지털미디어시티,6호선,9,9,33462556.41,17003179.43,16459376.98,-543802.4500000001,3718061.8233333332,3544743.8,9958168.17,430.8488494788889,21.95776991,732.715436,0.019629174895138254,6310163.4,0.0,6473761.33,20678631.68,0.916967310226778,1.0,543802.4500000001,0.016251073090084934,night,0.9298287738877806,0.7836887137005992,0.0,61446157,64786946,3340789,246118,6096,126233103,3340789,0.026465237093949913,0.0890747256998319,0.155163275837451,-0.06608855013761909,0.07525359946592358,0.1413421496035427,0.14996071055882468,0.013357709158779194,0.0,0.022049306177351475,0.0009098238568973697,normal
320,을지로3가,3호선,3,3,30900806.64,15315585.450000001,15585221.19,269635.74,10300268.88,7491334.289999999,16792342.39,186.81892976666666,101.3229429,253.593912,0.015928168476503454,5710647.82,0.0,7503369.899999999,17686788.92,0.9577947377579691,1.0,269635.74,0.00872584794116559,night,0.9750954054585363,0.6893705604624953,0.0,43460902,44189495,728593,243872,6096,87650397,728593,0.008312489445997603,0.08211868794067309,0.1077368736210808,-0.025618185680407704,0.07327147723607982,0.09888966291648753,0.06356051913766196,0.005219506436412842,0.0,0.024031575815186723,3.394445727232618e-05,normal
4127,선정릉,9호선(연장),6,5,29797708.33,14929158.5,14868549.830000002,-60608.67,4966284.721666667,3170610.02,11715596.879999999,324.4520759833333,159.7641718,508.3610479,0.0190345174833095,5961369.12,0.0,6702816.17,17133523.04,0.7663622303283417,0.8333333333333334,60608.67,0.0020340044049286794,night,0.9757186632561512,0.8769400107219789,0.0,38032568,29042566,-8990002,240349,6096,67075134,8990002,0.13402883399383145,0.07912339402622325,0.08244547237137065,-0.003322078345147403,0.07260002843010518,0.07592210677525259,0.11229032322496499,0.008884791489860872,0.0,0.030379457014746616,0.010443878910986944,normal
2744,보라매,7호선,4,4,30004787.689999998,14972034.6,15032753.09,60718.490000000005,7501196.922499999,7333484.3549999995,8765947.030000001,244.34388372499998,113.0104573,398.8026183,0.005210110563331168,4765110.43,0.0,6606048.08,18633629.18,0.9184106210115152,1.0,60718.490000000005,0.0020236267167534827,night,0.9212608302113353,0.6885925351229552,0.0,38484481,38516087,31606,242129,6096,77000568,31606,0.00041046450462547235,0.07968568620017841,0.09464595475993189,-0.014960268559753478,0.0721437583490622,0.08710402690881566,0.08392755871770506,0.006687825107526094,0.0,0.017615034472767268,0.00012854593782561825,normal
234,신도림,2호선,9,9,50752305.51,25353894.92,25398410.59,44515.67000000003,5639145.056666667,4612000.43,14066301.67,420.7019237555556,189.8104058,714.1228831,0.03195021978684095,8395780.61,0.0,11547639.24,30808885.66,0.9123985891802159,1.0,44515.67000000003,0.0008771162128039457,night,0.937500271249214,0.5223387893853114,0.0,215496770,208392547,-7104223,247700,6096,423889317,7104223,0.016759617935830168,0.13602238194417382,0.5210464600642379,-0.3850240781200641,0.06514840134265634,0.45017247946272043,0.1463681333622818,0.019909342140660067,0.0,0.013310359230565281,0.0021603757155984715,subway_high_mobility_low
4712,보문,우이신설선,6,6,23658465.259999998,12150846.45,11507618.809999999,-643227.6399999999,3943077.543333333,5240036.765000001,6144281.49,344.49353949333334,65.13420336,611.7995592,0.0970238300606759,4259678.96,0.0,4644711.0,14754075.299999999,0.8928144426554264,1.0,643227.6399999999,0.02718805437846901,night,0.9227896030659477,1.0278319663261728,0.0,2596001,4716347,2120346,215573,5604,7312348,2120346,0.2899678735202427,0.06245322307210463,0.008984219383908924,0.05346900368819571,0.06189212961479264,0.008423125926596933,0.11938611822283354,0.007456047873083279,0.0,0.02277584227379531,0.016411446663708504,normal
342,오금,3호선,8,8,24707519.080000002,12370383.42,12337135.66,-33247.76000000001,3088439.8850000002,3323374.71,7219831.49,401.70909025375,52.85780963,910.1987818,0.10822819930501305,5247484.23,0.0,4637643.34,14822391.51,0.9359367225586153,1.0,33247.76000000001,0.0013456535191715415,night,0.9496029397727576,0.9493134384390387,0.0,28458433,25566910,-2891523,242468,6096,54025343,2891523,0.05352160374067408,0.06530176748060469,0.0664044866301018,-0.0011027191494971111,0.06096543713501686,0.062068156284513974,0.1396436118277034,0.009118974669724507,0.0,0.024214116398104692,0.0034071817694441633,normal
2536,을지로4가,5호선,3,3,24659385.29,12308173.969999999,12351211.32,43037.35,8219795.096666667,8802766.35,14277036.26,170.97120470000002,46.4468192,262.0559834,0.0033791875518882977,4626209.53,0.0,5925136.88,14108038.879999999,0.9550949280892155,1.0,43037.35,0.001745272621108391,night,0.9760450553894033,0.23798500168916004,0.0,28555185,29531099,975914,241894,6096,58086284,975914,0.01680110919128516,0.06517106757202953,0.07139625214398122,-0.006225184571951689,0.060518097599164475,0.06674328217111616,0.05794954126673257,0.003776633469662342,0.0,0.0068829776346077615,0.0009812049424684235,normal
2646,태릉입구,6호선,7,6,23879659.64,11928253.790000001,11951405.850000001,23152.059999999983,3411379.9485714287,2685925.6,9573800.940000001,334.09023035571425,94.70062599,478.5296265,0.018276607873535244,3797164.48,0.0,4748199.86,15334295.3,0.7935644953509635,0.8571428571428571,23152.059999999983,0.0009695305690713765,night,0.8979945701745012,0.1507457097828494,0.0,27624169,30455403,2831234,242810,6096,58079572,2831234,0.048747501100731255,0.06305384241338938,0.07138800165964049,-0.00833415924625111,0.05855255460653563,0.06688671385278673,0.1157027670093274,0.007295504037799237,0.0,0.002667512795244517,0.0030125846247348433,normal
4103,공항시장,9호선,6,6,21393908.14,10756516.45,10637391.69,-119124.75999999998,3565651.356666667,1019596.11,12309376.55,263.4447826516667,55.51635111,392.9535089,0.015995796906451344,3563961.6300000004,0.0,4117185.93,13712760.58,0.8994747453151671,1.0,119124.75999999998,0.005568162638656631,night,0.9007921617256709,0.21498347466519943,0.0,4709509,8334965,3625456,235143,6096,13044474,3625456,0.2779304094592085,0.05630416627547148,0.016030228889590385,0.0402739373858811,0.05540159760263812,0.01512766021675702,0.09069034143519505,0.005106244063746503,0.0,0.0036745112177411013,0.015335129232145356,normal
323,약수,3호선,4,4,24215955.07,12245694.84,11970260.23,-275434.61,6053988.7675,5636364.34,12451959.16,286.858074775,183.3147847,386.6437993,0.01877891741830428,4026820.3899999997,0.0,5155351.12,15033783.559999999,0.9275458673101755,1.0,275434.61,0.011374096508017678,night,0.9236160350826523,0.6370960779681203,0.0,63687378,60943234,-2744144,244961,6096,124630612,2744144,0.02201821812445244,0.0639670009649026,0.15319347147188592,-0.08922647050698332,0.05416767402744369,0.143394144534427,0.09897995167496058,0.006331450664298216,0.0,0.012419746555992112,0.000680872537709023,normal
319,종로3가,3호선,3,2,22360607.59,10723702.05,11636905.540000001,913203.49,7453535.863333333,3790922.62,18569684.97,222.67916885666668,33.34256017,379.6688539,0.0209442433638745,2744031.66,0.0,6163167.36,13453408.569999998,0.63509045282471,0.6666666666666666,913203.49,0.04083983345821061,night,0.9183299139607638,0.45514933845446837,0.0,36852976,42655894,5802918,243950,6096,79508870,5802918,0.072984536190742,0.058929090050114014,0.09772919468437176,-0.038800104634257745,0.05316999753603354,0.09197010217029129,0.07625704227481843,0.004493758111168126,0.0,0.008421440471678547,0.001894258081959488,normal
2513,김포공항,5호선,72,10,20844394.08,9816128.05,11028266.03,1212137.98,289505.4733333333,0.0,9190429.95,1567.419784576389,175.0054108,2818.341499,0.011556533108860166,3883456.0,0.0,4023742.38,12937195.7,0.11887101112910974,0.1388888888888889,1212137.98,0.058151749355143646,night,0.9266237334920518,0.8759849532070731,0.08212226958625991,41366130,32906629,-8459501,242452,6096,74272759,8459501,0.11389776162751676,0.054812045305924685,0.0912928937588856,-0.03648084845296091,0.04980809507710368,0.0862889435300646,0.5523701629405589,0.03027653839673891,0.004090353811499974,0.01599772803173611,0.003055552950297949,normal
2629,삼각지,6호선,8,8,20520767.98,10101722.53,10419045.45,317322.92,2565095.9975,1049421.275,11083959.120000001,356.75733368625,97.15944509,793.3492216,0.013941849168129156,3214905.6999999997,0.0,4152705.3,13153156.98,0.8669778318378616,1.0,317322.92,0.01546350118617734,night,0.8988047315315113,0.7061326300678821,0.0,35773957,29461662,-6312295,240038,6096,65235619,6312295,0.09676147933845772,0.05393328837274878,0.08018431478763231,-0.026251026414883534,0.04960868460033614,0.07585971101521967,0.12372818483117112,0.006673067872336313,0.0,0.010650561067068517,0.0043846672998083674,normal
2556,올림픽공원(한국체대),5호선,12,11,18780625.0,9101340.15,9679284.85,577944.7,1565052.0833333333,334819.175,12370196.219999999,535.8735389308333,15.69373017,1063.200371,0.10701661165106825,3447519.63,0.0,3597930.6300000004,11735174.74,0.8164149077600173,0.9166666666666666,577944.7,0.030773454025092347,night,0.9215819984423492,0.8493816116169562,0.006575610236613532,26792509,24391697,-2400812,239293,6096,51184206,2400812,0.04690532856952006,0.04920819757076341,0.06291212126532383,-0.013703923694560423,0.04611240547794353,0.05981632917250395,0.1871453036746896,0.009209083077664642,0.0003032172054956393,0.013916422635636694,0.0007938204697689679,normal
216,잠실(송파구청),2호선,16,16,260884211.79,128591106.36,132293105.43,3701999.0700000003,16305263.236875,9141662.919999998,56362570.25,451.9319236475,65.33977076,771.8447188,0.09789967203321114,33440394.48,0.0,61404765.629999995,166039051.68,0.8915180522684956,1.0,3701999.0700000003,0.014190199723469438,night,0.8913909795130155,0.9320781723527964,0.0,391510783,370644951,-20865832,245529,6096,762155734,20865832,0.027377386364976164,0.7066032761459131,0.936848274196518,-0.23024499805060483,0.04462321634700881,0.27486821439761366,0.15742529377904094,0.11123722833250316,0.0,0.011951564270211906,0.009318109284036273,subway_high_mobility_low
243,충정로(경기대입구),2호선,4,4,17676483.33,8661705.13,9014778.2,353073.07,4419120.8325,4864651.285,7256061.29,258.396698425,174.0726482,415.6141511,0.016849020376162555,4150482.9699999997,0.0,4276413.29,9249587.07,1.004597007526519,1.0,353073.07,0.01997416926254641,night,1.022454018921502,0.16506765554938657,0.0,48428388,49229766,801378,244694,6096,97658154,801378,0.008205950728906876,0.046210070572598134,0.12003854859342966,-0.07382847802083153,0.0406630807706635,0.11449155879149502,0.08890303828807071,0.004108215673410141,0.0,0.003908964339566767,0.0005438102089532403,normal
434,남태령,4호선,108,22,14628581.6,7415052.0200000005,7213529.58,-201522.44,135449.82962962962,0.0,4231310.85,1260.3181474271298,54.72333793,2982.118591,0.013964426456291534,3288666.88,0.0,2813690.77,8526223.95,0.17952407107040977,0.2037037037037037,201522.44,0.013775938468292783,night,0.9672400189384056,1.1732782171089087,0.028950344714213438,7996837,4487659,-3509178,237342,6096,12484496,3509178,0.281082872708678,0.03793396188767945,0.015341896094572883,0.022592065793106568,0.03735198298594319,0.014759917192836617,0.4436390685454992,0.01682898751809058,0.0010813527832024905,0.020075237800279408,0.01014001105578721,normal
422,동대문역사문화공원,4호선,2,2,16972796.259999998,8428038.7,8544757.56,116718.86,8486398.129999999,8486398.129999999,11874971.11,281.28879765,255.8552485,306.7223468,0.017866148403493806,2366107.83,0.0,3771182.4899999998,10835505.94,0.9090715556794446,1.0,116718.86,0.006876819718567694,night,0.8954089681059368,-0.0,0.0,88566299,77935917,-10630382,244759,6096,166502216,10630382,0.06384528840144686,0.04429931649080824,0.2046626331410694,-0.16036331665026116,0.03523290173144983,0.19559621838171098,0.09700811719562727,0.004297393285826509,0.0,0.0,0.0025236642241795617,subway_high_mobility_low
431,동작(현충원),4호선,12,8,13595370.63,6834254.62,6761116.010000001,-73138.60999999999,1132947.5525,275383.35,9438379.41,547.57542145,109.6679176,955.63789,0.012356835056531762,2659120.19,0.0,2673535.55,8262714.89,0.5805622578239314,0.6666666666666666,73138.60999999999,0.005379670182628921,night,0.9416187741045552,0.6552643660897184,0.0,9414158,9077024,-337134,241411,6096,18491182,337134,0.018232149789018354,0.035128436303306275,0.022725398594979147,0.012403037708327128,0.034330128586295305,0.021927090877968174,0.19128842223505407,0.0067196631560440525,0.0,0.009007392612712058,0.00045148751119259404,normal
2538,청구,5호선,3,3,11920952.76,5652607.25,6268345.510000001,615738.26,3973650.92,5279165.710000001,6088961.93,218.19635033333336,177.2557346,262.2149172,0.22522843883969043,2271668.09,0.0,2606691.25,7042593.42,0.9333389674641753,1.0,615738.26,0.05165176579392803,night,0.9592632723079223,0.6866000937607117,0.0,19001317,17377548,-1623769,239820,6096,36378865,1623769,0.04463495493880856,0.030581811935567867,0.04471318889348562,-0.014131376957917753,0.029214401601787766,0.04334577855970552,0.07466987468906056,0.002283540064993269,0.0,0.0088283853948522,0.00021458678995871466,normal
4120,동작(현충원),9호선,26,9,5839244.6,2954025.24,2885219.36,-68805.88,224586.33076923076,0.0,3902132.81,629.176056715,98.49671639,1132.787661,0.012833517807726789,872017.47,0.0,823545.98,4143681.1500000004,0.2832197261303457,0.34615384615384615,68805.88,0.011783352935754738,night,0.8036390987538369,0.8011339694960249,0.0,3599750,5663656,2063906,238389,6096,9263406,2063906,0.2228020665401041,0.014067868186431024,0.011382487184396188,0.0026853810020348364,0.013907740857087198,0.011222359855052362,0.22017959474086282,0.0030974575161562597,0.0,0.0010007982675769736,0.0029685834478562255,normal
2627,공덕,6호선,1,1,6638818.28,3294555.04,3344263.24,49708.2,6638818.28,6638818.28,6638818.28,337.385007,337.385007,337.385007,0.007487507249558273,1288270.86,0.0,1467333.06,3883214.36,0.9654830554805933,1.0,49708.2,0.007487507249558273,night,0.9654830554805933,-0.0,0.0,73977548,72963768,-1013780,245158,6096,146941316,1013780,0.006899216827485062,0.016238987619891367,0.18061810108792115,-0.16437911346802977,0.01330593251239633,0.1776850459804261,0.11686930156005776,0.0018978391411791288,0.0,0.0,9.553240880947548e-06,normal
150,서울역,1호선,1,1,7608259.34,3763068.76,3845190.58,82121.82,7608259.34,7608259.34,7608259.34,20.42746101,20.42746101,20.42746101,0.010793772442567658,523717.34,0.0,1898590.91,5185951.09,0.7918553993600569,1.0,82121.82,0.010793772442567658,night,0.7918553993600569,-0.0,0.0,182289570,154683426,-27606144,246501,6096,336972996,27606144,0.08192390585505552,0.01887135581510309,0.4142077018155775,-0.3953363460004744,0.011054694892785205,0.40639104089325956,0.00464866616333023,8.77266332338349e-05,0.0,0.0,0.0013423220568028113,subway_high_mobility_low
4102,김포공항,9호선,1,1,3998217.54,2075794.01,1922423.53,-153370.48,3998217.54,3998217.54,3998217.54,7.297702708,7.297702708,7.297702708,0.03835971366380429,291509.82,0.0,861446.76,2845260.96,0.7637354116442436,1.0,153370.48,0.03835971366380429,night,0.7637354116442436,-0.0,0.0,12424532,28952057,16527525,241448,6096,41376589,16527525,0.3994414571002941,0.009068842171102006,0.050856461182122045,-0.04178761901102004,0.008607632951260566,0.050395251962280604,0.0,0.0,0.0,0.0,0.0032745933420918736,normal
2754,부천종합운동장,7호선,6,2,658370.1799999999,326004.61,332365.56999999995,6360.96,109728.36333333333,0.0,626662.7,519.7430823666667,230.2503969,873.378987,0.003521244870379999,165174.93,0.0,170722.59,322472.66000000003,0.31032230093721574,0.3333333333333333,6360.96,0.00966167696112845,night,1.0465102710469458,-0.0,0.0,12052713,10525154,-1527559,134945,3452,22577867,1527559,0.06765736550755658,0.0,0.02774880899397,-0.02774880899397,0.0,0.02774880899397,0.18143422309695442,0.0,0.0,0.0,0.0,normal
222,강남,2호선,7,7,181141237.6,87873816.15,93267421.45,5393605.300000001,25877319.657142855,30706009.4,54742245.24,322.33862515714287,109.2322799,646.7061611,0.04472986274357959,30185195.17,0.0,42587702.66,108368339.77,0.9417089510935562,1.0,5393605.300000001,0.029775689795772935,night,0.9463200971002335,0.7528964716910022,0.0,405237225,408294206,3056981,245661,6096,813531431,3056981,0.003757667968946611,0.4900734862385771,1.0,-0.5099265137614228,0.0,0.5099265137614228,0.11154204384939741,0.054663798291450426,0.0,0.0,0.01275074266170417,subway_high_mobility_low
