setting_a,setting_b,ARI,NMI
mobility_visual_pca64_alpha0.01,mobility_visual_pca64_alpha0.25,1.0,1.0
mobility_visual_pca64_alpha0.03,mobility_visual_pca64_alpha0.25,1.0,1.0
mobility_visual_pca2_alpha0.03,mobility_visual_pca2_alpha2.0,1.0,1.0
mobility_visual_pca2_alpha0.03,mobility_visual_pca2_alpha0.05,1.0,1.0
mobility_visual_pca2_alpha0.03,mobility_visual_pca2_alpha0.1,1.0,1.0
mobility_visual_pca2_alpha0.03,mobility_visual_pca2_alpha0.25,1.0,1.0
mobility_visual_pca2_alpha0.03,mobility_visual_pca2_alpha0.5,1.0,1.0
mobility_visual_pca2_alpha0.03,mobility_visual_pca2_alpha1.0,1.0,1.0
mobility_visual_pca2_alpha0.05,mobility_visual_pca2_alpha0.25,1.0,1.0
mobility_visual_pca2_alpha0.05,mobility_visual_pca2_alpha0.5,1.0,1.0
mobility_visual_pca2_alpha0.05,mobility_visual_pca2_alpha1.0,1.0,1.0
mobility_visual_pca2_alpha0.05,mobility_visual_pca2_alpha2.0,1.0,1.0
mobility_visual_pca16_alpha0.25,mobility_visual_pca16_alpha0.5,1.0,1.0
mobility_visual_pca16_alpha0.25,mobility_visual_pca16_alpha1.0,1.0,1.0
mobility_visual_pca16_alpha0.25,mobility_visual_pca16_alpha2.0,1.0,1.0
mobility_visual_pca2_alpha0.05,mobility_visual_pca2_alpha0.1,1.0,1.0
mobility_visual_pca8_alpha0.1,mobility_visual_pca8_alpha1.0,1.0,1.0
mobility_visual_pca8_alpha0.1,mobility_visual_pca8_alpha2.0,1.0,1.0
mobility_visual_pca8_alpha0.05,mobility_visual_pca8_alpha1.0,1.0,1.0
mobility_visual_pca8_alpha0.05,mobility_visual_pca8_alpha2.0,1.0,1.0
mobility_visual_pca8_alpha0.05,mobility_visual_pca8_alpha0.1,1.0,1.0
mobility_visual_pca8_alpha0.05,mobility_visual_pca8_alpha0.25,1.0,1.0
mobility_visual_pca4_alpha0.1,mobility_visual_pca4_alpha0.25,1.0,1.0
mobility_visual_pca4_alpha0.1,mobility_visual_pca4_alpha0.5,1.0,1.0
mobility_visual_pca8_alpha0.05,mobility_visual_pca8_alpha0.5,1.0,1.0
mobility_visual_pca8_alpha0.03,mobility_visual_pca8_alpha0.1,1.0,1.0
mobility_visual_pca8_alpha0.03,mobility_visual_pca8_alpha0.25,1.0,1.0
mobility_visual_pca8_alpha0.03,mobility_visual_pca8_alpha0.5,1.0,1.0
mobility_visual_pca8_alpha0.03,mobility_visual_pca8_alpha1.0,1.0,1.0
mobility_visual_pca8_alpha0.03,mobility_visual_pca8_alpha2.0,1.0,1.0
mobility_visual_pca8_alpha0.1,mobility_visual_pca8_alpha0.25,1.0,1.0
mobility_visual_pca8_alpha0.1,mobility_visual_pca8_alpha0.5,1.0,1.0
mobility_visual_pca8_alpha0.01,mobility_visual_pca8_alpha2.0,1.0,1.0
mobility_visual_pca4_alpha0.25,mobility_visual_pca4_alpha0.5,1.0,1.0
mobility_visual_pca4_alpha0.25,mobility_visual_pca4_alpha1.0,1.0,1.0
mobility_visual_pca4_alpha0.25,mobility_visual_pca4_alpha2.0,1.0,1.0
mobility_visual_pca8_alpha0.03,mobility_visual_pca8_alpha0.05,1.0,1.0
mobility_visual_pca8_alpha0.01,mobility_visual_pca8_alpha0.03,1.0,1.0
mobility_visual_pca8_alpha0.01,mobility_visual_pca8_alpha0.05,1.0,1.0
mobility_visual_pca8_alpha0.01,mobility_visual_pca8_alpha0.1,1.0,1.0
mobility_visual_pca4_alpha1.0,mobility_visual_pca4_alpha2.0,1.0,1.0
mobility_visual_pca8_alpha0.01,mobility_visual_pca8_alpha0.25,1.0,1.0
mobility_visual_pca8_alpha0.01,mobility_visual_pca8_alpha0.5,1.0,1.0
mobility_visual_pca8_alpha0.01,mobility_visual_pca8_alpha1.0,1.0,1.0
mobility_visual_pca8_alpha0.25,mobility_visual_pca8_alpha2.0,1.0,1.0
mobility_visual_pca4_alpha0.05,mobility_visual_pca4_alpha0.1,1.0,1.0
mobility_visual_pca8,mobility_visual_pca8_alpha0.1,1.0,1.0
mobility_visual_pca8,mobility_visual_pca8_alpha0.25,1.0,1.0
mobility_visual_pca8,mobility_visual_pca8_alpha0.5,1.0,1.0
mobility_visual_pca8,mobility_visual_pca8_alpha1.0,1.0,1.0
mobility_visual_pca2,mobility_visual_pca2_alpha2.0,1.0,1.0
mobility_visual_pca4_alpha0.1,mobility_visual_pca4_alpha1.0,1.0,1.0
mobility_visual_pca4_alpha0.1,mobility_visual_pca4_alpha2.0,1.0,1.0
mobility_visual_pca8_alpha0.25,mobility_visual_pca8_alpha0.5,1.0,1.0
mobility_visual_pca8_alpha0.25,mobility_visual_pca8_alpha1.0,1.0,1.0
mobility_visual_pca8_alpha1.0,mobility_visual_pca8_alpha2.0,1.0,1.0
mobility_visual_pca8_alpha0.5,mobility_visual_pca8_alpha1.0,1.0,1.0
mobility_visual_pca8_alpha0.5,mobility_visual_pca8_alpha2.0,1.0,1.0
mobility_visual_pca2,mobility_visual_pca2_alpha0.01,1.0,1.0
mobility_visual_pca4,mobility_visual_pca4_alpha0.01,1.0,1.0
mobility_visual_pca2,mobility_visual_pca2_alpha0.03,1.0,1.0
mobility_visual_pca2,mobility_visual_pca2_alpha0.05,1.0,1.0
mobility_visual_pca2,mobility_visual_pca2_alpha0.1,1.0,1.0
mobility_visual_pca2,mobility_visual_pca2_alpha0.25,1.0,1.0
mobility_visual_pca2,mobility_visual_pca2_alpha0.5,1.0,1.0
mobility_visual_pca2,mobility_visual_pca2_alpha1.0,1.0,1.0
mobility_visual_pca4,mobility_visual_pca4_alpha0.03,1.0,1.0
mobility_visual_pca4,mobility_visual_pca4_alpha0.05,1.0,1.0
mobility_visual_pca4,mobility_visual_pca4_alpha0.1,1.0,1.0
mobility_visual_pca4,mobility_visual_pca4_alpha0.25,1.0,1.0
mobility_visual_pca4,mobility_visual_pca4_alpha0.5,1.0,1.0
mobility_visual_pca4,mobility_visual_pca4_alpha1.0,1.0,1.0
mobility_visual_pca8,mobility_visual_pca8_alpha2.0,1.0,1.0
mobility_visual_pca4,mobility_visual_pca4_alpha2.0,1.0,1.0
mobility_visual_pca4_alpha0.03,mobility_visual_pca4_alpha0.1,1.0,1.0
mobility_visual_pca4_alpha0.03,mobility_visual_pca4_alpha0.25,1.0,1.0
mobility_visual_pca4_alpha0.03,mobility_visual_pca4_alpha0.5,1.0,1.0
mobility_visual_pca16_alpha0.01,mobility_visual_pca16_alpha0.25,1.0,1.0
mobility_visual_pca16_alpha0.01,mobility_visual_pca16_alpha0.5,1.0,1.0
mobility_visual_pca16_alpha0.01,mobility_visual_pca16_alpha1.0,1.0,1.0
mobility_visual_pca16_alpha0.01,mobility_visual_pca16_alpha2.0,1.0,1.0
mobility_visual_pca4_alpha0.03,mobility_visual_pca4_alpha0.05,1.0,1.0
mobility_visual_pca16_alpha0.01,mobility_visual_pca16_alpha0.03,1.0,1.0
mobility_visual_pca16_alpha0.01,mobility_visual_pca16_alpha0.05,1.0,1.0
mobility_visual_pca16_alpha0.01,mobility_visual_pca16_alpha0.1,1.0,1.0
mobility_visual_pca32_alpha0.5,mobility_visual_pca32_alpha1.0,1.0,1.0
mobility_visual_pca32_alpha0.5,mobility_visual_pca32_alpha2.0,1.0,1.0
mobility_visual_pca4_alpha0.05,mobility_visual_pca4_alpha0.25,1.0,1.0
mobility_visual_pca4_alpha0.05,mobility_visual_pca4_alpha0.5,1.0,1.0
mobility_visual_pca4_alpha0.05,mobility_visual_pca4_alpha1.0,1.0,1.0
mobility_visual_pca4_alpha0.05,mobility_visual_pca4_alpha2.0,1.0,1.0
mobility_visual_pca8,mobility_visual_pca8_alpha0.01,1.0,1.0
mobility_visual_pca8,mobility_visual_pca8_alpha0.03,1.0,1.0
mobility_visual_pca8,mobility_visual_pca8_alpha0.05,1.0,1.0
mobility_visual_pca2_alpha0.01,mobility_visual_pca2_alpha0.5,1.0,1.0
mobility_visual_pca2_alpha0.01,mobility_visual_pca2_alpha1.0,1.0,1.0
mobility_visual_pca16_alpha1.0,mobility_visual_pca16_alpha2.0,1.0,1.0
mobility_visual_pca2_alpha0.01,mobility_visual_pca2_alpha2.0,1.0,1.0
mobility_visual_pca32_alpha0.01,mobility_visual_pca32_alpha0.03,1.0,1.0
mobility_visual_pca32_alpha0.01,mobility_visual_pca32_alpha0.05,1.0,1.0
mobility_visual_pca32_alpha0.01,mobility_visual_pca32_alpha0.1,1.0,1.0
mobility_visual_pca32_alpha0.01,mobility_visual_pca32_alpha1.0,1.0,1.0
mobility_visual_pca32_alpha0.01,mobility_visual_pca32_alpha2.0,1.0,1.0
mobility_visual_pca32_alpha0.01,mobility_visual_pca32_alpha0.25,1.0,1.0
mobility_visual_pca32_alpha0.01,mobility_visual_pca32_alpha0.5,1.0,1.0
mobility_visual_pca16,mobility_visual_pca16_alpha0.05,1.0,1.0
mobility_visual_pca16,mobility_visual_pca16_alpha0.1,1.0,1.0
mobility_visual_pca16,mobility_visual_pca16_alpha0.25,1.0,1.0
mobility_visual_pca32_alpha0.1,mobility_visual_pca32_alpha1.0,1.0,1.0
mobility_visual_pca32_alpha0.1,mobility_visual_pca32_alpha2.0,1.0,1.0
mobility_visual_pca16_alpha0.03,mobility_visual_pca16_alpha0.05,1.0,1.0
mobility_visual_pca16_alpha0.03,mobility_visual_pca16_alpha0.1,1.0,1.0
mobility_visual_pca16_alpha0.03,mobility_visual_pca16_alpha0.25,1.0,1.0
mobility_visual_pca4_alpha0.01,mobility_visual_pca4_alpha2.0,1.0,1.0
mobility_visual_pca16_alpha0.03,mobility_visual_pca16_alpha0.5,1.0,1.0
mobility_visual_pca16_alpha0.03,mobility_visual_pca16_alpha1.0,1.0,1.0
mobility_visual_pca16_alpha0.03,mobility_visual_pca16_alpha2.0,1.0,1.0
mobility_visual_pca4_alpha0.03,mobility_visual_pca4_alpha1.0,1.0,1.0
mobility_visual_pca4_alpha0.03,mobility_visual_pca4_alpha2.0,1.0,1.0
mobility_visual_pca4_alpha0.01,mobility_visual_pca4_alpha0.03,1.0,1.0
mobility_visual_pca4_alpha0.01,mobility_visual_pca4_alpha0.05,1.0,1.0
mobility_visual_pca4_alpha0.01,mobility_visual_pca4_alpha0.1,1.0,1.0
mobility_visual_pca4_alpha0.01,mobility_visual_pca4_alpha0.25,1.0,1.0
mobility_visual_pca4_alpha0.01,mobility_visual_pca4_alpha0.5,1.0,1.0
mobility_visual_pca4_alpha0.01,mobility_visual_pca4_alpha1.0,1.0,1.0
mobility_visual_pca32,mobility_visual_pca32_alpha2.0,1.0,1.0
mobility_visual_pca32_alpha0.03,mobility_visual_pca32_alpha0.5,1.0,1.0
mobility_visual_pca32_alpha0.03,mobility_visual_pca32_alpha1.0,1.0,1.0
mobility_visual_pca32_alpha0.03,mobility_visual_pca32_alpha2.0,1.0,1.0
mobility_visual_pca64,mobility_visual_pca64_alpha2.0,1.0,1.0
mobility_visual_pca32_alpha0.03,mobility_visual_pca32_alpha0.05,1.0,1.0
mobility_visual_pca32_alpha0.03,mobility_visual_pca32_alpha0.1,1.0,1.0
mobility_visual_pca32_alpha0.03,mobility_visual_pca32_alpha0.25,1.0,1.0
mobility_visual_pca2_alpha0.1,mobility_visual_pca2_alpha0.25,1.0,1.0
mobility_visual_pca64,mobility_visual_pca64_alpha1.0,1.0,1.0
mobility_visual_pca2_alpha0.5,mobility_visual_pca2_alpha1.0,1.0,1.0
mobility_visual_pca2_alpha0.5,mobility_visual_pca2_alpha2.0,1.0,1.0
mobility_visual_pca2_alpha1.0,mobility_visual_pca2_alpha2.0,1.0,1.0
mobility_visual_pca32_alpha0.25,mobility_visual_pca32_alpha0.5,1.0,1.0
mobility_visual_pca32_alpha0.25,mobility_visual_pca32_alpha1.0,1.0,1.0
mobility_visual_pca32_alpha0.25,mobility_visual_pca32_alpha2.0,1.0,1.0
mobility_visual_pca2_alpha0.25,mobility_visual_pca2_alpha0.5,1.0,1.0
mobility_visual_pca2_alpha0.1,mobility_visual_pca2_alpha0.5,1.0,1.0
mobility_visual_pca2_alpha0.1,mobility_visual_pca2_alpha1.0,1.0,1.0
mobility_visual_pca2_alpha0.1,mobility_visual_pca2_alpha2.0,1.0,1.0
mobility_visual_pca16_alpha0.1,mobility_visual_pca16_alpha0.25,1.0,1.0
mobility_visual_pca16_alpha0.1,mobility_visual_pca16_alpha0.5,1.0,1.0
mobility_visual_pca2_alpha0.25,mobility_visual_pca2_alpha1.0,1.0,1.0
mobility_visual_pca2_alpha0.25,mobility_visual_pca2_alpha2.0,1.0,1.0
mobility_visual_pca16_alpha0.05,mobility_visual_pca16_alpha0.1,1.0,1.0
mobility_visual_pca16_alpha0.05,mobility_visual_pca16_alpha0.25,1.0,1.0
mobility_visual_pca16_alpha0.05,mobility_visual_pca16_alpha0.5,1.0,1.0
mobility_visual_pca16_alpha0.05,mobility_visual_pca16_alpha1.0,1.0,1.0
mobility_visual_pca16_alpha0.05,mobility_visual_pca16_alpha2.0,1.0,1.0
mobility_visual_pca16_alpha0.1,mobility_visual_pca16_alpha1.0,1.0,1.0
mobility_visual_pca16_alpha0.1,mobility_visual_pca16_alpha2.0,1.0,1.0
mobility_visual_pca32_alpha0.05,mobility_visual_pca32_alpha0.1,1.0,1.0
mobility_visual_pca32_alpha0.05,mobility_visual_pca32_alpha0.25,1.0,1.0
mobility_visual_pca32_alpha0.05,mobility_visual_pca32_alpha0.5,1.0,1.0
mobility_visual_pca32_alpha0.05,mobility_visual_pca32_alpha1.0,1.0,1.0
mobility_visual_pca32_alpha0.05,mobility_visual_pca32_alpha2.0,1.0,1.0
mobility_visual_pca64,mobility_visual_pca64_alpha0.05,1.0,1.0
mobility_visual_pca64,mobility_visual_pca64_alpha0.1,1.0,1.0
mobility_visual_pca64,mobility_visual_pca64_alpha0.25,1.0,1.0
mobility_visual_pca64,mobility_visual_pca64_alpha0.5,1.0,1.0
mobility_visual_pca16,mobility_visual_pca16_alpha1.0,1.0,1.0
mobility_visual_pca16,mobility_visual_pca16_alpha2.0,1.0,1.0
mobility_visual_pca16,mobility_visual_pca16_alpha0.01,1.0,1.0
mobility_visual_pca16,mobility_visual_pca16_alpha0.03,1.0,1.0
mobility_visual_pca32_alpha0.1,mobility_visual_pca32_alpha0.25,1.0,1.0
mobility_visual_pca32_alpha0.1,mobility_visual_pca32_alpha0.5,1.0,1.0
mobility_visual_pca64,mobility_visual_pca64_alpha0.01,1.0,1.0
mobility_visual_pca64,mobility_visual_pca64_alpha0.03,1.0,1.0
mobility_visual_pca32,mobility_visual_pca32_alpha0.01,1.0,1.0
mobility_visual_pca32,mobility_visual_pca32_alpha0.03,1.0,1.0
mobility_visual_pca32,mobility_visual_pca32_alpha0.05,1.0,1.0
mobility_visual_pca32,mobility_visual_pca32_alpha0.1,1.0,1.0
mobility_visual_pca16,mobility_visual_pca16_alpha0.5,1.0,1.0
mobility_visual_pca32,mobility_visual_pca32_alpha0.25,1.0,1.0
mobility_visual_pca32,mobility_visual_pca32_alpha0.5,1.0,1.0
mobility_visual_pca32,mobility_visual_pca32_alpha1.0,1.0,1.0
mobility_visual_pca64_alpha0.05,mobility_visual_pca64_alpha1.0,1.0,1.0
mobility_visual_pca64_alpha0.03,mobility_visual_pca64_alpha0.5,1.0,1.0
mobility_visual_pca64_alpha0.03,mobility_visual_pca64_alpha1.0,1.0,1.0
mobility_visual_pca64_alpha0.03,mobility_visual_pca64_alpha2.0,1.0,1.0
mobility_visual_pca64_alpha0.03,mobility_visual_pca64_alpha0.05,1.0,1.0
mobility_visual_pca64_alpha0.03,mobility_visual_pca64_alpha0.1,1.0,1.0
mobility_visual_pca64_alpha0.5,mobility_visual_pca64_alpha1.0,1.0,1.0
mobility_visual_pca64_alpha0.01,mobility_visual_pca64_alpha0.5,1.0,1.0
mobility_visual_pca64_alpha0.01,mobility_visual_pca64_alpha1.0,1.0,1.0
mobility_visual_pca64_alpha0.01,mobility_visual_pca64_alpha2.0,1.0,1.0
mobility_visual_pca64_alpha0.01,mobility_visual_pca64_alpha0.03,1.0,1.0
mobility_visual_pca64_alpha0.01,mobility_visual_pca64_alpha0.05,1.0,1.0
mobility_visual_pca64_alpha0.01,mobility_visual_pca64_alpha0.1,1.0,1.0
mobility_visual_pca64_alpha1.0,mobility_visual_pca64_alpha2.0,1.0,1.0
mobility_visual_pca2_alpha0.01,mobility_visual_pca2_alpha0.03,1.0,1.0
mobility_visual_pca2_alpha0.01,mobility_visual_pca2_alpha0.05,1.0,1.0
mobility_visual_pca2_alpha0.01,mobility_visual_pca2_alpha0.1,1.0,1.0
mobility_visual_pca2_alpha0.01,mobility_visual_pca2_alpha0.25,1.0,1.0
mobility_visual_pca16_alpha0.5,mobility_visual_pca16_alpha2.0,1.0,1.0
mobility_visual_pca16_alpha0.5,mobility_visual_pca16_alpha1.0,1.0,1.0
mobility_visual_pca64_alpha0.05,mobility_visual_pca64_alpha0.5,1.0,1.0
mobility_visual_pca32_alpha1.0,mobility_visual_pca32_alpha2.0,1.0,1.0
mobility_visual_pca64_alpha0.05,mobility_visual_pca64_alpha0.1,1.0,1.0
mobility_visual_pca64_alpha0.05,mobility_visual_pca64_alpha0.25,1.0,1.0
mobility_visual_pca4_alpha0.5,mobility_visual_pca4_alpha1.0,1.0,1.0
mobility_visual_pca4_alpha0.5,mobility_visual_pca4_alpha2.0,1.0,1.0
mobility_visual_pca64_alpha0.1,mobility_visual_pca64_alpha0.25,1.0,1.0
mobility_visual_pca64_alpha0.1,mobility_visual_pca64_alpha0.5,1.0,1.0
mobility_visual_pca64_alpha0.1,mobility_visual_pca64_alpha1.0,1.0,1.0
mobility_visual_pca64_alpha0.1,mobility_visual_pca64_alpha2.0,1.0,1.0
mobility_visual_pca64_alpha0.05,mobility_visual_pca64_alpha2.0,1.0,1.0
mobility_visual_pca64_alpha0.5,mobility_visual_pca64_alpha2.0,1.0,1.0
mobility_visual_pca64_alpha0.25,mobility_visual_pca64_alpha1.0,1.0,1.0
mobility_visual_pca64_alpha0.25,mobility_visual_pca64_alpha2.0,1.0,1.0
mobility_visual_pca64_alpha0.25,mobility_visual_pca64_alpha0.5,1.0,1.0
mobility_only,mobility_visual_pca8_alpha0.03,0.9159952313384625,0.8837701320803086
mobility_only,mobility_visual_pca8_alpha0.05,0.9159952313384625,0.8837701320803086
mobility_only,mobility_visual_pca8_alpha0.1,0.9159952313384625,0.8837701320803086
mobility_only,mobility_visual_pca8_alpha0.25,0.9159952313384625,0.8837701320803086
mobility_only,mobility_visual_pca8_alpha0.5,0.9159952313384625,0.8837701320803086
mobility_only,mobility_visual_pca8_alpha1.0,0.9159952313384625,0.8837701320803086
mobility_only,mobility_visual_pca8_alpha2.0,0.9159952313384625,0.8837701320803086
mobility_only,mobility_visual_pca8_alpha0.01,0.9159952313384625,0.8837701320803086
mobility_only,mobility_visual_pca8,0.9159952313384625,0.8837701320803086
mobility_visual_pca32_alpha1.0,mobility_visual_pca64_alpha1.0,0.843839933008236,0.8130034465953069
mobility_visual_pca32_alpha1.0,mobility_visual_pca64_alpha0.03,0.843839933008236,0.8130034465953069
mobility_visual_pca32_alpha0.05,mobility_visual_pca64_alpha0.01,0.843839933008236,0.8130034465953069
mobility_visual_pca32_alpha0.05,mobility_visual_pca64_alpha0.03,0.843839933008236,0.8130034465953069
mobility_visual_pca32_alpha0.05,mobility_visual_pca64_alpha0.05,0.843839933008236,0.8130034465953069
mobility_visual_pca32_alpha0.05,mobility_visual_pca64,0.843839933008236,0.8130034465953069
mobility_visual_pca32_alpha2.0,mobility_visual_pca64_alpha2.0,0.843839933008236,0.8130034465953069
mobility_visual_pca32_alpha2.0,mobility_visual_pca64_alpha1.0,0.843839933008236,0.8130034465953069
mobility_visual_pca32_alpha2.0,mobility_visual_pca64,0.843839933008236,0.8130034465953069
mobility_visual_pca32_alpha1.0,mobility_visual_pca64_alpha2.0,0.843839933008236,0.8130034465953069
mobility_visual_pca32_alpha2.0,mobility_visual_pca64_alpha0.01,0.843839933008236,0.8130034465953069
mobility_visual_pca32_alpha2.0,mobility_visual_pca64_alpha0.03,0.843839933008236,0.8130034465953069
mobility_visual_pca32_alpha2.0,mobility_visual_pca64_alpha0.05,0.843839933008236,0.8130034465953069
mobility_visual_pca32_alpha2.0,mobility_visual_pca64_alpha0.1,0.843839933008236,0.8130034465953069
mobility_visual_pca32,mobility_visual_pca64,0.843839933008236,0.8130034465953069
mobility_visual_pca32_alpha0.05,mobility_visual_pca64_alpha0.5,0.843839933008236,0.8130034465953069
mobility_visual_pca32_alpha2.0,mobility_visual_pca64_alpha0.5,0.843839933008236,0.8130034465953069
mobility_visual_pca32_alpha2.0,mobility_visual_pca64_alpha0.25,0.843839933008236,0.8130034465953069
mobility_visual_pca32_alpha0.05,mobility_visual_pca64_alpha0.1,0.843839933008236,0.8130034465953069
mobility_visual_pca32,mobility_visual_pca64_alpha2.0,0.843839933008236,0.8130034465953069
mobility_visual_pca32_alpha0.1,mobility_visual_pca64,0.843839933008236,0.8130034465953069
mobility_visual_pca32_alpha0.05,mobility_visual_pca64_alpha2.0,0.843839933008236,0.8130034465953069
mobility_visual_pca32_alpha0.05,mobility_visual_pca64_alpha1.0,0.843839933008236,0.8130034465953069
mobility_visual_pca32_alpha0.03,mobility_visual_pca64_alpha0.05,0.843839933008236,0.8130034465953069
mobility_visual_pca32,mobility_visual_pca64_alpha1.0,0.843839933008236,0.8130034465953069
mobility_visual_pca32,mobility_visual_pca64_alpha0.5,0.843839933008236,0.8130034465953069
mobility_visual_pca32_alpha0.25,mobility_visual_pca64_alpha0.5,0.843839933008236,0.8130034465953069
mobility_visual_pca32_alpha0.25,mobility_visual_pca64,0.843839933008236,0.8130034465953069
mobility_visual_pca32_alpha0.25,mobility_visual_pca64_alpha0.05,0.843839933008236,0.8130034465953069
mobility_visual_pca32_alpha0.25,mobility_visual_pca64_alpha0.1,0.843839933008236,0.8130034465953069
mobility_visual_pca32_alpha0.25,mobility_visual_pca64_alpha0.25,0.843839933008236,0.8130034465953069
mobility_visual_pca32_alpha0.25,mobility_visual_pca64_alpha1.0,0.843839933008236,0.8130034465953069
mobility_visual_pca32_alpha0.05,mobility_visual_pca64_alpha0.25,0.843839933008236,0.8130034465953069
mobility_visual_pca32_alpha1.0,mobility_visual_pca64_alpha0.01,0.843839933008236,0.8130034465953069
mobility_visual_pca32_alpha0.5,mobility_visual_pca64_alpha0.25,0.843839933008236,0.8130034465953069
mobility_visual_pca32_alpha0.5,mobility_visual_pca64_alpha0.01,0.843839933008236,0.8130034465953069
mobility_visual_pca32_alpha0.5,mobility_visual_pca64,0.843839933008236,0.8130034465953069
mobility_visual_pca32_alpha1.0,mobility_visual_pca64,0.843839933008236,0.8130034465953069
mobility_visual_pca32_alpha0.25,mobility_visual_pca64_alpha0.03,0.843839933008236,0.8130034465953069
mobility_visual_pca32_alpha0.5,mobility_visual_pca64_alpha0.03,0.843839933008236,0.8130034465953069
mobility_visual_pca32_alpha1.0,mobility_visual_pca64_alpha0.05,0.843839933008236,0.8130034465953069
mobility_visual_pca32_alpha0.25,mobility_visual_pca64_alpha0.01,0.843839933008236,0.8130034465953069
mobility_visual_pca32_alpha1.0,mobility_visual_pca64_alpha0.5,0.843839933008236,0.8130034465953069
mobility_visual_pca32_alpha1.0,mobility_visual_pca64_alpha0.25,0.843839933008236,0.8130034465953069
mobility_visual_pca32_alpha1.0,mobility_visual_pca64_alpha0.1,0.843839933008236,0.8130034465953069
mobility_visual_pca32_alpha0.03,mobility_visual_pca64,0.843839933008236,0.8130034465953069
mobility_visual_pca32_alpha0.03,mobility_visual_pca64_alpha0.5,0.843839933008236,0.8130034465953069
mobility_visual_pca32_alpha0.03,mobility_visual_pca64_alpha1.0,0.843839933008236,0.8130034465953069
mobility_visual_pca32_alpha0.1,mobility_visual_pca64_alpha0.05,0.843839933008236,0.8130034465953069
mobility_visual_pca32_alpha0.25,mobility_visual_pca64_alpha2.0,0.843839933008236,0.8130034465953069
mobility_visual_pca32_alpha0.03,mobility_visual_pca64_alpha2.0,0.843839933008236,0.8130034465953069
mobility_visual_pca32_alpha0.03,mobility_visual_pca64_alpha0.01,0.843839933008236,0.8130034465953069
mobility_visual_pca32_alpha0.03,mobility_visual_pca64_alpha0.03,0.843839933008236,0.8130034465953069
mobility_visual_pca32,mobility_visual_pca64_alpha0.01,0.843839933008236,0.8130034465953069
mobility_visual_pca32,mobility_visual_pca64_alpha0.03,0.843839933008236,0.8130034465953069
mobility_visual_pca32,mobility_visual_pca64_alpha0.05,0.843839933008236,0.8130034465953069
mobility_visual_pca32,mobility_visual_pca64_alpha0.1,0.843839933008236,0.8130034465953069
mobility_visual_pca32,mobility_visual_pca64_alpha0.25,0.843839933008236,0.8130034465953069
mobility_visual_pca32_alpha0.03,mobility_visual_pca64_alpha0.25,0.843839933008236,0.8130034465953069
mobility_visual_pca32_alpha0.03,mobility_visual_pca64_alpha0.1,0.843839933008236,0.8130034465953069
mobility_visual_pca32_alpha0.1,mobility_visual_pca64_alpha0.01,0.843839933008236,0.8130034465953069
mobility_visual_pca32_alpha0.1,mobility_visual_pca64_alpha2.0,0.843839933008236,0.8130034465953069
mobility_visual_pca32_alpha0.1,mobility_visual_pca64_alpha0.25,0.843839933008236,0.8130034465953069
mobility_visual_pca32_alpha0.1,mobility_visual_pca64_alpha0.5,0.843839933008236,0.8130034465953069
mobility_visual_pca32_alpha0.1,mobility_visual_pca64_alpha0.1,0.843839933008236,0.8130034465953069
mobility_visual_pca32_alpha0.1,mobility_visual_pca64_alpha0.03,0.843839933008236,0.8130034465953069
mobility_visual_pca32_alpha0.01,mobility_visual_pca64_alpha0.03,0.843839933008236,0.8130034465953069
mobility_visual_pca32_alpha0.01,mobility_visual_pca64_alpha0.01,0.843839933008236,0.8130034465953069
mobility_visual_pca32_alpha0.01,mobility_visual_pca64_alpha2.0,0.843839933008236,0.8130034465953069
mobility_visual_pca32_alpha0.01,mobility_visual_pca64_alpha1.0,0.843839933008236,0.8130034465953069
mobility_visual_pca32_alpha0.01,mobility_visual_pca64_alpha0.5,0.843839933008236,0.8130034465953069
mobility_visual_pca32_alpha0.01,mobility_visual_pca64_alpha0.25,0.843839933008236,0.8130034465953069
mobility_visual_pca32_alpha0.01,mobility_visual_pca64_alpha0.1,0.843839933008236,0.8130034465953069
mobility_visual_pca32_alpha0.01,mobility_visual_pca64_alpha0.05,0.843839933008236,0.8130034465953069
mobility_visual_pca32_alpha0.1,mobility_visual_pca64_alpha1.0,0.843839933008236,0.8130034465953069
mobility_visual_pca32_alpha0.01,mobility_visual_pca64,0.843839933008236,0.8130034465953069
mobility_visual_pca32_alpha0.5,mobility_visual_pca64_alpha0.5,0.843839933008236,0.8130034465953069
mobility_visual_pca32_alpha0.5,mobility_visual_pca64_alpha0.05,0.843839933008236,0.8130034465953069
mobility_visual_pca32_alpha0.5,mobility_visual_pca64_alpha2.0,0.843839933008236,0.8130034465953069
mobility_visual_pca32_alpha0.5,mobility_visual_pca64_alpha1.0,0.843839933008236,0.8130034465953069
mobility_visual_pca32_alpha0.5,mobility_visual_pca64_alpha0.1,0.843839933008236,0.8130034465953069
mobility_visual_pca2,mobility_visual_pca4_alpha0.1,0.8201836491988062,0.7809552463266471
mobility_visual_pca2_alpha0.5,mobility_visual_pca4_alpha1.0,0.8201836491988062,0.7809552463266471
mobility_visual_pca2_alpha0.5,mobility_visual_pca4_alpha0.5,0.8201836491988062,0.7809552463266471
mobility_visual_pca2_alpha0.5,mobility_visual_pca4_alpha2.0,0.8201836491988062,0.7809552463266471
mobility_visual_pca2,mobility_visual_pca4_alpha2.0,0.8201836491988062,0.7809552463266471
mobility_visual_pca2_alpha0.03,mobility_visual_pca4,0.8201836491988062,0.7809552463266471
mobility_visual_pca2,mobility_visual_pca4_alpha0.5,0.8201836491988062,0.7809552463266471
mobility_visual_pca2,mobility_visual_pca4_alpha1.0,0.8201836491988062,0.7809552463266471
mobility_visual_pca2,mobility_visual_pca4_alpha0.25,0.8201836491988062,0.7809552463266471
mobility_visual_pca2,mobility_visual_pca4_alpha0.03,0.8201836491988062,0.7809552463266471
mobility_visual_pca2,mobility_visual_pca4_alpha0.05,0.8201836491988062,0.7809552463266471
mobility_visual_pca2_alpha0.25,mobility_visual_pca4_alpha2.0,0.8201836491988062,0.7809552463266471
mobility_visual_pca2_alpha0.25,mobility_visual_pca4_alpha1.0,0.8201836491988062,0.7809552463266471
mobility_visual_pca2_alpha0.25,mobility_visual_pca4_alpha0.03,0.8201836491988062,0.7809552463266471
mobility_visual_pca2_alpha0.25,mobility_visual_pca4_alpha0.01,0.8201836491988062,0.7809552463266471
mobility_visual_pca2_alpha0.25,mobility_visual_pca4,0.8201836491988062,0.7809552463266471
mobility_visual_pca2_alpha0.25,mobility_visual_pca4_alpha0.05,0.8201836491988062,0.7809552463266471
mobility_visual_pca2_alpha2.0,mobility_visual_pca4_alpha1.0,0.8201836491988062,0.7809552463266471
mobility_visual_pca2_alpha2.0,mobility_visual_pca4_alpha2.0,0.8201836491988062,0.7809552463266471
mobility_visual_pca2_alpha2.0,mobility_visual_pca4_alpha0.25,0.8201836491988062,0.7809552463266471
mobility_visual_pca2_alpha2.0,mobility_visual_pca4_alpha0.5,0.8201836491988062,0.7809552463266471
mobility_visual_pca2_alpha0.5,mobility_visual_pca4_alpha0.25,0.8201836491988062,0.7809552463266471
mobility_visual_pca2_alpha0.5,mobility_visual_pca4_alpha0.1,0.8201836491988062,0.7809552463266471
mobility_visual_pca2_alpha0.5,mobility_visual_pca4_alpha0.03,0.8201836491988062,0.7809552463266471
mobility_visual_pca2_alpha0.5,mobility_visual_pca4_alpha0.05,0.8201836491988062,0.7809552463266471
mobility_visual_pca2_alpha0.1,mobility_visual_pca4_alpha0.5,0.8201836491988062,0.7809552463266471
mobility_visual_pca2_alpha0.25,mobility_visual_pca4_alpha0.5,0.8201836491988062,0.7809552463266471
mobility_visual_pca2_alpha0.25,mobility_visual_pca4_alpha0.25,0.8201836491988062,0.7809552463266471
mobility_visual_pca2_alpha0.25,mobility_visual_pca4_alpha0.1,0.8201836491988062,0.7809552463266471
mobility_visual_pca2_alpha0.1,mobility_visual_pca4_alpha1.0,0.8201836491988062,0.7809552463266471
mobility_visual_pca2_alpha0.1,mobility_visual_pca4_alpha2.0,0.8201836491988062,0.7809552463266471
mobility_visual_pca2_alpha0.1,mobility_visual_pca4_alpha0.01,0.8201836491988062,0.7809552463266471
mobility_visual_pca2_alpha0.5,mobility_visual_pca4,0.8201836491988062,0.7809552463266471
mobility_visual_pca2_alpha0.1,mobility_visual_pca4_alpha0.03,0.8201836491988062,0.7809552463266471
mobility_visual_pca2_alpha2.0,mobility_visual_pca4_alpha0.1,0.8201836491988062,0.7809552463266471
mobility_visual_pca2_alpha2.0,mobility_visual_pca4,0.8201836491988062,0.7809552463266471
mobility_visual_pca2_alpha2.0,mobility_visual_pca4_alpha0.01,0.8201836491988062,0.7809552463266471
mobility_visual_pca2_alpha2.0,mobility_visual_pca4_alpha0.03,0.8201836491988062,0.7809552463266471
mobility_visual_pca2_alpha2.0,mobility_visual_pca4_alpha0.05,0.8201836491988062,0.7809552463266471
mobility_visual_pca2_alpha1.0,mobility_visual_pca4,0.8201836491988062,0.7809552463266471
mobility_visual_pca2_alpha1.0,mobility_visual_pca4_alpha0.01,0.8201836491988062,0.7809552463266471
mobility_visual_pca2_alpha1.0,mobility_visual_pca4_alpha0.03,0.8201836491988062,0.7809552463266471
mobility_visual_pca2_alpha1.0,mobility_visual_pca4_alpha0.05,0.8201836491988062,0.7809552463266471
mobility_visual_pca2_alpha1.0,mobility_visual_pca4_alpha0.1,0.8201836491988062,0.7809552463266471
mobility_visual_pca2_alpha1.0,mobility_visual_pca4_alpha0.25,0.8201836491988062,0.7809552463266471
mobility_visual_pca2_alpha1.0,mobility_visual_pca4_alpha0.5,0.8201836491988062,0.7809552463266471
mobility_visual_pca2_alpha1.0,mobility_visual_pca4_alpha1.0,0.8201836491988062,0.7809552463266471
mobility_visual_pca2_alpha1.0,mobility_visual_pca4_alpha2.0,0.8201836491988062,0.7809552463266471
mobility_visual_pca2_alpha0.5,mobility_visual_pca4_alpha0.01,0.8201836491988062,0.7809552463266471
mobility_visual_pca2_alpha0.01,mobility_visual_pca4_alpha0.5,0.8201836491988062,0.7809552463266471
mobility_visual_pca2_alpha0.01,mobility_visual_pca4_alpha2.0,0.8201836491988062,0.7809552463266471
mobility_visual_pca2_alpha0.01,mobility_visual_pca4_alpha1.0,0.8201836491988062,0.7809552463266471
mobility_visual_pca2_alpha0.01,mobility_visual_pca4_alpha0.03,0.8201836491988062,0.7809552463266471
mobility_visual_pca2_alpha0.01,mobility_visual_pca4_alpha0.05,0.8201836491988062,0.7809552463266471
mobility_visual_pca2_alpha0.01,mobility_visual_pca4_alpha0.1,0.8201836491988062,0.7809552463266471
mobility_visual_pca2_alpha0.01,mobility_visual_pca4_alpha0.25,0.8201836491988062,0.7809552463266471
mobility_visual_pca2_alpha0.01,mobility_visual_pca4,0.8201836491988062,0.7809552463266471
mobility_visual_pca2_alpha0.1,mobility_visual_pca4_alpha0.25,0.8201836491988062,0.7809552463266471
mobility_visual_pca2_alpha0.01,mobility_visual_pca4_alpha0.01,0.8201836491988062,0.7809552463266471
mobility_visual_pca2_alpha0.1,mobility_visual_pca4_alpha0.1,0.8201836491988062,0.7809552463266471
mobility_visual_pca2_alpha0.1,mobility_visual_pca4_alpha0.05,0.8201836491988062,0.7809552463266471
mobility_visual_pca2,mobility_visual_pca4,0.8201836491988062,0.7809552463266471
mobility_visual_pca2_alpha0.1,mobility_visual_pca4,0.8201836491988062,0.7809552463266471
mobility_visual_pca2_alpha0.05,mobility_visual_pca4_alpha0.01,0.8201836491988062,0.7809552463266471
mobility_visual_pca2,mobility_visual_pca4_alpha0.01,0.8201836491988062,0.7809552463266471
mobility_visual_pca2_alpha0.05,mobility_visual_pca4_alpha0.03,0.8201836491988062,0.7809552463266471
mobility_visual_pca2_alpha0.05,mobility_visual_pca4,0.8201836491988062,0.7809552463266471
mobility_visual_pca2_alpha0.03,mobility_visual_pca4_alpha0.05,0.8201836491988062,0.7809552463266471
mobility_visual_pca2_alpha0.03,mobility_visual_pca4_alpha0.03,0.8201836491988062,0.7809552463266471
mobility_visual_pca2_alpha0.05,mobility_visual_pca4_alpha0.1,0.8201836491988062,0.7809552463266471
mobility_visual_pca2_alpha0.05,mobility_visual_pca4_alpha0.25,0.8201836491988062,0.7809552463266471
mobility_visual_pca2_alpha0.05,mobility_visual_pca4_alpha0.5,0.8201836491988062,0.7809552463266471
mobility_visual_pca2_alpha0.05,mobility_visual_pca4_alpha0.05,0.8201836491988062,0.7809552463266471
mobility_visual_pca2_alpha0.05,mobility_visual_pca4_alpha1.0,0.8201836491988062,0.7809552463266471
mobility_visual_pca2_alpha0.05,mobility_visual_pca4_alpha2.0,0.8201836491988062,0.7809552463266471
mobility_visual_pca2_alpha0.03,mobility_visual_pca4_alpha0.1,0.8201836491988062,0.7809552463266471
mobility_visual_pca2_alpha0.03,mobility_visual_pca4_alpha0.01,0.8201836491988062,0.7809552463266471
mobility_visual_pca2_alpha0.03,mobility_visual_pca4_alpha0.25,0.8201836491988062,0.7809552463266471
mobility_visual_pca2_alpha0.03,mobility_visual_pca4_alpha0.5,0.8201836491988062,0.7809552463266471
mobility_visual_pca2_alpha0.03,mobility_visual_pca4_alpha1.0,0.8201836491988062,0.7809552463266471
mobility_visual_pca2_alpha0.03,mobility_visual_pca4_alpha2.0,0.8201836491988062,0.7809552463266471
mobility_visual_pca4_alpha1.0,mobility_visual_pca64_alpha2.0,0.8150562033395686,0.7992374901870802
mobility_visual_pca4_alpha1.0,mobility_visual_pca64_alpha0.1,0.8150562033395686,0.7992374901870802
mobility_visual_pca4_alpha1.0,mobility_visual_pca64_alpha0.05,0.8150562033395686,0.7992374901870802
mobility_visual_pca4_alpha2.0,mobility_visual_pca64,0.8150562033395686,0.7992374901870802
mobility_visual_pca4_alpha1.0,mobility_visual_pca64_alpha1.0,0.8150562033395686,0.7992374901870802
mobility_visual_pca4_alpha1.0,mobility_visual_pca64_alpha0.5,0.8150562033395686,0.7992374901870802
mobility_visual_pca4_alpha0.5,mobility_visual_pca64_alpha0.01,0.8150562033395686,0.7992374901870802
mobility_visual_pca4_alpha0.5,mobility_visual_pca64_alpha0.03,0.8150562033395686,0.7992374901870802
mobility_visual_pca4_alpha0.5,mobility_visual_pca64_alpha0.05,0.8150562033395686,0.7992374901870802
mobility_visual_pca4_alpha0.5,mobility_visual_pca64_alpha0.1,0.8150562033395686,0.7992374901870802
mobility_visual_pca4_alpha0.5,mobility_visual_pca64_alpha0.25,0.8150562033395686,0.7992374901870802
mobility_visual_pca4_alpha0.5,mobility_visual_pca64,0.8150562033395686,0.7992374901870802
mobility_visual_pca4_alpha0.1,mobility_visual_pca64,0.8150562033395686,0.7992374901870802
mobility_visual_pca4_alpha0.01,mobility_visual_pca64_alpha0.05,0.8150562033395686,0.7992374901870802
mobility_visual_pca4_alpha0.01,mobility_visual_pca64_alpha0.25,0.8150562033395686,0.7992374901870802
mobility_visual_pca4_alpha0.01,mobility_visual_pca64_alpha0.5,0.8150562033395686,0.7992374901870802
mobility_visual_pca4_alpha0.01,mobility_visual_pca64_alpha1.0,0.8150562033395686,0.7992374901870802
mobility_visual_pca4,mobility_visual_pca64_alpha2.0,0.8150562033395686,0.7992374901870802
mobility_visual_pca4_alpha0.01,mobility_visual_pca64_alpha0.03,0.8150562033395686,0.7992374901870802
mobility_visual_pca4_alpha0.01,mobility_visual_pca64_alpha0.01,0.8150562033395686,0.7992374901870802
mobility_visual_pca4_alpha0.1,mobility_visual_pca64_alpha0.25,0.8150562033395686,0.7992374901870802
mobility_visual_pca4_alpha0.1,mobility_visual_pca64_alpha0.1,0.8150562033395686,0.7992374901870802
mobility_visual_pca4_alpha0.25,mobility_visual_pca64_alpha0.05,0.8150562033395686,0.7992374901870802
mobility_visual_pca4_alpha0.25,mobility_visual_pca64_alpha0.1,0.8150562033395686,0.7992374901870802
mobility_visual_pca4_alpha0.01,mobility_visual_pca64_alpha2.0,0.8150562033395686,0.7992374901870802
mobility_visual_pca4_alpha0.25,mobility_visual_pca64_alpha0.03,0.8150562033395686,0.7992374901870802
mobility_visual_pca4_alpha0.1,mobility_visual_pca64_alpha0.05,0.8150562033395686,0.7992374901870802
mobility_visual_pca4_alpha0.1,mobility_visual_pca64_alpha0.5,0.8150562033395686,0.7992374901870802
mobility_visual_pca4,mobility_visual_pca64,0.8150562033395686,0.7992374901870802
mobility_visual_pca4_alpha0.1,mobility_visual_pca64_alpha0.03,0.8150562033395686,0.7992374901870802
mobility_visual_pca4_alpha0.05,mobility_visual_pca64,0.8150562033395686,0.7992374901870802
mobility_visual_pca4_alpha0.1,mobility_visual_pca64_alpha1.0,0.8150562033395686,0.7992374901870802
mobility_visual_pca4_alpha0.1,mobility_visual_pca64_alpha0.01,0.8150562033395686,0.7992374901870802
mobility_visual_pca4_alpha0.1,mobility_visual_pca64_alpha2.0,0.8150562033395686,0.7992374901870802
mobility_visual_pca4_alpha2.0,mobility_visual_pca64_alpha0.1,0.8150562033395686,0.7992374901870802
mobility_visual_pca4_alpha2.0,mobility_visual_pca64_alpha0.03,0.8150562033395686,0.7992374901870802
mobility_visual_pca4_alpha2.0,mobility_visual_pca64_alpha1.0,0.8150562033395686,0.7992374901870802
mobility_visual_pca4_alpha2.0,mobility_visual_pca64_alpha2.0,0.8150562033395686,0.7992374901870802
mobility_visual_pca4_alpha0.03,mobility_visual_pca64_alpha1.0,0.8150562033395686,0.7992374901870802
mobility_visual_pca4_alpha0.03,mobility_visual_pca64_alpha2.0,0.8150562033395686,0.7992374901870802
mobility_visual_pca4_alpha0.03,mobility_visual_pca64_alpha0.03,0.8150562033395686,0.7992374901870802
mobility_visual_pca4_alpha0.03,mobility_visual_pca64_alpha0.05,0.8150562033395686,0.7992374901870802
mobility_visual_pca4_alpha1.0,mobility_visual_pca64_alpha0.01,0.8150562033395686,0.7992374901870802
mobility_visual_pca4_alpha1.0,mobility_visual_pca64_alpha0.03,0.8150562033395686,0.7992374901870802
mobility_visual_pca4_alpha1.0,mobility_visual_pca64_alpha0.25,0.8150562033395686,0.7992374901870802
mobility_visual_pca4_alpha0.5,mobility_visual_pca64_alpha0.5,0.8150562033395686,0.7992374901870802
mobility_visual_pca4_alpha0.5,mobility_visual_pca64_alpha2.0,0.8150562033395686,0.7992374901870802
mobility_visual_pca4_alpha0.5,mobility_visual_pca64_alpha1.0,0.8150562033395686,0.7992374901870802
mobility_visual_pca4_alpha0.25,mobility_visual_pca64_alpha0.01,0.8150562033395686,0.7992374901870802
mobility_visual_pca4_alpha0.25,mobility_visual_pca64_alpha2.0,0.8150562033395686,0.7992374901870802
mobility_visual_pca4_alpha1.0,mobility_visual_pca64,0.8150562033395686,0.7992374901870802
mobility_visual_pca4_alpha0.05,mobility_visual_pca64_alpha0.1,0.8150562033395686,0.7992374901870802
mobility_visual_pca4_alpha0.05,mobility_visual_pca64_alpha0.05,0.8150562033395686,0.7992374901870802
mobility_visual_pca4_alpha0.05,mobility_visual_pca64_alpha0.25,0.8150562033395686,0.7992374901870802
mobility_visual_pca4_alpha0.01,mobility_visual_pca64,0.8150562033395686,0.7992374901870802
mobility_visual_pca4_alpha0.01,mobility_visual_pca64_alpha0.1,0.8150562033395686,0.7992374901870802
mobility_visual_pca4,mobility_visual_pca64_alpha0.03,0.8150562033395686,0.7992374901870802
mobility_visual_pca4,mobility_visual_pca64_alpha0.01,0.8150562033395686,0.7992374901870802
mobility_visual_pca4_alpha2.0,mobility_visual_pca64_alpha0.25,0.8150562033395686,0.7992374901870802
mobility_visual_pca4_alpha0.25,mobility_visual_pca64_alpha1.0,0.8150562033395686,0.7992374901870802
mobility_visual_pca4_alpha0.25,mobility_visual_pca64_alpha0.25,0.8150562033395686,0.7992374901870802
mobility_visual_pca4_alpha0.25,mobility_visual_pca64_alpha0.5,0.8150562033395686,0.7992374901870802
mobility_visual_pca4_alpha2.0,mobility_visual_pca64_alpha0.01,0.8150562033395686,0.7992374901870802
mobility_visual_pca4_alpha0.25,mobility_visual_pca64,0.8150562033395686,0.7992374901870802
mobility_visual_pca4_alpha2.0,mobility_visual_pca64_alpha0.5,0.8150562033395686,0.7992374901870802
mobility_visual_pca4_alpha2.0,mobility_visual_pca64_alpha0.05,0.8150562033395686,0.7992374901870802
mobility_visual_pca4,mobility_visual_pca64_alpha0.1,0.8150562033395686,0.7992374901870802
mobility_visual_pca4,mobility_visual_pca64_alpha0.25,0.8150562033395686,0.7992374901870802
mobility_visual_pca4,mobility_visual_pca64_alpha0.5,0.8150562033395686,0.7992374901870802
mobility_visual_pca4,mobility_visual_pca64_alpha1.0,0.8150562033395686,0.7992374901870802
mobility_visual_pca4_alpha0.05,mobility_visual_pca64_alpha0.03,0.8150562033395686,0.7992374901870802
mobility_visual_pca4_alpha0.03,mobility_visual_pca64_alpha0.5,0.8150562033395686,0.7992374901870802
mobility_visual_pca4_alpha0.03,mobility_visual_pca64_alpha0.25,0.8150562033395686,0.7992374901870802
mobility_visual_pca4_alpha0.03,mobility_visual_pca64_alpha0.1,0.8150562033395686,0.7992374901870802
mobility_visual_pca4_alpha0.03,mobility_visual_pca64_alpha0.01,0.8150562033395686,0.7992374901870802
mobility_visual_pca4,mobility_visual_pca64_alpha0.05,0.8150562033395686,0.7992374901870802
mobility_visual_pca4_alpha0.03,mobility_visual_pca64,0.8150562033395686,0.7992374901870802
mobility_visual_pca4_alpha0.05,mobility_visual_pca64_alpha0.5,0.8150562033395686,0.7992374901870802
mobility_visual_pca4_alpha0.05,mobility_visual_pca64_alpha2.0,0.8150562033395686,0.7992374901870802
mobility_visual_pca4_alpha0.05,mobility_visual_pca64_alpha0.01,0.8150562033395686,0.7992374901870802
mobility_visual_pca4_alpha0.05,mobility_visual_pca64_alpha1.0,0.8150562033395686,0.7992374901870802
mobility_visual_pca2_alpha0.03,mobility_visual_pca32_alpha0.5,0.801693329738165,0.7841062512801352
mobility_visual_pca2_alpha1.0,mobility_visual_pca32,0.801693329738165,0.7841062512801352
mobility_visual_pca2_alpha1.0,mobility_visual_pca32_alpha0.03,0.801693329738165,0.7841062512801352
mobility_visual_pca2_alpha1.0,mobility_visual_pca32_alpha0.01,0.801693329738165,0.7841062512801352
mobility_visual_pca2_alpha2.0,mobility_visual_pca32_alpha0.5,0.801693329738165,0.7841062512801352
mobility_visual_pca2_alpha2.0,mobility_visual_pca32,0.801693329738165,0.7841062512801352
mobility_visual_pca2_alpha0.01,mobility_visual_pca32_alpha0.5,0.801693329738165,0.7841062512801352
mobility_visual_pca2_alpha0.03,mobility_visual_pca32_alpha0.05,0.801693329738165,0.7841062512801352
mobility_visual_pca2_alpha0.03,mobility_visual_pca32_alpha0.03,0.801693329738165,0.7841062512801352
mobility_visual_pca2_alpha0.05,mobility_visual_pca32,0.801693329738165,0.7841062512801352
mobility_visual_pca2_alpha0.03,mobility_visual_pca32,0.801693329738165,0.7841062512801352
mobility_visual_pca2_alpha0.01,mobility_visual_pca32_alpha2.0,0.801693329738165,0.7841062512801352
mobility_visual_pca2_alpha0.01,mobility_visual_pca32_alpha1.0,0.801693329738165,0.7841062512801352
mobility_visual_pca2_alpha1.0,mobility_visual_pca32_alpha0.25,0.801693329738165,0.7841062512801352
mobility_visual_pca2_alpha1.0,mobility_visual_pca32_alpha0.5,0.801693329738165,0.7841062512801352
mobility_visual_pca2_alpha1.0,mobility_visual_pca32_alpha0.1,0.801693329738165,0.7841062512801352
mobility_visual_pca2_alpha1.0,mobility_visual_pca32_alpha0.05,0.801693329738165,0.7841062512801352
mobility_visual_pca2_alpha0.01,mobility_visual_pca32_alpha0.25,0.801693329738165,0.7841062512801352
mobility_visual_pca2_alpha0.01,mobility_visual_pca32_alpha0.1,0.801693329738165,0.7841062512801352
mobility_visual_pca2_alpha0.01,mobility_visual_pca32_alpha0.05,0.801693329738165,0.7841062512801352
mobility_visual_pca2_alpha0.01,mobility_visual_pca32_alpha0.03,0.801693329738165,0.7841062512801352
mobility_visual_pca2,mobility_visual_pca32_alpha0.25,0.801693329738165,0.7841062512801352
mobility_visual_pca2,mobility_visual_pca32_alpha0.1,0.801693329738165,0.7841062512801352
mobility_visual_pca2_alpha0.1,mobility_visual_pca32_alpha1.0,0.801693329738165,0.7841062512801352
mobility_visual_pca2_alpha0.1,mobility_visual_pca32_alpha2.0,0.801693329738165,0.7841062512801352
mobility_visual_pca2_alpha0.25,mobility_visual_pca32_alpha0.05,0.801693329738165,0.7841062512801352
mobility_visual_pca2_alpha0.25,mobility_visual_pca32_alpha0.03,0.801693329738165,0.7841062512801352
mobility_visual_pca2_alpha0.25,mobility_visual_pca32_alpha0.01,0.801693329738165,0.7841062512801352
mobility_visual_pca2_alpha0.25,mobility_visual_pca32_alpha2.0,0.801693329738165,0.7841062512801352
mobility_visual_pca2,mobility_visual_pca32_alpha0.5,0.801693329738165,0.7841062512801352
mobility_visual_pca2_alpha0.05,mobility_visual_pca32_alpha0.01,0.801693329738165,0.7841062512801352
mobility_visual_pca2_alpha0.05,mobility_visual_pca32_alpha0.03,0.801693329738165,0.7841062512801352
mobility_visual_pca2_alpha0.1,mobility_visual_pca32_alpha0.05,0.801693329738165,0.7841062512801352
mobility_visual_pca2_alpha2.0,mobility_visual_pca32_alpha0.03,0.801693329738165,0.7841062512801352
mobility_visual_pca2_alpha0.05,mobility_visual_pca32_alpha0.5,0.801693329738165,0.7841062512801352
mobility_visual_pca2_alpha0.1,mobility_visual_pca32_alpha0.1,0.801693329738165,0.7841062512801352
mobility_visual_pca2_alpha0.05,mobility_visual_pca32_alpha2.0,0.801693329738165,0.7841062512801352
mobility_visual_pca2_alpha0.05,mobility_visual_pca32_alpha1.0,0.801693329738165,0.7841062512801352
mobility_visual_pca2_alpha2.0,mobility_visual_pca32_alpha0.05,0.801693329738165,0.7841062512801352
mobility_visual_pca2_alpha0.03,mobility_visual_pca32_alpha1.0,0.801693329738165,0.7841062512801352
mobility_visual_pca2,mobility_visual_pca32_alpha0.03,0.801693329738165,0.7841062512801352
mobility_visual_pca2,mobility_visual_pca32_alpha0.05,0.801693329738165,0.7841062512801352
mobility_visual_pca2_alpha2.0,mobility_visual_pca32_alpha1.0,0.801693329738165,0.7841062512801352
mobility_visual_pca2_alpha1.0,mobility_visual_pca32_alpha1.0,0.801693329738165,0.7841062512801352
mobility_visual_pca2_alpha2.0,mobility_visual_pca32_alpha2.0,0.801693329738165,0.7841062512801352
mobility_visual_pca2_alpha1.0,mobility_visual_pca32_alpha2.0,0.801693329738165,0.7841062512801352
mobility_visual_pca2_alpha2.0,mobility_visual_pca32_alpha0.25,0.801693329738165,0.7841062512801352
mobility_visual_pca2_alpha2.0,mobility_visual_pca32_alpha0.1,0.801693329738165,0.7841062512801352
mobility_visual_pca2_alpha2.0,mobility_visual_pca32_alpha0.01,0.801693329738165,0.7841062512801352
mobility_visual_pca2_alpha0.01,mobility_visual_pca32,0.801693329738165,0.7841062512801352
mobility_visual_pca2_alpha0.03,mobility_visual_pca32_alpha0.25,0.801693329738165,0.7841062512801352
mobility_visual_pca2_alpha0.03,mobility_visual_pca32_alpha2.0,0.801693329738165,0.7841062512801352
mobility_visual_pca2_alpha0.03,mobility_visual_pca32_alpha0.1,0.801693329738165,0.7841062512801352
mobility_visual_pca2_alpha0.05,mobility_visual_pca32_alpha0.1,0.801693329738165,0.7841062512801352
mobility_visual_pca2_alpha0.05,mobility_visual_pca32_alpha0.05,0.801693329738165,0.7841062512801352
mobility_visual_pca2,mobility_visual_pca32,0.801693329738165,0.7841062512801352
mobility_visual_pca2_alpha0.05,mobility_visual_pca32_alpha0.25,0.801693329738165,0.7841062512801352
mobility_visual_pca2,mobility_visual_pca32_alpha1.0,0.801693329738165,0.7841062512801352
mobility_visual_pca2,mobility_visual_pca32_alpha2.0,0.801693329738165,0.7841062512801352
mobility_visual_pca2_alpha0.1,mobility_visual_pca32_alpha0.5,0.801693329738165,0.7841062512801352
mobility_visual_pca2_alpha0.1,mobility_visual_pca32_alpha0.25,0.801693329738165,0.7841062512801352
mobility_visual_pca2_alpha0.25,mobility_visual_pca32_alpha0.25,0.801693329738165,0.7841062512801352
mobility_visual_pca2_alpha0.25,mobility_visual_pca32,0.801693329738165,0.7841062512801352
mobility_visual_pca2_alpha0.5,mobility_visual_pca32_alpha2.0,0.801693329738165,0.7841062512801352
mobility_visual_pca2_alpha0.5,mobility_visual_pca32,0.801693329738165,0.7841062512801352
mobility_visual_pca2_alpha0.5,mobility_visual_pca32_alpha0.5,0.801693329738165,0.7841062512801352
mobility_visual_pca2_alpha0.25,mobility_visual_pca32_alpha0.5,0.801693329738165,0.7841062512801352
mobility_visual_pca2_alpha0.25,mobility_visual_pca32_alpha0.1,0.801693329738165,0.7841062512801352
mobility_visual_pca2_alpha0.1,mobility_visual_pca32,0.801693329738165,0.7841062512801352
mobility_visual_pca2_alpha0.1,mobility_visual_pca32_alpha0.03,0.801693329738165,0.7841062512801352
mobility_visual_pca2_alpha0.1,mobility_visual_pca32_alpha0.01,0.801693329738165,0.7841062512801352
mobility_visual_pca2_alpha0.25,mobility_visual_pca32_alpha1.0,0.801693329738165,0.7841062512801352
mobility_visual_pca2_alpha0.5,mobility_visual_pca32_alpha1.0,0.801693329738165,0.7841062512801352
mobility_visual_pca2_alpha0.5,mobility_visual_pca32_alpha0.25,0.801693329738165,0.7841062512801352
mobility_visual_pca2_alpha0.5,mobility_visual_pca32_alpha0.1,0.801693329738165,0.7841062512801352
mobility_visual_pca2_alpha0.5,mobility_visual_pca32_alpha0.05,0.801693329738165,0.7841062512801352
mobility_visual_pca2_alpha0.5,mobility_visual_pca32_alpha0.03,0.801693329738165,0.7841062512801352
mobility_visual_pca2_alpha0.5,mobility_visual_pca32_alpha0.01,0.801693329738165,0.7841062512801352
mobility_visual_pca2_alpha0.01,mobility_visual_pca32_alpha0.01,0.801693329738165,0.7841062512801352
mobility_visual_pca2,mobility_visual_pca32_alpha0.01,0.801693329738165,0.7841062512801352
mobility_visual_pca2_alpha0.03,mobility_visual_pca32_alpha0.01,0.801693329738165,0.7841062512801352
mobility_visual_pca4_alpha2.0,mobility_visual_pca8_alpha0.5,0.7631600613498546,0.7489963711620081
mobility_visual_pca4_alpha2.0,mobility_visual_pca8_alpha0.25,0.7631600613498546,0.7489963711620081
mobility_visual_pca4_alpha2.0,mobility_visual_pca8_alpha0.1,0.7631600613498546,0.7489963711620081
mobility_visual_pca4_alpha1.0,mobility_visual_pca8_alpha0.01,0.7631600613498546,0.7489963711620081
mobility_visual_pca4_alpha1.0,mobility_visual_pca8,0.7631600613498546,0.7489963711620081
mobility_visual_pca4_alpha0.25,mobility_visual_pca8_alpha0.5,0.7631600613498546,0.7489963711620081
mobility_visual_pca4_alpha0.25,mobility_visual_pca8_alpha1.0,0.7631600613498546,0.7489963711620081
mobility_visual_pca4_alpha0.25,mobility_visual_pca8_alpha2.0,0.7631600613498546,0.7489963711620081
mobility_visual_pca4_alpha0.25,mobility_visual_pca8,0.7631600613498546,0.7489963711620081
mobility_visual_pca4_alpha0.25,mobility_visual_pca8_alpha0.01,0.7631600613498546,0.7489963711620081
mobility_visual_pca4_alpha0.25,mobility_visual_pca8_alpha0.03,0.7631600613498546,0.7489963711620081
mobility_visual_pca4_alpha0.25,mobility_visual_pca8_alpha0.05,0.7631600613498546,0.7489963711620081
mobility_visual_pca4_alpha0.25,mobility_visual_pca8_alpha0.1,0.7631600613498546,0.7489963711620081
mobility_visual_pca4_alpha0.25,mobility_visual_pca8_alpha0.25,0.7631600613498546,0.7489963711620081
mobility_visual_pca4_alpha0.5,mobility_visual_pca8_alpha0.01,0.7631600613498546,0.7489963711620081
mobility_visual_pca4_alpha1.0,mobility_visual_pca8_alpha0.03,0.7631600613498546,0.7489963711620081
mobility_visual_pca4_alpha0.5,mobility_visual_pca8_alpha0.5,0.7631600613498546,0.7489963711620081
mobility_visual_pca4_alpha0.5,mobility_visual_pca8_alpha1.0,0.7631600613498546,0.7489963711620081
mobility_visual_pca4_alpha1.0,mobility_visual_pca8_alpha1.0,0.7631600613498546,0.7489963711620081
mobility_visual_pca4_alpha1.0,mobility_visual_pca8_alpha2.0,0.7631600613498546,0.7489963711620081
mobility_visual_pca4,mobility_visual_pca8_alpha0.25,0.7631600613498546,0.7489963711620081
mobility_visual_pca4,mobility_visual_pca8_alpha0.1,0.7631600613498546,0.7489963711620081
mobility_visual_pca4,mobility_visual_pca8_alpha0.05,0.7631600613498546,0.7489963711620081
mobility_visual_pca4_alpha0.05,mobility_visual_pca8_alpha2.0,0.7631600613498546,0.7489963711620081
mobility_visual_pca4_alpha0.05,mobility_visual_pca8_alpha0.01,0.7631600613498546,0.7489963711620081
mobility_visual_pca4,mobility_visual_pca8_alpha0.03,0.7631600613498546,0.7489963711620081
mobility_visual_pca4,mobility_visual_pca8_alpha0.01,0.7631600613498546,0.7489963711620081
mobility_visual_pca4_alpha0.05,mobility_visual_pca8_alpha0.5,0.7631600613498546,0.7489963711620081
mobility_visual_pca4_alpha0.05,mobility_visual_pca8_alpha1.0,0.7631600613498546,0.7489963711620081
mobility_visual_pca4_alpha0.03,mobility_visual_pca8_alpha0.05,0.7631600613498546,0.7489963711620081
mobility_visual_pca4_alpha0.03,mobility_visual_pca8_alpha0.03,0.7631600613498546,0.7489963711620081
mobility_visual_pca4_alpha0.01,mobility_visual_pca8,0.7631600613498546,0.7489963711620081
mobility_visual_pca4_alpha0.01,mobility_visual_pca8_alpha0.05,0.7631600613498546,0.7489963711620081
mobility_visual_pca4_alpha0.01,mobility_visual_pca8_alpha0.03,0.7631600613498546,0.7489963711620081
mobility_visual_pca4_alpha0.01,mobility_visual_pca8_alpha0.01,0.7631600613498546,0.7489963711620081
mobility_visual_pca4_alpha0.03,mobility_visual_pca8_alpha2.0,0.7631600613498546,0.7489963711620081
mobility_visual_pca4_alpha0.03,mobility_visual_pca8_alpha1.0,0.7631600613498546,0.7489963711620081
mobility_visual_pca4_alpha0.03,mobility_visual_pca8_alpha0.5,0.7631600613498546,0.7489963711620081
mobility_visual_pca4_alpha0.03,mobility_visual_pca8_alpha0.25,0.7631600613498546,0.7489963711620081
mobility_visual_pca4_alpha0.03,mobility_visual_pca8_alpha0.1,0.7631600613498546,0.7489963711620081
mobility_visual_pca4_alpha0.03,mobility_visual_pca8_alpha0.01,0.7631600613498546,0.7489963711620081
mobility_visual_pca4,mobility_visual_pca8_alpha1.0,0.7631600613498546,0.7489963711620081
mobility_visual_pca4,mobility_visual_pca8_alpha0.5,0.7631600613498546,0.7489963711620081
mobility_visual_pca4_alpha1.0,mobility_visual_pca8_alpha0.5,0.7631600613498546,0.7489963711620081
mobility_visual_pca4_alpha1.0,mobility_visual_pca8_alpha0.1,0.7631600613498546,0.7489963711620081
mobility_visual_pca4_alpha0.1,mobility_visual_pca8_alpha0.25,0.7631600613498546,0.7489963711620081
mobility_visual_pca4_alpha1.0,mobility_visual_pca8_alpha0.25,0.7631600613498546,0.7489963711620081
mobility_visual_pca4_alpha0.1,mobility_visual_pca8_alpha0.5,0.7631600613498546,0.7489963711620081
mobility_visual_pca4_alpha0.1,mobility_visual_pca8,0.7631600613498546,0.7489963711620081
mobility_visual_pca4_alpha2.0,mobility_visual_pca8_alpha1.0,0.7631600613498546,0.7489963711620081
mobility_visual_pca4_alpha1.0,mobility_visual_pca8_alpha0.05,0.7631600613498546,0.7489963711620081
mobility_visual_pca4_alpha0.5,mobility_visual_pca8_alpha2.0,0.7631600613498546,0.7489963711620081
mobility_visual_pca4_alpha2.0,mobility_visual_pca8_alpha0.05,0.7631600613498546,0.7489963711620081
mobility_visual_pca4_alpha2.0,mobility_visual_pca8_alpha0.01,0.7631600613498546,0.7489963711620081
mobility_visual_pca4_alpha2.0,mobility_visual_pca8_alpha0.03,0.7631600613498546,0.7489963711620081
mobility_visual_pca4_alpha0.5,mobility_visual_pca8_alpha0.25,0.7631600613498546,0.7489963711620081
mobility_visual_pca4_alpha0.5,mobility_visual_pca8_alpha0.1,0.7631600613498546,0.7489963711620081
mobility_visual_pca4_alpha0.5,mobility_visual_pca8_alpha0.05,0.7631600613498546,0.7489963711620081
mobility_visual_pca4_alpha0.5,mobility_visual_pca8_alpha0.03,0.7631600613498546,0.7489963711620081
mobility_visual_pca4,mobility_visual_pca8,0.7631600613498546,0.7489963711620081
mobility_visual_pca4_alpha0.1,mobility_visual_pca8_alpha0.01,0.7631600613498546,0.7489963711620081
mobility_visual_pca4_alpha0.1,mobility_visual_pca8_alpha0.03,0.7631600613498546,0.7489963711620081
mobility_visual_pca4_alpha0.1,mobility_visual_pca8_alpha2.0,0.7631600613498546,0.7489963711620081
mobility_visual_pca4_alpha0.05,mobility_visual_pca8_alpha0.25,0.7631600613498546,0.7489963711620081
mobility_visual_pca4_alpha0.03,mobility_visual_pca8,0.7631600613498546,0.7489963711620081
mobility_visual_pca4_alpha0.01,mobility_visual_pca8_alpha0.1,0.7631600613498546,0.7489963711620081
mobility_visual_pca4_alpha0.01,mobility_visual_pca8_alpha0.5,0.7631600613498546,0.7489963711620081
mobility_visual_pca4_alpha0.01,mobility_visual_pca8_alpha1.0,0.7631600613498546,0.7489963711620081
mobility_visual_pca4,mobility_visual_pca8_alpha2.0,0.7631600613498546,0.7489963711620081
mobility_visual_pca4_alpha0.05,mobility_visual_pca8_alpha0.03,0.7631600613498546,0.7489963711620081
mobility_visual_pca4_alpha0.05,mobility_visual_pca8_alpha0.05,0.7631600613498546,0.7489963711620081
mobility_visual_pca4_alpha0.01,mobility_visual_pca8_alpha2.0,0.7631600613498546,0.7489963711620081
mobility_visual_pca4_alpha0.01,mobility_visual_pca8_alpha0.25,0.7631600613498546,0.7489963711620081
mobility_visual_pca4_alpha0.5,mobility_visual_pca8,0.7631600613498546,0.7489963711620081
mobility_visual_pca4_alpha0.1,mobility_visual_pca8_alpha0.1,0.7631600613498546,0.7489963711620081
mobility_visual_pca4_alpha0.1,mobility_visual_pca8_alpha1.0,0.7631600613498546,0.7489963711620081
mobility_visual_pca4_alpha0.1,mobility_visual_pca8_alpha0.05,0.7631600613498546,0.7489963711620081
mobility_visual_pca4_alpha0.05,mobility_visual_pca8,0.7631600613498546,0.7489963711620081
mobility_visual_pca4_alpha0.05,mobility_visual_pca8_alpha0.1,0.7631600613498546,0.7489963711620081
mobility_visual_pca4_alpha2.0,mobility_visual_pca8,0.7631600613498546,0.7489963711620081
mobility_visual_pca4_alpha2.0,mobility_visual_pca8_alpha2.0,0.7631600613498546,0.7489963711620081
mobility_only,mobility_visual_pca4_alpha0.5,0.7619389912302073,0.7287475018324611
mobility_only,mobility_visual_pca4,0.7619389912302073,0.7287475018324611
mobility_only,mobility_visual_pca4_alpha0.1,0.7619389912302073,0.7287475018324611
mobility_only,mobility_visual_pca4_alpha0.01,0.7619389912302073,0.7287475018324611
mobility_only,mobility_visual_pca4_alpha0.05,0.7619389912302073,0.7287475018324611
mobility_only,mobility_visual_pca4_alpha0.25,0.7619389912302073,0.7287475018324611
mobility_only,mobility_visual_pca4_alpha1.0,0.7619389912302073,0.7287475018324611
mobility_only,mobility_visual_pca4_alpha2.0,0.7619389912302073,0.7287475018324611
mobility_only,mobility_visual_pca4_alpha0.03,0.7619389912302073,0.7287475018324611
mobility_visual_pca2,mobility_visual_pca8_alpha1.0,0.7604128998858779,0.7421405946412457
mobility_visual_pca2_alpha0.01,mobility_visual_pca8_alpha2.0,0.7604128998858779,0.7421405946412457
mobility_visual_pca2_alpha0.01,mobility_visual_pca8_alpha1.0,0.7604128998858779,0.7421405946412457
mobility_visual_pca2,mobility_visual_pca8_alpha0.03,0.7604128998858779,0.7421405946412457
mobility_visual_pca2,mobility_visual_pca8_alpha0.05,0.7604128998858779,0.7421405946412457
mobility_visual_pca2,mobility_visual_pca8_alpha0.1,0.7604128998858779,0.7421405946412457
mobility_visual_pca2,mobility_visual_pca8_alpha0.25,0.7604128998858779,0.7421405946412457
mobility_visual_pca2,mobility_visual_pca8_alpha0.5,0.7604128998858779,0.7421405946412457
mobility_visual_pca2_alpha0.03,mobility_visual_pca8_alpha1.0,0.7604128998858779,0.7421405946412457
mobility_visual_pca2,mobility_visual_pca8_alpha2.0,0.7604128998858779,0.7421405946412457
mobility_visual_pca2_alpha0.03,mobility_visual_pca8_alpha2.0,0.7604128998858779,0.7421405946412457
mobility_visual_pca2_alpha0.1,mobility_visual_pca8_alpha0.01,0.7604128998858779,0.7421405946412457
mobility_visual_pca2_alpha0.1,mobility_visual_pca8_alpha0.03,0.7604128998858779,0.7421405946412457
mobility_visual_pca2_alpha0.1,mobility_visual_pca8_alpha0.5,0.7604128998858779,0.7421405946412457
mobility_visual_pca2_alpha0.1,mobility_visual_pca8_alpha0.25,0.7604128998858779,0.7421405946412457
mobility_visual_pca2_alpha0.01,mobility_visual_pca8_alpha0.05,0.7604128998858779,0.7421405946412457
mobility_visual_pca2_alpha0.01,mobility_visual_pca8_alpha0.03,0.7604128998858779,0.7421405946412457
mobility_visual_pca2_alpha2.0,mobility_visual_pca8_alpha0.05,0.7604128998858779,0.7421405946412457
mobility_visual_pca2_alpha0.01,mobility_visual_pca8_alpha0.01,0.7604128998858779,0.7421405946412457
mobility_visual_pca2_alpha0.05,mobility_visual_pca8_alpha0.1,0.7604128998858779,0.7421405946412457
mobility_visual_pca2_alpha0.05,mobility_visual_pca8_alpha0.05,0.7604128998858779,0.7421405946412457
mobility_visual_pca2_alpha0.05,mobility_visual_pca8_alpha2.0,0.7604128998858779,0.7421405946412457
mobility_visual_pca2_alpha0.01,mobility_visual_pca8,0.7604128998858779,0.7421405946412457
mobility_visual_pca2_alpha0.05,mobility_visual_pca8_alpha1.0,0.7604128998858779,0.7421405946412457
mobility_visual_pca2_alpha0.05,mobility_visual_pca8_alpha0.5,0.7604128998858779,0.7421405946412457
mobility_visual_pca2_alpha0.1,mobility_visual_pca8_alpha0.1,0.7604128998858779,0.7421405946412457
mobility_visual_pca2_alpha0.05,mobility_visual_pca8_alpha0.25,0.7604128998858779,0.7421405946412457
mobility_visual_pca2_alpha0.1,mobility_visual_pca8_alpha0.05,0.7604128998858779,0.7421405946412457
mobility_visual_pca2_alpha0.25,mobility_visual_pca8_alpha1.0,0.7604128998858779,0.7421405946412457
mobility_visual_pca2_alpha0.25,mobility_visual_pca8_alpha0.25,0.7604128998858779,0.7421405946412457
mobility_visual_pca2_alpha0.25,mobility_visual_pca8_alpha0.1,0.7604128998858779,0.7421405946412457
mobility_visual_pca2_alpha0.25,mobility_visual_pca8_alpha2.0,0.7604128998858779,0.7421405946412457
mobility_visual_pca2_alpha0.25,mobility_visual_pca8_alpha0.5,0.7604128998858779,0.7421405946412457
mobility_visual_pca2_alpha0.25,mobility_visual_pca8_alpha0.05,0.7604128998858779,0.7421405946412457
mobility_visual_pca2_alpha0.25,mobility_visual_pca8_alpha0.03,0.7604128998858779,0.7421405946412457
mobility_visual_pca2_alpha0.25,mobility_visual_pca8_alpha0.01,0.7604128998858779,0.7421405946412457
mobility_visual_pca2_alpha0.25,mobility_visual_pca8,0.7604128998858779,0.7421405946412457
mobility_visual_pca2_alpha0.5,mobility_visual_pca8,0.7604128998858779,0.7421405946412457
mobility_visual_pca2_alpha0.5,mobility_visual_pca8_alpha2.0,0.7604128998858779,0.7421405946412457
mobility_visual_pca2_alpha0.5,mobility_visual_pca8_alpha0.5,0.7604128998858779,0.7421405946412457
mobility_visual_pca2_alpha0.5,mobility_visual_pca8_alpha1.0,0.7604128998858779,0.7421405946412457
mobility_visual_pca2_alpha0.01,mobility_visual_pca8_alpha0.25,0.7604128998858779,0.7421405946412457
mobility_visual_pca2_alpha0.01,mobility_visual_pca8_alpha0.1,0.7604128998858779,0.7421405946412457
mobility_visual_pca2_alpha0.1,mobility_visual_pca8_alpha1.0,0.7604128998858779,0.7421405946412457
mobility_visual_pca2_alpha0.1,mobility_visual_pca8_alpha2.0,0.7604128998858779,0.7421405946412457
mobility_visual_pca2_alpha2.0,mobility_visual_pca8_alpha0.03,0.7604128998858779,0.7421405946412457
mobility_visual_pca2_alpha2.0,mobility_visual_pca8_alpha1.0,0.7604128998858779,0.7421405946412457
mobility_visual_pca2_alpha0.5,mobility_visual_pca8_alpha0.05,0.7604128998858779,0.7421405946412457
mobility_visual_pca2_alpha2.0,mobility_visual_pca8_alpha0.1,0.7604128998858779,0.7421405946412457
mobility_visual_pca2_alpha0.05,mobility_visual_pca8_alpha0.01,0.7604128998858779,0.7421405946412457
mobility_visual_pca2_alpha0.03,mobility_visual_pca8_alpha0.05,0.7604128998858779,0.7421405946412457
mobility_visual_pca2_alpha0.03,mobility_visual_pca8_alpha0.03,0.7604128998858779,0.7421405946412457
mobility_visual_pca2_alpha0.03,mobility_visual_pca8_alpha0.5,0.7604128998858779,0.7421405946412457
mobility_visual_pca2_alpha0.03,mobility_visual_pca8_alpha0.25,0.7604128998858779,0.7421405946412457
mobility_visual_pca2_alpha0.03,mobility_visual_pca8_alpha0.1,0.7604128998858779,0.7421405946412457
mobility_visual_pca2_alpha0.1,mobility_visual_pca8,0.7604128998858779,0.7421405946412457
mobility_visual_pca2,mobility_visual_pca8_alpha0.01,0.7604128998858779,0.7421405946412457
mobility_visual_pca2,mobility_visual_pca8,0.7604128998858779,0.7421405946412457
mobility_visual_pca2_alpha0.5,mobility_visual_pca8_alpha0.03,0.7604128998858779,0.7421405946412457
mobility_visual_pca2_alpha0.5,mobility_visual_pca8_alpha0.01,0.7604128998858779,0.7421405946412457
mobility_visual_pca2_alpha0.5,mobility_visual_pca8_alpha0.1,0.7604128998858779,0.7421405946412457
mobility_visual_pca2_alpha2.0,mobility_visual_pca8_alpha0.25,0.7604128998858779,0.7421405946412457
mobility_visual_pca2_alpha1.0,mobility_visual_pca8_alpha0.01,0.7604128998858779,0.7421405946412457
mobility_visual_pca2_alpha0.5,mobility_visual_pca8_alpha0.25,0.7604128998858779,0.7421405946412457
mobility_visual_pca2_alpha2.0,mobility_visual_pca8_alpha0.5,0.7604128998858779,0.7421405946412457
mobility_visual_pca2_alpha2.0,mobility_visual_pca8_alpha0.01,0.7604128998858779,0.7421405946412457
mobility_visual_pca2_alpha2.0,mobility_visual_pca8_alpha2.0,0.7604128998858779,0.7421405946412457
mobility_visual_pca2_alpha1.0,mobility_visual_pca8_alpha2.0,0.7604128998858779,0.7421405946412457
mobility_visual_pca2_alpha1.0,mobility_visual_pca8_alpha0.25,0.7604128998858779,0.7421405946412457
mobility_visual_pca2_alpha1.0,mobility_visual_pca8_alpha0.1,0.7604128998858779,0.7421405946412457
mobility_visual_pca2_alpha1.0,mobility_visual_pca8_alpha1.0,0.7604128998858779,0.7421405946412457
mobility_visual_pca2_alpha1.0,mobility_visual_pca8_alpha0.5,0.7604128998858779,0.7421405946412457
mobility_visual_pca2_alpha2.0,mobility_visual_pca8,0.7604128998858779,0.7421405946412457
mobility_visual_pca2_alpha0.03,mobility_visual_pca8,0.7604128998858779,0.7421405946412457
mobility_visual_pca2_alpha0.05,mobility_visual_pca8,0.7604128998858779,0.7421405946412457
mobility_visual_pca2_alpha0.01,mobility_visual_pca8_alpha0.5,0.7604128998858779,0.7421405946412457
mobility_visual_pca2_alpha0.03,mobility_visual_pca8_alpha0.01,0.7604128998858779,0.7421405946412457
mobility_visual_pca2_alpha0.05,mobility_visual_pca8_alpha0.03,0.7604128998858779,0.7421405946412457
mobility_visual_pca2_alpha1.0,mobility_visual_pca8_alpha0.05,0.7604128998858779,0.7421405946412457
mobility_visual_pca2_alpha1.0,mobility_visual_pca8_alpha0.03,0.7604128998858779,0.7421405946412457
mobility_visual_pca2_alpha1.0,mobility_visual_pca8,0.7604128998858779,0.7421405946412457
mobility_visual_pca2_alpha0.01,mobility_visual_pca64_alpha0.03,0.7583033667038763,0.7197199962463325
mobility_visual_pca2_alpha0.01,mobility_visual_pca64_alpha1.0,0.7583033667038763,0.7197199962463325
mobility_visual_pca2_alpha0.01,mobility_visual_pca64_alpha2.0,0.7583033667038763,0.7197199962463325
mobility_visual_pca2_alpha2.0,mobility_visual_pca64_alpha0.1,0.7583033667038763,0.7197199962463325
mobility_visual_pca2_alpha1.0,mobility_visual_pca64_alpha2.0,0.7583033667038763,0.7197199962463325
mobility_visual_pca2,mobility_visual_pca64_alpha1.0,0.7583033667038763,0.7197199962463325
mobility_visual_pca2_alpha0.01,mobility_visual_pca64_alpha0.01,0.7583033667038763,0.7197199962463325
mobility_visual_pca2_alpha0.01,mobility_visual_pca64_alpha0.05,0.7583033667038763,0.7197199962463325
mobility_visual_pca2_alpha0.01,mobility_visual_pca64_alpha0.1,0.7583033667038763,0.7197199962463325
mobility_visual_pca2_alpha0.05,mobility_visual_pca64,0.7583033667038763,0.7197199962463325
mobility_visual_pca2_alpha0.01,mobility_visual_pca64_alpha0.25,0.7583033667038763,0.7197199962463325
mobility_visual_pca2,mobility_visual_pca64,0.7583033667038763,0.7197199962463325
mobility_visual_pca2,mobility_visual_pca64_alpha0.03,0.7583033667038763,0.7197199962463325
mobility_visual_pca2_alpha0.03,mobility_visual_pca64,0.7583033667038763,0.7197199962463325
mobility_visual_pca2_alpha0.01,mobility_visual_pca64_alpha0.5,0.7583033667038763,0.7197199962463325
mobility_visual_pca2,mobility_visual_pca64_alpha0.05,0.7583033667038763,0.7197199962463325
mobility_visual_pca2,mobility_visual_pca64_alpha0.1,0.7583033667038763,0.7197199962463325
mobility_visual_pca2,mobility_visual_pca64_alpha0.5,0.7583033667038763,0.7197199962463325
mobility_visual_pca2,mobility_visual_pca64_alpha0.25,0.7583033667038763,0.7197199962463325
mobility_visual_pca2_alpha2.0,mobility_visual_pca64_alpha1.0,0.7583033667038763,0.7197199962463325
mobility_visual_pca2_alpha0.05,mobility_visual_pca64_alpha0.05,0.7583033667038763,0.7197199962463325
mobility_visual_pca2_alpha2.0,mobility_visual_pca64_alpha0.25,0.7583033667038763,0.7197199962463325
mobility_visual_pca2,mobility_visual_pca64_alpha2.0,0.7583033667038763,0.7197199962463325
mobility_visual_pca2_alpha2.0,mobility_visual_pca64_alpha2.0,0.7583033667038763,0.7197199962463325
mobility_visual_pca2_alpha2.0,mobility_visual_pca64_alpha0.01,0.7583033667038763,0.7197199962463325
mobility_visual_pca2_alpha2.0,mobility_visual_pca64_alpha0.03,0.7583033667038763,0.7197199962463325
mobility_visual_pca2_alpha2.0,mobility_visual_pca64_alpha0.05,0.7583033667038763,0.7197199962463325
mobility_visual_pca2_alpha0.05,mobility_visual_pca64_alpha0.1,0.7583033667038763,0.7197199962463325
mobility_visual_pca2_alpha0.05,mobility_visual_pca64_alpha0.25,0.7583033667038763,0.7197199962463325
mobility_visual_pca2_alpha2.0,mobility_visual_pca64_alpha0.5,0.7583033667038763,0.7197199962463325
mobility_visual_pca2_alpha0.03,mobility_visual_pca64_alpha0.5,0.7583033667038763,0.7197199962463325
mobility_visual_pca2_alpha0.03,mobility_visual_pca64_alpha0.25,0.7583033667038763,0.7197199962463325
mobility_visual_pca2_alpha0.05,mobility_visual_pca64_alpha2.0,0.7583033667038763,0.7197199962463325
mobility_visual_pca2_alpha0.05,mobility_visual_pca64_alpha1.0,0.7583033667038763,0.7197199962463325
mobility_visual_pca2_alpha0.05,mobility_visual_pca64_alpha0.5,0.7583033667038763,0.7197199962463325
mobility_visual_pca2_alpha1.0,mobility_visual_pca64_alpha0.1,0.7583033667038763,0.7197199962463325
mobility_visual_pca2_alpha0.5,mobility_visual_pca64_alpha1.0,0.7583033667038763,0.7197199962463325
mobility_visual_pca2_alpha0.5,mobility_visual_pca64_alpha2.0,0.7583033667038763,0.7197199962463325
mobility_visual_pca2_alpha0.5,mobility_visual_pca64_alpha0.5,0.7583033667038763,0.7197199962463325
mobility_visual_pca2_alpha2.0,mobility_visual_pca64,0.7583033667038763,0.7197199962463325
mobility_visual_pca2_alpha0.03,mobility_visual_pca64_alpha1.0,0.7583033667038763,0.7197199962463325
mobility_visual_pca2_alpha0.03,mobility_visual_pca64_alpha2.0,0.7583033667038763,0.7197199962463325
mobility_visual_pca2_alpha0.5,mobility_visual_pca64_alpha0.25,0.7583033667038763,0.7197199962463325
mobility_visual_pca2_alpha0.1,mobility_visual_pca64,0.7583033667038763,0.7197199962463325
mobility_visual_pca2_alpha0.25,mobility_visual_pca64,0.7583033667038763,0.7197199962463325
mobility_visual_pca2_alpha0.1,mobility_visual_pca64_alpha0.05,0.7583033667038763,0.7197199962463325
mobility_visual_pca2_alpha0.1,mobility_visual_pca64_alpha0.1,0.7583033667038763,0.7197199962463325
mobility_visual_pca2_alpha0.1,mobility_visual_pca64_alpha0.25,0.7583033667038763,0.7197199962463325
mobility_visual_pca2_alpha0.25,mobility_visual_pca64_alpha0.01,0.7583033667038763,0.7197199962463325
mobility_visual_pca2_alpha0.25,mobility_visual_pca64_alpha0.03,0.7583033667038763,0.7197199962463325
mobility_visual_pca2_alpha0.25,mobility_visual_pca64_alpha0.05,0.7583033667038763,0.7197199962463325
mobility_visual_pca2_alpha0.5,mobility_visual_pca64_alpha0.01,0.7583033667038763,0.7197199962463325
mobility_visual_pca2_alpha0.5,mobility_visual_pca64_alpha0.03,0.7583033667038763,0.7197199962463325
mobility_visual_pca2_alpha0.5,mobility_visual_pca64_alpha0.05,0.7583033667038763,0.7197199962463325
mobility_visual_pca2_alpha0.5,mobility_visual_pca64_alpha0.1,0.7583033667038763,0.7197199962463325
mobility_visual_pca2_alpha0.5,mobility_visual_pca64,0.7583033667038763,0.7197199962463325
mobility_visual_pca2_alpha0.05,mobility_visual_pca64_alpha0.01,0.7583033667038763,0.7197199962463325
mobility_visual_pca2_alpha0.05,mobility_visual_pca64_alpha0.03,0.7583033667038763,0.7197199962463325
mobility_visual_pca2_alpha0.1,mobility_visual_pca64_alpha0.01,0.7583033667038763,0.7197199962463325
mobility_visual_pca2_alpha0.1,mobility_visual_pca64_alpha0.03,0.7583033667038763,0.7197199962463325
mobility_visual_pca2,mobility_visual_pca64_alpha0.01,0.7583033667038763,0.7197199962463325
mobility_visual_pca2_alpha0.1,mobility_visual_pca64_alpha2.0,0.7583033667038763,0.7197199962463325
mobility_visual_pca2_alpha0.25,mobility_visual_pca64_alpha1.0,0.7583033667038763,0.7197199962463325
mobility_visual_pca2_alpha0.25,mobility_visual_pca64_alpha0.1,0.7583033667038763,0.7197199962463325
mobility_visual_pca2_alpha0.25,mobility_visual_pca64_alpha0.25,0.7583033667038763,0.7197199962463325
mobility_visual_pca2_alpha0.25,mobility_visual_pca64_alpha0.5,0.7583033667038763,0.7197199962463325
mobility_visual_pca2_alpha0.25,mobility_visual_pca64_alpha2.0,0.7583033667038763,0.7197199962463325
mobility_visual_pca2_alpha1.0,mobility_visual_pca64,0.7583033667038763,0.7197199962463325
mobility_visual_pca2_alpha1.0,mobility_visual_pca64_alpha0.05,0.7583033667038763,0.7197199962463325
mobility_visual_pca2_alpha1.0,mobility_visual_pca64_alpha0.03,0.7583033667038763,0.7197199962463325
mobility_visual_pca2_alpha0.03,mobility_visual_pca64_alpha0.01,0.7583033667038763,0.7197199962463325
mobility_visual_pca2_alpha1.0,mobility_visual_pca64_alpha1.0,0.7583033667038763,0.7197199962463325
mobility_visual_pca2_alpha1.0,mobility_visual_pca64_alpha0.01,0.7583033667038763,0.7197199962463325
mobility_visual_pca2_alpha0.1,mobility_visual_pca64_alpha1.0,0.7583033667038763,0.7197199962463325
mobility_visual_pca2_alpha0.1,mobility_visual_pca64_alpha0.5,0.7583033667038763,0.7197199962463325
mobility_visual_pca2_alpha0.03,mobility_visual_pca64_alpha0.05,0.7583033667038763,0.7197199962463325
mobility_visual_pca2_alpha0.03,mobility_visual_pca64_alpha0.03,0.7583033667038763,0.7197199962463325
mobility_visual_pca2_alpha0.01,mobility_visual_pca64,0.7583033667038763,0.7197199962463325
mobility_visual_pca2_alpha0.03,mobility_visual_pca64_alpha0.1,0.7583033667038763,0.7197199962463325
mobility_visual_pca2_alpha1.0,mobility_visual_pca64_alpha0.25,0.7583033667038763,0.7197199962463325
mobility_visual_pca2_alpha1.0,mobility_visual_pca64_alpha0.5,0.7583033667038763,0.7197199962463325
mobility_visual_pca128,mobility_visual_pca16_alpha0.25,0.7492844071991943,0.7578494252680918
mobility_visual_pca128,mobility_visual_pca16_alpha2.0,0.7492844071991943,0.7578494252680918
mobility_visual_pca128,mobility_visual_pca16_alpha0.01,0.7492844071991943,0.7578494252680918
mobility_visual_pca128,mobility_visual_pca16_alpha0.1,0.7492844071991943,0.7578494252680918
mobility_visual_pca128,mobility_visual_pca16_alpha0.03,0.7492844071991943,0.7578494252680918
mobility_visual_pca128,mobility_visual_pca16_alpha0.05,0.7492844071991943,0.7578494252680918
mobility_visual_pca128,mobility_visual_pca16_alpha1.0,0.7492844071991943,0.7578494252680918
mobility_visual_pca128,mobility_visual_pca16,0.7492844071991943,0.7578494252680918
mobility_visual_pca128,mobility_visual_pca16_alpha0.5,0.7492844071991943,0.7578494252680918
mobility_only,mobility_visual_pca2_alpha0.01,0.7402302674272653,0.6925631116104061
mobility_only,mobility_visual_pca2_alpha0.25,0.7402302674272653,0.6925631116104061
mobility_only,mobility_visual_pca2_alpha0.1,0.7402302674272653,0.6925631116104061
mobility_only,mobility_visual_pca2_alpha0.03,0.7402302674272653,0.6925631116104061
mobility_only,mobility_visual_pca2_alpha0.05,0.7402302674272653,0.6925631116104061
mobility_only,mobility_visual_pca2_alpha0.5,0.7402302674272653,0.6925631116104061
mobility_only,mobility_visual_pca2_alpha1.0,0.7402302674272653,0.6925631116104061
mobility_only,mobility_visual_pca2,0.7402302674272653,0.6925631116104061
mobility_only,mobility_visual_pca2_alpha2.0,0.7402302674272653,0.6925631116104061
mobility_visual_pca32_alpha1.0,mobility_visual_pca4_alpha1.0,0.7373625447910545,0.7153625600278072
mobility_visual_pca32_alpha1.0,mobility_visual_pca4_alpha2.0,0.7373625447910545,0.7153625600278072
mobility_visual_pca32_alpha2.0,mobility_visual_pca4_alpha0.1,0.7373625447910545,0.7153625600278072
mobility_visual_pca32_alpha0.25,mobility_visual_pca4_alpha1.0,0.7373625447910545,0.7153625600278072
mobility_visual_pca32_alpha0.25,mobility_visual_pca4_alpha0.1,0.7373625447910545,0.7153625600278072
mobility_visual_pca32_alpha0.25,mobility_visual_pca4_alpha2.0,0.7373625447910545,0.7153625600278072
mobility_visual_pca32_alpha0.25,mobility_visual_pca4_alpha0.5,0.7373625447910545,0.7153625600278072
mobility_visual_pca32_alpha0.25,mobility_visual_pca4_alpha0.25,0.7373625447910545,0.7153625600278072
mobility_visual_pca32_alpha1.0,mobility_visual_pca4_alpha0.05,0.7373625447910545,0.7153625600278072
mobility_visual_pca32_alpha1.0,mobility_visual_pca4_alpha0.03,0.7373625447910545,0.7153625600278072
mobility_visual_pca32_alpha1.0,mobility_visual_pca4_alpha0.25,0.7373625447910545,0.7153625600278072
mobility_visual_pca32_alpha1.0,mobility_visual_pca4_alpha0.1,0.7373625447910545,0.7153625600278072
mobility_visual_pca32_alpha1.0,mobility_visual_pca4_alpha0.01,0.7373625447910545,0.7153625600278072
mobility_visual_pca32_alpha0.03,mobility_visual_pca4_alpha0.25,0.7373625447910545,0.7153625600278072
mobility_visual_pca32_alpha0.03,mobility_visual_pca4_alpha2.0,0.7373625447910545,0.7153625600278072
mobility_visual_pca32_alpha0.03,mobility_visual_pca4_alpha1.0,0.7373625447910545,0.7153625600278072
mobility_visual_pca32_alpha0.03,mobility_visual_pca4,0.7373625447910545,0.7153625600278072
mobility_visual_pca32_alpha0.1,mobility_visual_pca4_alpha0.01,0.7373625447910545,0.7153625600278072
mobility_visual_pca32,mobility_visual_pca4_alpha0.03,0.7373625447910545,0.7153625600278072
mobility_visual_pca32,mobility_visual_pca4_alpha0.01,0.7373625447910545,0.7153625600278072
mobility_visual_pca32_alpha0.5,mobility_visual_pca4_alpha0.01,0.7373625447910545,0.7153625600278072
mobility_visual_pca32_alpha0.5,mobility_visual_pca4_alpha0.1,0.7373625447910545,0.7153625600278072
mobility_visual_pca32_alpha0.5,mobility_visual_pca4,0.7373625447910545,0.7153625600278072
mobility_visual_pca32_alpha0.5,mobility_visual_pca4_alpha0.03,0.7373625447910545,0.7153625600278072
mobility_visual_pca32_alpha0.5,mobility_visual_pca4_alpha0.05,0.7373625447910545,0.7153625600278072
mobility_visual_pca32_alpha2.0,mobility_visual_pca4_alpha0.25,0.7373625447910545,0.7153625600278072
mobility_visual_pca32_alpha2.0,mobility_visual_pca4_alpha0.5,0.7373625447910545,0.7153625600278072
mobility_visual_pca32_alpha2.0,mobility_visual_pca4_alpha1.0,0.7373625447910545,0.7153625600278072
mobility_visual_pca32_alpha2.0,mobility_visual_pca4_alpha2.0,0.7373625447910545,0.7153625600278072
mobility_visual_pca32_alpha2.0,mobility_visual_pca4,0.7373625447910545,0.7153625600278072
mobility_visual_pca32_alpha2.0,mobility_visual_pca4_alpha0.01,0.7373625447910545,0.7153625600278072
mobility_visual_pca32_alpha2.0,mobility_visual_pca4_alpha0.03,0.7373625447910545,0.7153625600278072
mobility_visual_pca32_alpha2.0,mobility_visual_pca4_alpha0.05,0.7373625447910545,0.7153625600278072
mobility_visual_pca32_alpha1.0,mobility_visual_pca4_alpha0.5,0.7373625447910545,0.7153625600278072
mobility_visual_pca32_alpha0.01,mobility_visual_pca4_alpha0.25,0.7373625447910545,0.7153625600278072
mobility_visual_pca32_alpha0.05,mobility_visual_pca4_alpha0.05,0.7373625447910545,0.7153625600278072
mobility_visual_pca32,mobility_visual_pca4,0.7373625447910545,0.7153625600278072
mobility_visual_pca32,mobility_visual_pca4_alpha1.0,0.7373625447910545,0.7153625600278072
mobility_visual_pca32_alpha0.05,mobility_visual_pca4_alpha0.25,0.7373625447910545,0.7153625600278072
mobility_visual_pca32_alpha0.05,mobility_visual_pca4_alpha0.5,0.7373625447910545,0.7153625600278072
mobility_visual_pca32_alpha0.05,mobility_visual_pca4_alpha1.0,0.7373625447910545,0.7153625600278072
mobility_visual_pca32_alpha0.05,mobility_visual_pca4_alpha2.0,0.7373625447910545,0.7153625600278072
mobility_visual_pca32_alpha0.05,mobility_visual_pca4,0.7373625447910545,0.7153625600278072
mobility_visual_pca32_alpha0.05,mobility_visual_pca4_alpha0.01,0.7373625447910545,0.7153625600278072
mobility_visual_pca32_alpha0.05,mobility_visual_pca4_alpha0.03,0.7373625447910545,0.7153625600278072
mobility_visual_pca32_alpha0.1,mobility_visual_pca4_alpha0.05,0.7373625447910545,0.7153625600278072
mobility_visual_pca32_alpha0.1,mobility_visual_pca4_alpha0.1,0.7373625447910545,0.7153625600278072
mobility_visual_pca32_alpha0.1,mobility_visual_pca4_alpha0.25,0.7373625447910545,0.7153625600278072
mobility_visual_pca32_alpha0.1,mobility_visual_pca4_alpha0.5,0.7373625447910545,0.7153625600278072
mobility_visual_pca32_alpha0.1,mobility_visual_pca4_alpha1.0,0.7373625447910545,0.7153625600278072
mobility_visual_pca32_alpha0.1,mobility_visual_pca4_alpha2.0,0.7373625447910545,0.7153625600278072
mobility_visual_pca32_alpha0.1,mobility_visual_pca4,0.7373625447910545,0.7153625600278072
mobility_visual_pca32_alpha0.01,mobility_visual_pca4_alpha0.1,0.7373625447910545,0.7153625600278072
mobility_visual_pca32_alpha0.25,mobility_visual_pca4_alpha0.03,0.7373625447910545,0.7153625600278072
mobility_visual_pca32_alpha0.01,mobility_visual_pca4_alpha0.05,0.7373625447910545,0.7153625600278072
mobility_visual_pca32_alpha0.03,mobility_visual_pca4_alpha0.1,0.7373625447910545,0.7153625600278072
mobility_visual_pca32_alpha0.01,mobility_visual_pca4_alpha0.01,0.7373625447910545,0.7153625600278072
mobility_visual_pca32_alpha0.03,mobility_visual_pca4_alpha0.5,0.7373625447910545,0.7153625600278072
mobility_visual_pca32_alpha0.01,mobility_visual_pca4,0.7373625447910545,0.7153625600278072
mobility_visual_pca32_alpha0.01,mobility_visual_pca4_alpha2.0,0.7373625447910545,0.7153625600278072
mobility_visual_pca32_alpha0.01,mobility_visual_pca4_alpha0.5,0.7373625447910545,0.7153625600278072
mobility_visual_pca32_alpha0.01,mobility_visual_pca4_alpha1.0,0.7373625447910545,0.7153625600278072
mobility_visual_pca32_alpha0.03,mobility_visual_pca4_alpha0.05,0.7373625447910545,0.7153625600278072
mobility_visual_pca32_alpha0.03,mobility_visual_pca4_alpha0.03,0.7373625447910545,0.7153625600278072
mobility_visual_pca32_alpha0.03,mobility_visual_pca4_alpha0.01,0.7373625447910545,0.7153625600278072
mobility_visual_pca32_alpha0.5,mobility_visual_pca4_alpha0.25,0.7373625447910545,0.7153625600278072
mobility_visual_pca32,mobility_visual_pca4_alpha0.05,0.7373625447910545,0.7153625600278072
mobility_visual_pca32_alpha0.1,mobility_visual_pca4_alpha0.03,0.7373625447910545,0.7153625600278072
mobility_visual_pca32,mobility_visual_pca4_alpha2.0,0.7373625447910545,0.7153625600278072
mobility_visual_pca32_alpha0.05,mobility_visual_pca4_alpha0.1,0.7373625447910545,0.7153625600278072
mobility_visual_pca32,mobility_visual_pca4_alpha0.25,0.7373625447910545,0.7153625600278072
mobility_visual_pca32_alpha0.25,mobility_visual_pca4,0.7373625447910545,0.7153625600278072
mobility_visual_pca32_alpha0.01,mobility_visual_pca4_alpha0.03,0.7373625447910545,0.7153625600278072
mobility_visual_pca32_alpha0.25,mobility_visual_pca4_alpha0.05,0.7373625447910545,0.7153625600278072
mobility_visual_pca32_alpha0.25,mobility_visual_pca4_alpha0.01,0.7373625447910545,0.7153625600278072
mobility_visual_pca32,mobility_visual_pca4_alpha0.5,0.7373625447910545,0.7153625600278072
mobility_visual_pca32_alpha0.5,mobility_visual_pca4_alpha2.0,0.7373625447910545,0.7153625600278072
mobility_visual_pca32_alpha0.5,mobility_visual_pca4_alpha1.0,0.7373625447910545,0.7153625600278072
mobility_visual_pca32_alpha0.5,mobility_visual_pca4_alpha0.5,0.7373625447910545,0.7153625600278072
mobility_visual_pca32_alpha1.0,mobility_visual_pca4,0.7373625447910545,0.7153625600278072
mobility_visual_pca32,mobility_visual_pca4_alpha0.1,0.7373625447910545,0.7153625600278072
mobility_visual_pca16_alpha0.5,mobility_visual_pca4_alpha0.05,0.7136178088949511,0.7633241643995119
mobility_visual_pca16_alpha0.05,mobility_visual_pca4_alpha0.01,0.7136178088949511,0.7633241643995119
mobility_visual_pca16_alpha0.05,mobility_visual_pca4_alpha0.03,0.7136178088949511,0.7633241643995119
mobility_visual_pca16_alpha0.05,mobility_visual_pca4_alpha0.5,0.7136178088949511,0.7633241643995119
mobility_visual_pca16_alpha0.05,mobility_visual_pca4_alpha1.0,0.7136178088949511,0.7633241643995119
mobility_visual_pca16_alpha0.05,mobility_visual_pca4_alpha0.25,0.7136178088949511,0.7633241643995119
mobility_visual_pca16_alpha0.5,mobility_visual_pca4_alpha0.1,0.7136178088949511,0.7633241643995119
mobility_visual_pca16_alpha0.5,mobility_visual_pca4_alpha0.25,0.7136178088949511,0.7633241643995119
mobility_visual_pca16_alpha0.5,mobility_visual_pca4,0.7136178088949511,0.7633241643995119
mobility_visual_pca16_alpha0.5,mobility_visual_pca4_alpha2.0,0.7136178088949511,0.7633241643995119
mobility_visual_pca16_alpha0.5,mobility_visual_pca4_alpha0.01,0.7136178088949511,0.7633241643995119
mobility_visual_pca16_alpha0.5,mobility_visual_pca4_alpha1.0,0.7136178088949511,0.7633241643995119
mobility_visual_pca16_alpha0.05,mobility_visual_pca4_alpha0.1,0.7136178088949511,0.7633241643995119
mobility_visual_pca16_alpha0.05,mobility_visual_pca4_alpha0.05,0.7136178088949511,0.7633241643995119
mobility_visual_pca16_alpha0.05,mobility_visual_pca4,0.7136178088949511,0.7633241643995119
mobility_visual_pca16_alpha0.05,mobility_visual_pca4_alpha2.0,0.7136178088949511,0.7633241643995119
mobility_visual_pca16_alpha0.5,mobility_visual_pca4_alpha0.5,0.7136178088949511,0.7633241643995119
mobility_visual_pca16_alpha1.0,mobility_visual_pca4_alpha2.0,0.7136178088949511,0.7633241643995119
mobility_visual_pca16_alpha1.0,mobility_visual_pca4_alpha1.0,0.7136178088949511,0.7633241643995119
mobility_visual_pca16_alpha1.0,mobility_visual_pca4_alpha0.01,0.7136178088949511,0.7633241643995119
mobility_visual_pca16_alpha0.5,mobility_visual_pca4_alpha0.03,0.7136178088949511,0.7633241643995119
mobility_visual_pca16_alpha0.03,mobility_visual_pca4_alpha0.5,0.7136178088949511,0.7633241643995119
mobility_visual_pca16_alpha0.03,mobility_visual_pca4_alpha0.01,0.7136178088949511,0.7633241643995119
mobility_visual_pca16_alpha0.03,mobility_visual_pca4_alpha2.0,0.7136178088949511,0.7633241643995119
mobility_visual_pca16_alpha0.03,mobility_visual_pca4_alpha1.0,0.7136178088949511,0.7633241643995119
mobility_visual_pca16_alpha2.0,mobility_visual_pca4,0.7136178088949511,0.7633241643995119
mobility_visual_pca16_alpha2.0,mobility_visual_pca4_alpha1.0,0.7136178088949511,0.7633241643995119
mobility_visual_pca16_alpha0.01,mobility_visual_pca4_alpha2.0,0.7136178088949511,0.7633241643995119
mobility_visual_pca16,mobility_visual_pca4_alpha0.25,0.7136178088949511,0.7633241643995119
mobility_visual_pca16,mobility_visual_pca4_alpha0.1,0.7136178088949511,0.7633241643995119
mobility_visual_pca16_alpha0.03,mobility_visual_pca4_alpha0.25,0.7136178088949511,0.7633241643995119
mobility_visual_pca16_alpha0.03,mobility_visual_pca4_alpha0.1,0.7136178088949511,0.7633241643995119
mobility_visual_pca16_alpha2.0,mobility_visual_pca4_alpha2.0,0.7136178088949511,0.7633241643995119
mobility_visual_pca16_alpha0.1,mobility_visual_pca4_alpha0.1,0.7136178088949511,0.7633241643995119
mobility_visual_pca16_alpha0.1,mobility_visual_pca4_alpha0.05,0.7136178088949511,0.7633241643995119
mobility_visual_pca16_alpha0.1,mobility_visual_pca4_alpha0.03,0.7136178088949511,0.7633241643995119
mobility_visual_pca16_alpha0.1,mobility_visual_pca4_alpha0.01,0.7136178088949511,0.7633241643995119
mobility_visual_pca16_alpha0.1,mobility_visual_pca4_alpha2.0,0.7136178088949511,0.7633241643995119
mobility_visual_pca16_alpha0.1,mobility_visual_pca4_alpha0.25,0.7136178088949511,0.7633241643995119
mobility_visual_pca16,mobility_visual_pca4_alpha0.05,0.7136178088949511,0.7633241643995119
mobility_visual_pca16_alpha0.1,mobility_visual_pca4_alpha0.5,0.7136178088949511,0.7633241643995119
mobility_visual_pca16,mobility_visual_pca4_alpha2.0,0.7136178088949511,0.7633241643995119
mobility_visual_pca16,mobility_visual_pca4_alpha1.0,0.7136178088949511,0.7633241643995119
mobility_visual_pca16,mobility_visual_pca4_alpha0.5,0.7136178088949511,0.7633241643995119
mobility_visual_pca16,mobility_visual_pca4_alpha0.03,0.7136178088949511,0.7633241643995119
mobility_visual_pca16,mobility_visual_pca4_alpha0.01,0.7136178088949511,0.7633241643995119
mobility_visual_pca16,mobility_visual_pca4,0.7136178088949511,0.7633241643995119
mobility_visual_pca16_alpha0.1,mobility_visual_pca4_alpha1.0,0.7136178088949511,0.7633241643995119
mobility_visual_pca16_alpha0.25,mobility_visual_pca4,0.7136178088949511,0.7633241643995119
mobility_visual_pca16_alpha0.03,mobility_visual_pca4_alpha0.03,0.7136178088949511,0.7633241643995119
mobility_visual_pca16_alpha0.25,mobility_visual_pca4_alpha0.25,0.7136178088949511,0.7633241643995119
mobility_visual_pca16_alpha0.25,mobility_visual_pca4_alpha1.0,0.7136178088949511,0.7633241643995119
mobility_visual_pca16_alpha0.25,mobility_visual_pca4_alpha0.5,0.7136178088949511,0.7633241643995119
mobility_visual_pca16_alpha0.25,mobility_visual_pca4_alpha0.01,0.7136178088949511,0.7633241643995119
mobility_visual_pca16_alpha0.25,mobility_visual_pca4_alpha0.03,0.7136178088949511,0.7633241643995119
mobility_visual_pca16_alpha0.25,mobility_visual_pca4_alpha0.05,0.7136178088949511,0.7633241643995119
mobility_visual_pca16_alpha0.25,mobility_visual_pca4_alpha0.1,0.7136178088949511,0.7633241643995119
mobility_visual_pca16_alpha0.01,mobility_visual_pca4,0.7136178088949511,0.7633241643995119
mobility_visual_pca16_alpha0.01,mobility_visual_pca4_alpha0.01,0.7136178088949511,0.7633241643995119
mobility_visual_pca16_alpha0.01,mobility_visual_pca4_alpha0.03,0.7136178088949511,0.7633241643995119
mobility_visual_pca16_alpha0.01,mobility_visual_pca4_alpha0.05,0.7136178088949511,0.7633241643995119
mobility_visual_pca16_alpha0.01,mobility_visual_pca4_alpha0.1,0.7136178088949511,0.7633241643995119
mobility_visual_pca16_alpha0.01,mobility_visual_pca4_alpha0.25,0.7136178088949511,0.7633241643995119
mobility_visual_pca16_alpha0.01,mobility_visual_pca4_alpha0.5,0.7136178088949511,0.7633241643995119
mobility_visual_pca16_alpha0.01,mobility_visual_pca4_alpha1.0,0.7136178088949511,0.7633241643995119
mobility_visual_pca16_alpha0.1,mobility_visual_pca4,0.7136178088949511,0.7633241643995119
mobility_visual_pca16_alpha0.03,mobility_visual_pca4_alpha0.05,0.7136178088949511,0.7633241643995119
mobility_visual_pca16_alpha0.03,mobility_visual_pca4,0.7136178088949511,0.7633241643995119
mobility_visual_pca16_alpha0.25,mobility_visual_pca4_alpha2.0,0.7136178088949511,0.7633241643995119
mobility_visual_pca16_alpha2.0,mobility_visual_pca4_alpha0.01,0.7136178088949511,0.7633241643995119
mobility_visual_pca16_alpha2.0,mobility_visual_pca4_alpha0.03,0.7136178088949511,0.7633241643995119
mobility_visual_pca16_alpha2.0,mobility_visual_pca4_alpha0.05,0.7136178088949511,0.7633241643995119
mobility_visual_pca16_alpha2.0,mobility_visual_pca4_alpha0.1,0.7136178088949511,0.7633241643995119
mobility_visual_pca16_alpha2.0,mobility_visual_pca4_alpha0.25,0.7136178088949511,0.7633241643995119
mobility_visual_pca16_alpha2.0,mobility_visual_pca4_alpha0.5,0.7136178088949511,0.7633241643995119
mobility_visual_pca16_alpha1.0,mobility_visual_pca4_alpha0.03,0.7136178088949511,0.7633241643995119
mobility_visual_pca16_alpha1.0,mobility_visual_pca4_alpha0.05,0.7136178088949511,0.7633241643995119
mobility_visual_pca16_alpha1.0,mobility_visual_pca4_alpha0.1,0.7136178088949511,0.7633241643995119
mobility_visual_pca16_alpha1.0,mobility_visual_pca4_alpha0.25,0.7136178088949511,0.7633241643995119
mobility_visual_pca16_alpha1.0,mobility_visual_pca4_alpha0.5,0.7136178088949511,0.7633241643995119
mobility_visual_pca16_alpha1.0,mobility_visual_pca4,0.7136178088949511,0.7633241643995119
mobility_only,mobility_visual_pca64,0.688158483067148,0.6700134833463126
mobility_only,mobility_visual_pca64_alpha0.25,0.688158483067148,0.6700134833463126
mobility_only,mobility_visual_pca64_alpha0.1,0.688158483067148,0.6700134833463126
mobility_only,mobility_visual_pca64_alpha2.0,0.688158483067148,0.6700134833463126
mobility_only,mobility_visual_pca64_alpha1.0,0.688158483067148,0.6700134833463126
mobility_only,mobility_visual_pca64_alpha0.5,0.688158483067148,0.6700134833463126
mobility_only,mobility_visual_pca64_alpha0.03,0.688158483067148,0.6700134833463126
mobility_only,mobility_visual_pca64_alpha0.05,0.688158483067148,0.6700134833463126
mobility_only,mobility_visual_pca64_alpha0.01,0.688158483067148,0.6700134833463126
mobility_visual_pca64_alpha0.5,mobility_visual_pca8_alpha0.5,0.6753650439191159,0.668699684691775
mobility_visual_pca64_alpha0.1,mobility_visual_pca8_alpha2.0,0.6753650439191159,0.668699684691775
mobility_visual_pca64_alpha0.1,mobility_visual_pca8_alpha0.01,0.6753650439191159,0.668699684691775
mobility_visual_pca64_alpha0.25,mobility_visual_pca8_alpha1.0,0.6753650439191159,0.668699684691775
mobility_visual_pca64_alpha0.5,mobility_visual_pca8_alpha0.25,0.6753650439191159,0.668699684691775
mobility_visual_pca64_alpha0.25,mobility_visual_pca8_alpha0.03,0.6753650439191159,0.668699684691775
mobility_visual_pca64_alpha0.25,mobility_visual_pca8_alpha0.05,0.6753650439191159,0.668699684691775
mobility_visual_pca64_alpha0.25,mobility_visual_pca8_alpha0.1,0.6753650439191159,0.668699684691775
mobility_visual_pca64_alpha0.25,mobility_visual_pca8_alpha0.25,0.6753650439191159,0.668699684691775
mobility_visual_pca64_alpha2.0,mobility_visual_pca8_alpha0.05,0.6753650439191159,0.668699684691775
mobility_visual_pca64_alpha0.25,mobility_visual_pca8_alpha0.5,0.6753650439191159,0.668699684691775
mobility_visual_pca64_alpha1.0,mobility_visual_pca8_alpha0.5,0.6753650439191159,0.668699684691775
mobility_visual_pca64_alpha1.0,mobility_visual_pca8_alpha0.25,0.6753650439191159,0.668699684691775
mobility_visual_pca64_alpha0.1,mobility_visual_pca8_alpha0.03,0.6753650439191159,0.668699684691775
mobility_visual_pca64_alpha0.5,mobility_visual_pca8_alpha2.0,0.6753650439191159,0.668699684691775
mobility_visual_pca64_alpha0.5,mobility_visual_pca8_alpha1.0,0.6753650439191159,0.668699684691775
mobility_visual_pca64_alpha0.25,mobility_visual_pca8_alpha2.0,0.6753650439191159,0.668699684691775
mobility_visual_pca64_alpha0.1,mobility_visual_pca8_alpha0.25,0.6753650439191159,0.668699684691775
mobility_visual_pca64_alpha2.0,mobility_visual_pca8_alpha0.1,0.6753650439191159,0.668699684691775
mobility_visual_pca64_alpha2.0,mobility_visual_pca8_alpha0.25,0.6753650439191159,0.668699684691775
mobility_visual_pca64_alpha2.0,mobility_visual_pca8_alpha0.5,0.6753650439191159,0.668699684691775
mobility_visual_pca64_alpha0.1,mobility_visual_pca8_alpha0.5,0.6753650439191159,0.668699684691775
mobility_visual_pca64_alpha0.1,mobility_visual_pca8_alpha1.0,0.6753650439191159,0.668699684691775
mobility_visual_pca64_alpha0.5,mobility_visual_pca8_alpha0.01,0.6753650439191159,0.668699684691775
mobility_visual_pca64_alpha0.1,mobility_visual_pca8,0.6753650439191159,0.668699684691775
mobility_visual_pca64_alpha2.0,mobility_visual_pca8_alpha2.0,0.6753650439191159,0.668699684691775
mobility_visual_pca64_alpha0.1,mobility_visual_pca8_alpha0.05,0.6753650439191159,0.668699684691775
mobility_visual_pca64_alpha0.1,mobility_visual_pca8_alpha0.1,0.6753650439191159,0.668699684691775
mobility_visual_pca64_alpha0.05,mobility_visual_pca8_alpha0.5,0.6753650439191159,0.668699684691775
mobility_visual_pca64_alpha0.05,mobility_visual_pca8_alpha0.03,0.6753650439191159,0.668699684691775
mobility_visual_pca64_alpha0.05,mobility_visual_pca8_alpha0.05,0.6753650439191159,0.668699684691775
mobility_visual_pca64_alpha0.05,mobility_visual_pca8_alpha0.1,0.6753650439191159,0.668699684691775
mobility_visual_pca64_alpha2.0,mobility_visual_pca8_alpha1.0,0.6753650439191159,0.668699684691775
mobility_visual_pca64_alpha0.03,mobility_visual_pca8_alpha0.05,0.6753650439191159,0.668699684691775
mobility_visual_pca64,mobility_visual_pca8_alpha0.5,0.6753650439191159,0.668699684691775
mobility_visual_pca64,mobility_visual_pca8_alpha1.0,0.6753650439191159,0.668699684691775
mobility_visual_pca64,mobility_visual_pca8_alpha2.0,0.6753650439191159,0.668699684691775
mobility_visual_pca64,mobility_visual_pca8,0.6753650439191159,0.668699684691775
mobility_visual_pca64,mobility_visual_pca8_alpha0.05,0.6753650439191159,0.668699684691775
mobility_visual_pca64,mobility_visual_pca8_alpha0.1,0.6753650439191159,0.668699684691775
mobility_visual_pca64,mobility_visual_pca8_alpha0.25,0.6753650439191159,0.668699684691775
mobility_visual_pca64_alpha0.01,mobility_visual_pca8_alpha0.03,0.6753650439191159,0.668699684691775
mobility_visual_pca64_alpha0.01,mobility_visual_pca8_alpha0.05,0.6753650439191159,0.668699684691775
mobility_visual_pca64_alpha0.5,mobility_visual_pca8_alpha0.03,0.6753650439191159,0.668699684691775
mobility_visual_pca64_alpha0.5,mobility_visual_pca8_alpha0.05,0.6753650439191159,0.668699684691775
mobility_visual_pca64_alpha0.05,mobility_visual_pca8_alpha1.0,0.6753650439191159,0.668699684691775
mobility_visual_pca64_alpha0.05,mobility_visual_pca8_alpha2.0,0.6753650439191159,0.668699684691775
mobility_visual_pca64_alpha0.05,mobility_visual_pca8,0.6753650439191159,0.668699684691775
mobility_visual_pca64_alpha0.05,mobility_visual_pca8_alpha0.01,0.6753650439191159,0.668699684691775
mobility_visual_pca64_alpha0.01,mobility_visual_pca8,0.6753650439191159,0.668699684691775
mobility_visual_pca64_alpha0.01,mobility_visual_pca8_alpha2.0,0.6753650439191159,0.668699684691775
mobility_visual_pca64_alpha0.01,mobility_visual_pca8_alpha1.0,0.6753650439191159,0.668699684691775
mobility_visual_pca64_alpha0.5,mobility_visual_pca8_alpha0.1,0.6753650439191159,0.668699684691775
mobility_visual_pca64_alpha0.05,mobility_visual_pca8_alpha0.25,0.6753650439191159,0.668699684691775
mobility_visual_pca64_alpha0.03,mobility_visual_pca8_alpha2.0,0.6753650439191159,0.668699684691775
mobility_visual_pca64_alpha0.03,mobility_visual_pca8,0.6753650439191159,0.668699684691775
mobility_visual_pca64_alpha0.01,mobility_visual_pca8_alpha0.01,0.6753650439191159,0.668699684691775
mobility_visual_pca64_alpha0.01,mobility_visual_pca8_alpha0.25,0.6753650439191159,0.668699684691775
mobility_visual_pca64_alpha0.01,mobility_visual_pca8_alpha0.1,0.6753650439191159,0.668699684691775
mobility_visual_pca64_alpha0.03,mobility_visual_pca8_alpha0.03,0.6753650439191159,0.668699684691775
mobility_visual_pca64_alpha0.01,mobility_visual_pca8_alpha0.5,0.6753650439191159,0.668699684691775
mobility_visual_pca64_alpha0.03,mobility_visual_pca8_alpha0.1,0.6753650439191159,0.668699684691775
mobility_visual_pca64_alpha0.03,mobility_visual_pca8_alpha0.25,0.6753650439191159,0.668699684691775
mobility_visual_pca64_alpha0.03,mobility_visual_pca8_alpha0.5,0.6753650439191159,0.668699684691775
mobility_visual_pca64_alpha0.03,mobility_visual_pca8_alpha0.01,0.6753650439191159,0.668699684691775
mobility_visual_pca64_alpha0.03,mobility_visual_pca8_alpha1.0,0.6753650439191159,0.668699684691775
mobility_visual_pca64,mobility_visual_pca8_alpha0.01,0.6753650439191159,0.668699684691775
mobility_visual_pca64_alpha1.0,mobility_visual_pca8_alpha1.0,0.6753650439191159,0.668699684691775
mobility_visual_pca64,mobility_visual_pca8_alpha0.03,0.6753650439191159,0.668699684691775
mobility_visual_pca64_alpha1.0,mobility_visual_pca8,0.6753650439191159,0.668699684691775
mobility_visual_pca64_alpha1.0,mobility_visual_pca8_alpha0.01,0.6753650439191159,0.668699684691775
mobility_visual_pca64_alpha1.0,mobility_visual_pca8_alpha0.03,0.6753650439191159,0.668699684691775
mobility_visual_pca64_alpha1.0,mobility_visual_pca8_alpha2.0,0.6753650439191159,0.668699684691775
mobility_visual_pca64_alpha1.0,mobility_visual_pca8_alpha0.05,0.6753650439191159,0.668699684691775
mobility_visual_pca64_alpha2.0,mobility_visual_pca8,0.6753650439191159,0.668699684691775
mobility_visual_pca64_alpha2.0,mobility_visual_pca8_alpha0.01,0.6753650439191159,0.668699684691775
mobility_visual_pca64_alpha2.0,mobility_visual_pca8_alpha0.03,0.6753650439191159,0.668699684691775
mobility_visual_pca64_alpha1.0,mobility_visual_pca8_alpha0.1,0.6753650439191159,0.668699684691775
mobility_visual_pca64_alpha0.25,mobility_visual_pca8,0.6753650439191159,0.668699684691775
mobility_visual_pca64_alpha0.25,mobility_visual_pca8_alpha0.01,0.6753650439191159,0.668699684691775
mobility_visual_pca64_alpha0.5,mobility_visual_pca8,0.6753650439191159,0.668699684691775
mobility_only,mobility_visual_pca32_alpha0.03,0.6658282191989539,0.6343008686775474
mobility_only,mobility_visual_pca32_alpha0.05,0.6658282191989539,0.6343008686775474
mobility_only,mobility_visual_pca32_alpha0.1,0.6658282191989539,0.6343008686775474
mobility_only,mobility_visual_pca32_alpha0.25,0.6658282191989539,0.6343008686775474
mobility_only,mobility_visual_pca32_alpha0.5,0.6658282191989539,0.6343008686775474
mobility_only,mobility_visual_pca32_alpha2.0,0.6658282191989539,0.6343008686775474
mobility_only,mobility_visual_pca32_alpha0.01,0.6658282191989539,0.6343008686775474
mobility_only,mobility_visual_pca32_alpha1.0,0.6658282191989539,0.6343008686775474
mobility_only,mobility_visual_pca32,0.6658282191989539,0.6343008686775474
mobility_visual_pca32_alpha0.01,mobility_visual_pca8_alpha1.0,0.6525112263799472,0.6278775002261225
mobility_visual_pca32_alpha0.05,mobility_visual_pca8_alpha0.03,0.6525112263799472,0.6278775002261225
mobility_visual_pca32_alpha0.05,mobility_visual_pca8_alpha0.05,0.6525112263799472,0.6278775002261225
mobility_visual_pca32_alpha0.25,mobility_visual_pca8_alpha0.03,0.6525112263799472,0.6278775002261225
mobility_visual_pca32_alpha0.03,mobility_visual_pca8_alpha0.03,0.6525112263799472,0.6278775002261225
mobility_visual_pca32,mobility_visual_pca8_alpha0.01,0.6525112263799472,0.6278775002261225
mobility_visual_pca32,mobility_visual_pca8,0.6525112263799472,0.6278775002261225
mobility_visual_pca32,mobility_visual_pca8_alpha0.5,0.6525112263799472,0.6278775002261225
mobility_visual_pca32,mobility_visual_pca8_alpha1.0,0.6525112263799472,0.6278775002261225
mobility_visual_pca32_alpha0.25,mobility_visual_pca8_alpha2.0,0.6525112263799472,0.6278775002261225
mobility_visual_pca32_alpha0.05,mobility_visual_pca8_alpha2.0,0.6525112263799472,0.6278775002261225
mobility_visual_pca32_alpha0.25,mobility_visual_pca8_alpha0.05,0.6525112263799472,0.6278775002261225
mobility_visual_pca32_alpha0.03,mobility_visual_pca8_alpha0.05,0.6525112263799472,0.6278775002261225
mobility_visual_pca32_alpha0.5,mobility_visual_pca8,0.6525112263799472,0.6278775002261225
mobility_visual_pca32_alpha0.25,mobility_visual_pca8_alpha0.01,0.6525112263799472,0.6278775002261225
mobility_visual_pca32_alpha0.03,mobility_visual_pca8_alpha0.01,0.6525112263799472,0.6278775002261225
mobility_visual_pca32_alpha2.0,mobility_visual_pca8_alpha2.0,0.6525112263799472,0.6278775002261225
mobility_visual_pca32_alpha1.0,mobility_visual_pca8_alpha0.05,0.6525112263799472,0.6278775002261225
mobility_visual_pca32_alpha1.0,mobility_visual_pca8_alpha0.1,0.6525112263799472,0.6278775002261225
mobility_visual_pca32_alpha0.01,mobility_visual_pca8_alpha2.0,0.6525112263799472,0.6278775002261225
mobility_visual_pca32_alpha0.03,mobility_visual_pca8,0.6525112263799472,0.6278775002261225
mobility_visual_pca32_alpha2.0,mobility_visual_pca8_alpha0.05,0.6525112263799472,0.6278775002261225
mobility_visual_pca32_alpha0.03,mobility_visual_pca8_alpha1.0,0.6525112263799472,0.6278775002261225
mobility_visual_pca32_alpha0.03,mobility_visual_pca8_alpha2.0,0.6525112263799472,0.6278775002261225
mobility_visual_pca32_alpha0.25,mobility_visual_pca8,0.6525112263799472,0.6278775002261225
mobility_visual_pca32_alpha0.03,mobility_visual_pca8_alpha0.5,0.6525112263799472,0.6278775002261225
mobility_visual_pca32_alpha0.03,mobility_visual_pca8_alpha0.25,0.6525112263799472,0.6278775002261225
mobility_visual_pca32_alpha0.1,mobility_visual_pca8_alpha0.5,0.6525112263799472,0.6278775002261225
mobility_visual_pca32_alpha0.1,mobility_visual_pca8_alpha0.25,0.6525112263799472,0.6278775002261225
mobility_visual_pca32,mobility_visual_pca8_alpha0.25,0.6525112263799472,0.6278775002261225
mobility_visual_pca32,mobility_visual_pca8_alpha0.1,0.6525112263799472,0.6278775002261225
mobility_visual_pca32,mobility_visual_pca8_alpha0.05,0.6525112263799472,0.6278775002261225
mobility_visual_pca32_alpha0.1,mobility_visual_pca8_alpha0.01,0.6525112263799472,0.6278775002261225
mobility_visual_pca32_alpha0.1,mobility_visual_pca8,0.6525112263799472,0.6278775002261225
mobility_visual_pca32_alpha0.1,mobility_visual_pca8_alpha1.0,0.6525112263799472,0.6278775002261225
mobility_visual_pca32_alpha0.1,mobility_visual_pca8_alpha0.03,0.6525112263799472,0.6278775002261225
mobility_visual_pca32_alpha0.25,mobility_visual_pca8_alpha0.5,0.6525112263799472,0.6278775002261225
mobility_visual_pca32_alpha0.1,mobility_visual_pca8_alpha0.1,0.6525112263799472,0.6278775002261225
mobility_visual_pca32_alpha0.1,mobility_visual_pca8_alpha0.05,0.6525112263799472,0.6278775002261225
mobility_visual_pca32_alpha0.25,mobility_visual_pca8_alpha0.25,0.6525112263799472,0.6278775002261225
mobility_visual_pca32_alpha0.25,mobility_visual_pca8_alpha0.1,0.6525112263799472,0.6278775002261225
mobility_visual_pca32,mobility_visual_pca8_alpha2.0,0.6525112263799472,0.6278775002261225
mobility_visual_pca32_alpha0.25,mobility_visual_pca8_alpha1.0,0.6525112263799472,0.6278775002261225
mobility_visual_pca32_alpha2.0,mobility_visual_pca8_alpha0.03,0.6525112263799472,0.6278775002261225
mobility_visual_pca32_alpha0.05,mobility_visual_pca8_alpha0.1,0.6525112263799472,0.6278775002261225
mobility_visual_pca32_alpha0.05,mobility_visual_pca8_alpha1.0,0.6525112263799472,0.6278775002261225
mobility_visual_pca32_alpha0.01,mobility_visual_pca8_alpha0.03,0.6525112263799472,0.6278775002261225
mobility_visual_pca32_alpha2.0,mobility_visual_pca8_alpha0.01,0.6525112263799472,0.6278775002261225
mobility_visual_pca32_alpha0.01,mobility_visual_pca8_alpha0.25,0.6525112263799472,0.6278775002261225
mobility_visual_pca32_alpha0.01,mobility_visual_pca8_alpha0.05,0.6525112263799472,0.6278775002261225
mobility_visual_pca32_alpha0.01,mobility_visual_pca8_alpha0.1,0.6525112263799472,0.6278775002261225
mobility_visual_pca32_alpha2.0,mobility_visual_pca8_alpha0.5,0.6525112263799472,0.6278775002261225
mobility_visual_pca32_alpha0.01,mobility_visual_pca8,0.6525112263799472,0.6278775002261225
mobility_visual_pca32_alpha2.0,mobility_visual_pca8_alpha0.1,0.6525112263799472,0.6278775002261225
mobility_visual_pca32_alpha2.0,mobility_visual_pca8_alpha0.25,0.6525112263799472,0.6278775002261225
mobility_visual_pca32_alpha0.01,mobility_visual_pca8_alpha0.01,0.6525112263799472,0.6278775002261225
mobility_visual_pca32_alpha1.0,mobility_visual_pca8_alpha2.0,0.6525112263799472,0.6278775002261225
mobility_visual_pca32_alpha0.05,mobility_visual_pca8,0.6525112263799472,0.6278775002261225
mobility_visual_pca32,mobility_visual_pca8_alpha0.03,0.6525112263799472,0.6278775002261225
mobility_visual_pca32_alpha0.5,mobility_visual_pca8_alpha0.25,0.6525112263799472,0.6278775002261225
mobility_visual_pca32_alpha0.5,mobility_visual_pca8_alpha0.5,0.6525112263799472,0.6278775002261225
mobility_visual_pca32_alpha0.05,mobility_visual_pca8_alpha0.5,0.6525112263799472,0.6278775002261225
mobility_visual_pca32_alpha0.05,mobility_visual_pca8_alpha0.25,0.6525112263799472,0.6278775002261225
mobility_visual_pca32_alpha0.5,mobility_visual_pca8_alpha2.0,0.6525112263799472,0.6278775002261225
mobility_visual_pca32_alpha0.5,mobility_visual_pca8_alpha1.0,0.6525112263799472,0.6278775002261225
mobility_visual_pca32_alpha1.0,mobility_visual_pca8,0.6525112263799472,0.6278775002261225
mobility_visual_pca32_alpha0.5,mobility_visual_pca8_alpha0.01,0.6525112263799472,0.6278775002261225
mobility_visual_pca32_alpha0.5,mobility_visual_pca8_alpha0.03,0.6525112263799472,0.6278775002261225
mobility_visual_pca32_alpha1.0,mobility_visual_pca8_alpha0.25,0.6525112263799472,0.6278775002261225
mobility_visual_pca32_alpha0.5,mobility_visual_pca8_alpha0.05,0.6525112263799472,0.6278775002261225
mobility_visual_pca32_alpha2.0,mobility_visual_pca8_alpha1.0,0.6525112263799472,0.6278775002261225
mobility_visual_pca32_alpha1.0,mobility_visual_pca8_alpha0.03,0.6525112263799472,0.6278775002261225
mobility_visual_pca32_alpha1.0,mobility_visual_pca8_alpha0.01,0.6525112263799472,0.6278775002261225
mobility_visual_pca32_alpha0.1,mobility_visual_pca8_alpha2.0,0.6525112263799472,0.6278775002261225
mobility_visual_pca32_alpha0.03,mobility_visual_pca8_alpha0.1,0.6525112263799472,0.6278775002261225
mobility_visual_pca32_alpha0.05,mobility_visual_pca8_alpha0.01,0.6525112263799472,0.6278775002261225
mobility_visual_pca32_alpha1.0,mobility_visual_pca8_alpha0.5,0.6525112263799472,0.6278775002261225
mobility_visual_pca32_alpha2.0,mobility_visual_pca8,0.6525112263799472,0.6278775002261225
mobility_visual_pca32_alpha0.5,mobility_visual_pca8_alpha0.1,0.6525112263799472,0.6278775002261225
mobility_visual_pca32_alpha1.0,mobility_visual_pca8_alpha1.0,0.6525112263799472,0.6278775002261225
mobility_visual_pca32_alpha0.01,mobility_visual_pca8_alpha0.5,0.6525112263799472,0.6278775002261225
mobility_visual_pca128,mobility_visual_pca4_alpha0.25,0.645812708562862,0.7145615627749221
mobility_visual_pca128,mobility_visual_pca4_alpha0.03,0.645812708562862,0.7145615627749221
mobility_visual_pca128,mobility_visual_pca4_alpha0.5,0.645812708562862,0.7145615627749221
mobility_visual_pca128,mobility_visual_pca4_alpha0.05,0.645812708562862,0.7145615627749221
mobility_visual_pca128,mobility_visual_pca4,0.645812708562862,0.7145615627749221
mobility_visual_pca128,mobility_visual_pca4_alpha0.1,0.645812708562862,0.7145615627749221
mobility_visual_pca128,mobility_visual_pca4_alpha0.01,0.645812708562862,0.7145615627749221
mobility_visual_pca128,mobility_visual_pca4_alpha1.0,0.645812708562862,0.7145615627749221
mobility_visual_pca128,mobility_visual_pca4_alpha2.0,0.645812708562862,0.7145615627749221
mobility_visual_pca16_alpha0.1,mobility_visual_pca64_alpha0.5,0.6360985418040996,0.6882778382346639
mobility_visual_pca16_alpha0.25,mobility_visual_pca64_alpha0.5,0.6360985418040996,0.6882778382346639
mobility_visual_pca16_alpha0.25,mobility_visual_pca64_alpha0.25,0.6360985418040996,0.6882778382346639
mobility_visual_pca16_alpha0.25,mobility_visual_pca64_alpha0.1,0.6360985418040996,0.6882778382346639
mobility_visual_pca16_alpha0.25,mobility_visual_pca64_alpha0.05,0.6360985418040996,0.6882778382346639
mobility_visual_pca16_alpha0.25,mobility_visual_pca64_alpha2.0,0.6360985418040996,0.6882778382346639
mobility_visual_pca16_alpha0.25,mobility_visual_pca64_alpha1.0,0.6360985418040996,0.6882778382346639
mobility_visual_pca16_alpha2.0,mobility_visual_pca64_alpha0.5,0.6360985418040996,0.6882778382346639
mobility_visual_pca16_alpha2.0,mobility_visual_pca64_alpha2.0,0.6360985418040996,0.6882778382346639
mobility_visual_pca16_alpha2.0,mobility_visual_pca64_alpha1.0,0.6360985418040996,0.6882778382346639
mobility_visual_pca16_alpha0.5,mobility_visual_pca64,0.6360985418040996,0.6882778382346639
mobility_visual_pca16_alpha0.1,mobility_visual_pca64_alpha1.0,0.6360985418040996,0.6882778382346639
mobility_visual_pca16_alpha0.1,mobility_visual_pca64_alpha2.0,0.6360985418040996,0.6882778382346639
mobility_visual_pca16_alpha0.25,mobility_visual_pca64_alpha0.01,0.6360985418040996,0.6882778382346639
mobility_visual_pca16_alpha0.25,mobility_visual_pca64_alpha0.03,0.6360985418040996,0.6882778382346639
mobility_visual_pca16_alpha2.0,mobility_visual_pca64_alpha0.1,0.6360985418040996,0.6882778382346639
mobility_visual_pca16_alpha2.0,mobility_visual_pca64_alpha0.25,0.6360985418040996,0.6882778382346639
mobility_visual_pca16,mobility_visual_pca64,0.6360985418040996,0.6882778382346639
mobility_visual_pca16_alpha0.03,mobility_visual_pca64,0.6360985418040996,0.6882778382346639
mobility_visual_pca16_alpha0.1,mobility_visual_pca64_alpha0.05,0.6360985418040996,0.6882778382346639
mobility_visual_pca16_alpha0.1,mobility_visual_pca64_alpha0.1,0.6360985418040996,0.6882778382346639
mobility_visual_pca16_alpha0.1,mobility_visual_pca64_alpha0.25,0.6360985418040996,0.6882778382346639
mobility_visual_pca16,mobility_visual_pca64_alpha0.05,0.6360985418040996,0.6882778382346639
mobility_visual_pca16_alpha0.1,mobility_visual_pca64,0.6360985418040996,0.6882778382346639
mobility_visual_pca16,mobility_visual_pca64_alpha0.03,0.6360985418040996,0.6882778382346639
mobility_visual_pca16_alpha0.03,mobility_visual_pca64_alpha1.0,0.6360985418040996,0.6882778382346639
mobility_visual_pca16_alpha0.05,mobility_visual_pca64_alpha2.0,0.6360985418040996,0.6882778382346639
mobility_visual_pca16_alpha0.05,mobility_visual_pca64_alpha1.0,0.6360985418040996,0.6882778382346639
mobility_visual_pca16_alpha0.05,mobility_visual_pca64_alpha0.5,0.6360985418040996,0.6882778382346639
mobility_visual_pca16_alpha0.05,mobility_visual_pca64_alpha0.25,0.6360985418040996,0.6882778382346639
mobility_visual_pca16_alpha0.25,mobility_visual_pca64,0.6360985418040996,0.6882778382346639
mobility_visual_pca16,mobility_visual_pca64_alpha1.0,0.6360985418040996,0.6882778382346639
mobility_visual_pca16,mobility_visual_pca64_alpha0.5,0.6360985418040996,0.6882778382346639
mobility_visual_pca16_alpha1.0,mobility_visual_pca64_alpha0.5,0.6360985418040996,0.6882778382346639
mobility_visual_pca16,mobility_visual_pca64_alpha0.25,0.6360985418040996,0.6882778382346639
mobility_visual_pca16,mobility_visual_pca64_alpha0.1,0.6360985418040996,0.6882778382346639
mobility_visual_pca16_alpha1.0,mobility_visual_pca64_alpha2.0,0.6360985418040996,0.6882778382346639
mobility_visual_pca16_alpha1.0,mobility_visual_pca64_alpha1.0,0.6360985418040996,0.6882778382346639
mobility_visual_pca16_alpha0.05,mobility_visual_pca64,0.6360985418040996,0.6882778382346639
mobility_visual_pca16_alpha1.0,mobility_visual_pca64_alpha0.1,0.6360985418040996,0.6882778382346639
mobility_visual_pca16_alpha1.0,mobility_visual_pca64_alpha0.25,0.6360985418040996,0.6882778382346639
mobility_visual_pca16_alpha0.5,mobility_visual_pca64_alpha1.0,0.6360985418040996,0.6882778382346639
mobility_visual_pca16_alpha0.03,mobility_visual_pca64_alpha0.01,0.6360985418040996,0.6882778382346639
mobility_visual_pca16_alpha0.03,mobility_visual_pca64_alpha0.03,0.6360985418040996,0.6882778382346639
mobility_visual_pca16_alpha0.03,mobility_visual_pca64_alpha0.05,0.6360985418040996,0.6882778382346639
mobility_visual_pca16_alpha0.03,mobility_visual_pca64_alpha0.1,0.6360985418040996,0.6882778382346639
mobility_visual_pca16_alpha1.0,mobility_visual_pca64_alpha0.01,0.6360985418040996,0.6882778382346639
mobility_visual_pca16_alpha1.0,mobility_visual_pca64_alpha0.03,0.6360985418040996,0.6882778382346639
mobility_visual_pca16_alpha1.0,mobility_visual_pca64_alpha0.05,0.6360985418040996,0.6882778382346639
mobility_visual_pca16_alpha0.1,mobility_visual_pca64_alpha0.01,0.6360985418040996,0.6882778382346639
mobility_visual_pca16_alpha0.5,mobility_visual_pca64_alpha0.03,0.6360985418040996,0.6882778382346639
mobility_visual_pca16_alpha0.5,mobility_visual_pca64_alpha0.01,0.6360985418040996,0.6882778382346639
mobility_visual_pca16_alpha0.5,mobility_visual_pca64_alpha0.25,0.6360985418040996,0.6882778382346639
mobility_visual_pca16_alpha0.5,mobility_visual_pca64_alpha0.05,0.6360985418040996,0.6882778382346639
mobility_visual_pca16_alpha0.5,mobility_visual_pca64_alpha0.1,0.6360985418040996,0.6882778382346639
mobility_visual_pca16_alpha0.5,mobility_visual_pca64_alpha2.0,0.6360985418040996,0.6882778382346639
mobility_visual_pca16_alpha0.1,mobility_visual_pca64_alpha0.03,0.6360985418040996,0.6882778382346639
mobility_visual_pca16_alpha0.5,mobility_visual_pca64_alpha0.5,0.6360985418040996,0.6882778382346639
mobility_visual_pca16,mobility_visual_pca64_alpha0.01,0.6360985418040996,0.6882778382346639
mobility_visual_pca16,mobility_visual_pca64_alpha2.0,0.6360985418040996,0.6882778382346639
mobility_visual_pca16_alpha0.03,mobility_visual_pca64_alpha2.0,0.6360985418040996,0.6882778382346639
mobility_visual_pca16_alpha0.03,mobility_visual_pca64_alpha0.25,0.6360985418040996,0.6882778382346639
mobility_visual_pca16_alpha0.03,mobility_visual_pca64_alpha0.5,0.6360985418040996,0.6882778382346639
mobility_visual_pca16_alpha2.0,mobility_visual_pca64_alpha0.01,0.6360985418040996,0.6882778382346639
mobility_visual_pca16_alpha2.0,mobility_visual_pca64_alpha0.03,0.6360985418040996,0.6882778382346639
mobility_visual_pca16_alpha0.01,mobility_visual_pca64_alpha0.01,0.6360985418040996,0.6882778382346639
mobility_visual_pca16_alpha0.01,mobility_visual_pca64_alpha2.0,0.6360985418040996,0.6882778382346639
mobility_visual_pca16_alpha0.01,mobility_visual_pca64_alpha0.03,0.6360985418040996,0.6882778382346639
mobility_visual_pca16_alpha0.01,mobility_visual_pca64_alpha0.05,0.6360985418040996,0.6882778382346639
mobility_visual_pca16_alpha0.01,mobility_visual_pca64_alpha0.1,0.6360985418040996,0.6882778382346639
mobility_visual_pca16_alpha0.01,mobility_visual_pca64_alpha0.25,0.6360985418040996,0.6882778382346639
mobility_visual_pca16_alpha0.01,mobility_visual_pca64_alpha0.5,0.6360985418040996,0.6882778382346639
mobility_visual_pca16_alpha0.01,mobility_visual_pca64_alpha1.0,0.6360985418040996,0.6882778382346639
mobility_visual_pca16_alpha0.01,mobility_visual_pca64,0.6360985418040996,0.6882778382346639
mobility_visual_pca16_alpha0.05,mobility_visual_pca64_alpha0.01,0.6360985418040996,0.6882778382346639
mobility_visual_pca16_alpha2.0,mobility_visual_pca64_alpha0.05,0.6360985418040996,0.6882778382346639
mobility_visual_pca16_alpha2.0,mobility_visual_pca64,0.6360985418040996,0.6882778382346639
mobility_visual_pca16_alpha0.05,mobility_visual_pca64_alpha0.03,0.6360985418040996,0.6882778382346639
mobility_visual_pca16_alpha1.0,mobility_visual_pca64,0.6360985418040996,0.6882778382346639
mobility_visual_pca16_alpha0.05,mobility_visual_pca64_alpha0.05,0.6360985418040996,0.6882778382346639
mobility_visual_pca16_alpha0.05,mobility_visual_pca64_alpha0.1,0.6360985418040996,0.6882778382346639
mobility_visual_pca16_alpha1.0,mobility_visual_pca8,0.6209420423347624,0.6942129489370303
mobility_visual_pca16_alpha1.0,mobility_visual_pca8_alpha0.05,0.6209420423347624,0.6942129489370303
mobility_visual_pca16_alpha1.0,mobility_visual_pca8_alpha0.03,0.6209420423347624,0.6942129489370303
mobility_visual_pca16_alpha1.0,mobility_visual_pca8_alpha0.5,0.6209420423347624,0.6942129489370303
mobility_visual_pca16_alpha1.0,mobility_visual_pca8_alpha0.25,0.6209420423347624,0.6942129489370303
mobility_visual_pca16_alpha1.0,mobility_visual_pca8_alpha0.1,0.6209420423347624,0.6942129489370303
mobility_visual_pca16_alpha0.05,mobility_visual_pca8_alpha2.0,0.6209420423347624,0.6942129489370303
mobility_visual_pca16_alpha1.0,mobility_visual_pca8_alpha0.01,0.6209420423347624,0.6942129489370303
mobility_visual_pca16_alpha0.05,mobility_visual_pca8_alpha1.0,0.6209420423347624,0.6942129489370303
mobility_visual_pca16_alpha0.5,mobility_visual_pca8_alpha0.03,0.6209420423347624,0.6942129489370303
mobility_visual_pca16_alpha0.5,mobility_visual_pca8_alpha0.01,0.6209420423347624,0.6942129489370303
mobility_visual_pca16,mobility_visual_pca8_alpha2.0,0.6209420423347624,0.6942129489370303
mobility_visual_pca16,mobility_visual_pca8_alpha1.0,0.6209420423347624,0.6942129489370303
mobility_visual_pca16_alpha0.1,mobility_visual_pca8_alpha0.03,0.6209420423347624,0.6942129489370303
mobility_visual_pca16_alpha0.1,mobility_visual_pca8_alpha0.01,0.6209420423347624,0.6942129489370303
mobility_visual_pca16_alpha0.1,mobility_visual_pca8_alpha0.1,0.6209420423347624,0.6942129489370303
mobility_visual_pca16,mobility_visual_pca8_alpha0.5,0.6209420423347624,0.6942129489370303
mobility_visual_pca16,mobility_visual_pca8_alpha0.25,0.6209420423347624,0.6942129489370303
mobility_visual_pca16,mobility_visual_pca8_alpha0.1,0.6209420423347624,0.6942129489370303
mobility_visual_pca16_alpha0.1,mobility_visual_pca8,0.6209420423347624,0.6942129489370303
mobility_visual_pca16_alpha0.1,mobility_visual_pca8_alpha0.05,0.6209420423347624,0.6942129489370303
mobility_visual_pca16_alpha0.5,mobility_visual_pca8_alpha0.1,0.6209420423347624,0.6942129489370303
mobility_visual_pca16_alpha0.5,mobility_visual_pca8_alpha0.25,0.6209420423347624,0.6942129489370303
mobility_visual_pca16_alpha0.03,mobility_visual_pca8,0.6209420423347624,0.6942129489370303
mobility_visual_pca16_alpha0.5,mobility_visual_pca8,0.6209420423347624,0.6942129489370303
mobility_visual_pca16,mobility_visual_pca8,0.6209420423347624,0.6942129489370303
mobility_visual_pca16_alpha0.03,mobility_visual_pca8_alpha0.03,0.6209420423347624,0.6942129489370303
mobility_visual_pca16_alpha0.05,mobility_visual_pca8_alpha0.03,0.6209420423347624,0.6942129489370303
mobility_visual_pca16_alpha0.05,mobility_visual_pca8_alpha0.05,0.6209420423347624,0.6942129489370303
mobility_visual_pca16_alpha0.05,mobility_visual_pca8_alpha0.1,0.6209420423347624,0.6942129489370303
mobility_visual_pca16_alpha0.05,mobility_visual_pca8_alpha0.25,0.6209420423347624,0.6942129489370303
mobility_visual_pca16_alpha0.05,mobility_visual_pca8_alpha0.5,0.6209420423347624,0.6942129489370303
mobility_visual_pca16_alpha0.03,mobility_visual_pca8_alpha0.01,0.6209420423347624,0.6942129489370303
mobility_visual_pca16_alpha1.0,mobility_visual_pca8_alpha2.0,0.6209420423347624,0.6942129489370303
mobility_visual_pca16_alpha1.0,mobility_visual_pca8_alpha1.0,0.6209420423347624,0.6942129489370303
mobility_visual_pca16_alpha0.05,mobility_visual_pca8,0.6209420423347624,0.6942129489370303
mobility_visual_pca16_alpha0.5,mobility_visual_pca8_alpha2.0,0.6209420423347624,0.6942129489370303
mobility_visual_pca16_alpha0.5,mobility_visual_pca8_alpha1.0,0.6209420423347624,0.6942129489370303
mobility_visual_pca16_alpha0.5,mobility_visual_pca8_alpha0.5,0.6209420423347624,0.6942129489370303
mobility_visual_pca16_alpha0.1,mobility_visual_pca8_alpha2.0,0.6209420423347624,0.6942129489370303
mobility_visual_pca16_alpha0.1,mobility_visual_pca8_alpha1.0,0.6209420423347624,0.6942129489370303
mobility_visual_pca16_alpha0.1,mobility_visual_pca8_alpha0.5,0.6209420423347624,0.6942129489370303
mobility_visual_pca16_alpha0.1,mobility_visual_pca8_alpha0.25,0.6209420423347624,0.6942129489370303
mobility_visual_pca16_alpha0.01,mobility_visual_pca8_alpha0.1,0.6209420423347624,0.6942129489370303
mobility_visual_pca16_alpha2.0,mobility_visual_pca8_alpha0.25,0.6209420423347624,0.6942129489370303
mobility_visual_pca16_alpha0.01,mobility_visual_pca8_alpha0.01,0.6209420423347624,0.6942129489370303
mobility_visual_pca16_alpha0.01,mobility_visual_pca8_alpha0.05,0.6209420423347624,0.6942129489370303
mobility_visual_pca16_alpha0.01,mobility_visual_pca8_alpha0.25,0.6209420423347624,0.6942129489370303
mobility_visual_pca16_alpha2.0,mobility_visual_pca8_alpha0.01,0.6209420423347624,0.6942129489370303
mobility_visual_pca16_alpha2.0,mobility_visual_pca8,0.6209420423347624,0.6942129489370303
mobility_visual_pca16_alpha0.01,mobility_visual_pca8,0.6209420423347624,0.6942129489370303
mobility_visual_pca16_alpha2.0,mobility_visual_pca8_alpha0.03,0.6209420423347624,0.6942129489370303
mobility_visual_pca16_alpha2.0,mobility_visual_pca8_alpha2.0,0.6209420423347624,0.6942129489370303
mobility_visual_pca16_alpha2.0,mobility_visual_pca8_alpha1.0,0.6209420423347624,0.6942129489370303
mobility_visual_pca16_alpha2.0,mobility_visual_pca8_alpha0.5,0.6209420423347624,0.6942129489370303
mobility_visual_pca16,mobility_visual_pca8_alpha0.01,0.6209420423347624,0.6942129489370303
mobility_visual_pca16,mobility_visual_pca8_alpha0.03,0.6209420423347624,0.6942129489370303
mobility_visual_pca16_alpha2.0,mobility_visual_pca8_alpha0.1,0.6209420423347624,0.6942129489370303
mobility_visual_pca16_alpha2.0,mobility_visual_pca8_alpha0.05,0.6209420423347624,0.6942129489370303
mobility_visual_pca16_alpha0.25,mobility_visual_pca8_alpha1.0,0.6209420423347624,0.6942129489370303
mobility_visual_pca16_alpha0.25,mobility_visual_pca8_alpha2.0,0.6209420423347624,0.6942129489370303
mobility_visual_pca16_alpha0.25,mobility_visual_pca8_alpha0.25,0.6209420423347624,0.6942129489370303
mobility_visual_pca16_alpha0.25,mobility_visual_pca8_alpha0.5,0.6209420423347624,0.6942129489370303
mobility_visual_pca16_alpha0.01,mobility_visual_pca8_alpha2.0,0.6209420423347624,0.6942129489370303
mobility_visual_pca16_alpha0.01,mobility_visual_pca8_alpha1.0,0.6209420423347624,0.6942129489370303
mobility_visual_pca16,mobility_visual_pca8_alpha0.05,0.6209420423347624,0.6942129489370303
mobility_visual_pca16_alpha0.25,mobility_visual_pca8,0.6209420423347624,0.6942129489370303
mobility_visual_pca16_alpha0.03,mobility_visual_pca8_alpha2.0,0.6209420423347624,0.6942129489370303
mobility_visual_pca16_alpha0.5,mobility_visual_pca8_alpha0.05,0.6209420423347624,0.6942129489370303
mobility_visual_pca16_alpha0.03,mobility_visual_pca8_alpha1.0,0.6209420423347624,0.6942129489370303
mobility_visual_pca16_alpha0.03,mobility_visual_pca8_alpha0.5,0.6209420423347624,0.6942129489370303
mobility_visual_pca16_alpha0.03,mobility_visual_pca8_alpha0.1,0.6209420423347624,0.6942129489370303
mobility_visual_pca16_alpha0.03,mobility_visual_pca8_alpha0.25,0.6209420423347624,0.6942129489370303
mobility_visual_pca16_alpha0.05,mobility_visual_pca8_alpha0.01,0.6209420423347624,0.6942129489370303
mobility_visual_pca16_alpha0.03,mobility_visual_pca8_alpha0.05,0.6209420423347624,0.6942129489370303
mobility_visual_pca16_alpha0.25,mobility_visual_pca8_alpha0.1,0.6209420423347624,0.6942129489370303
mobility_visual_pca16_alpha0.25,mobility_visual_pca8_alpha0.05,0.6209420423347624,0.6942129489370303
mobility_visual_pca16_alpha0.25,mobility_visual_pca8_alpha0.03,0.6209420423347624,0.6942129489370303
mobility_visual_pca16_alpha0.25,mobility_visual_pca8_alpha0.01,0.6209420423347624,0.6942129489370303
mobility_visual_pca16_alpha0.01,mobility_visual_pca8_alpha0.5,0.6209420423347624,0.6942129489370303
mobility_visual_pca16_alpha0.01,mobility_visual_pca8_alpha0.03,0.6209420423347624,0.6942129489370303
mobility_only,mobility_visual_pca16_alpha2.0,0.6186204683689622,0.6810246016224614
mobility_only,mobility_visual_pca16_alpha0.25,0.6186204683689622,0.6810246016224614
mobility_only,mobility_visual_pca16,0.6186204683689622,0.6810246016224614
mobility_only,mobility_visual_pca16_alpha0.03,0.6186204683689622,0.6810246016224614
mobility_only,mobility_visual_pca16_alpha0.05,0.6186204683689622,0.6810246016224614
mobility_only,mobility_visual_pca16_alpha0.1,0.6186204683689622,0.6810246016224614
mobility_only,mobility_visual_pca16_alpha0.01,0.6186204683689622,0.6810246016224614
mobility_only,mobility_visual_pca16_alpha0.5,0.6186204683689622,0.6810246016224614
mobility_only,mobility_visual_pca16_alpha1.0,0.6186204683689622,0.6810246016224614
mobility_visual_pca16_alpha0.1,mobility_visual_pca2,0.6153432518486041,0.6630598283314546
mobility_visual_pca16_alpha0.5,mobility_visual_pca2_alpha2.0,0.6153432518486041,0.6630598283314546
mobility_visual_pca16_alpha1.0,mobility_visual_pca2_alpha0.01,0.6153432518486041,0.6630598283314546
mobility_visual_pca16_alpha0.5,mobility_visual_pca2_alpha0.5,0.6153432518486041,0.6630598283314546
mobility_visual_pca16_alpha1.0,mobility_visual_pca2_alpha0.5,0.6153432518486041,0.6630598283314546
mobility_visual_pca16_alpha1.0,mobility_visual_pca2,0.6153432518486041,0.6630598283314546
mobility_visual_pca16_alpha0.5,mobility_visual_pca2_alpha1.0,0.6153432518486041,0.6630598283314546
mobility_visual_pca16_alpha0.1,mobility_visual_pca2_alpha0.05,0.6153432518486041,0.6630598283314546
mobility_visual_pca16_alpha0.1,mobility_visual_pca2_alpha0.1,0.6153432518486041,0.6630598283314546
mobility_visual_pca16_alpha0.25,mobility_visual_pca2_alpha0.25,0.6153432518486041,0.6630598283314546
mobility_visual_pca16_alpha0.1,mobility_visual_pca2_alpha0.01,0.6153432518486041,0.6630598283314546
mobility_visual_pca16_alpha0.25,mobility_visual_pca2_alpha0.1,0.6153432518486041,0.6630598283314546
mobility_visual_pca16_alpha1.0,mobility_visual_pca2_alpha1.0,0.6153432518486041,0.6630598283314546
mobility_visual_pca16_alpha1.0,mobility_visual_pca2_alpha2.0,0.6153432518486041,0.6630598283314546
mobility_visual_pca16_alpha0.25,mobility_visual_pca2_alpha0.01,0.6153432518486041,0.6630598283314546
mobility_visual_pca16_alpha0.25,mobility_visual_pca2_alpha0.03,0.6153432518486041,0.6630598283314546
mobility_visual_pca16_alpha0.25,mobility_visual_pca2_alpha0.05,0.6153432518486041,0.6630598283314546
mobility_visual_pca16_alpha0.1,mobility_visual_pca2_alpha0.25,0.6153432518486041,0.6630598283314546
mobility_visual_pca16_alpha0.1,mobility_visual_pca2_alpha0.5,0.6153432518486041,0.6630598283314546
mobility_visual_pca16_alpha0.1,mobility_visual_pca2_alpha1.0,0.6153432518486041,0.6630598283314546
mobility_visual_pca16_alpha0.1,mobility_visual_pca2_alpha2.0,0.6153432518486041,0.6630598283314546
mobility_visual_pca16_alpha0.1,mobility_visual_pca2_alpha0.03,0.6153432518486041,0.6630598283314546
mobility_visual_pca16_alpha0.03,mobility_visual_pca2_alpha0.1,0.6153432518486041,0.6630598283314546
mobility_visual_pca16_alpha0.03,mobility_visual_pca2_alpha0.03,0.6153432518486041,0.6630598283314546
mobility_visual_pca16_alpha0.03,mobility_visual_pca2_alpha0.01,0.6153432518486041,0.6630598283314546
mobility_visual_pca16,mobility_visual_pca2_alpha0.03,0.6153432518486041,0.6630598283314546
mobility_visual_pca16,mobility_visual_pca2,0.6153432518486041,0.6630598283314546
mobility_visual_pca16,mobility_visual_pca2_alpha0.05,0.6153432518486041,0.6630598283314546
mobility_visual_pca16_alpha0.03,mobility_visual_pca2,0.6153432518486041,0.6630598283314546
mobility_visual_pca16,mobility_visual_pca2_alpha0.01,0.6153432518486041,0.6630598283314546
mobility_visual_pca16_alpha0.05,mobility_visual_pca2_alpha2.0,0.6153432518486041,0.6630598283314546
mobility_visual_pca16_alpha0.5,mobility_visual_pca2_alpha0.25,0.6153432518486041,0.6630598283314546
mobility_visual_pca16_alpha0.25,mobility_visual_pca2,0.6153432518486041,0.6630598283314546
mobility_visual_pca16_alpha0.05,mobility_visual_pca2_alpha1.0,0.6153432518486041,0.6630598283314546
mobility_visual_pca16_alpha0.05,mobility_visual_pca2_alpha0.5,0.6153432518486041,0.6630598283314546
mobility_visual_pca16_alpha0.05,mobility_visual_pca2_alpha0.25,0.6153432518486041,0.6630598283314546
mobility_visual_pca16_alpha0.05,mobility_visual_pca2_alpha0.1,0.6153432518486041,0.6630598283314546
mobility_visual_pca16_alpha0.05,mobility_visual_pca2_alpha0.03,0.6153432518486041,0.6630598283314546
mobility_visual_pca16_alpha0.05,mobility_visual_pca2_alpha0.05,0.6153432518486041,0.6630598283314546
mobility_visual_pca16_alpha0.5,mobility_visual_pca2_alpha0.1,0.6153432518486041,0.6630598283314546
mobility_visual_pca16_alpha0.5,mobility_visual_pca2_alpha0.05,0.6153432518486041,0.6630598283314546
mobility_visual_pca16_alpha0.05,mobility_visual_pca2,0.6153432518486041,0.6630598283314546
mobility_visual_pca16_alpha1.0,mobility_visual_pca2_alpha0.05,0.6153432518486041,0.6630598283314546
mobility_visual_pca16_alpha0.05,mobility_visual_pca2_alpha0.01,0.6153432518486041,0.6630598283314546
mobility_visual_pca16_alpha1.0,mobility_visual_pca2_alpha0.03,0.6153432518486041,0.6630598283314546
mobility_visual_pca16_alpha1.0,mobility_visual_pca2_alpha0.1,0.6153432518486041,0.6630598283314546
mobility_visual_pca16_alpha1.0,mobility_visual_pca2_alpha0.25,0.6153432518486041,0.6630598283314546
mobility_visual_pca16_alpha0.03,mobility_visual_pca2_alpha2.0,0.6153432518486041,0.6630598283314546
mobility_visual_pca16_alpha0.03,mobility_visual_pca2_alpha1.0,0.6153432518486041,0.6630598283314546
mobility_visual_pca16_alpha0.5,mobility_visual_pca2,0.6153432518486041,0.6630598283314546
mobility_visual_pca16_alpha0.25,mobility_visual_pca2_alpha0.5,0.6153432518486041,0.6630598283314546
mobility_visual_pca16_alpha0.03,mobility_visual_pca2_alpha0.5,0.6153432518486041,0.6630598283314546
mobility_visual_pca16_alpha0.03,mobility_visual_pca2_alpha0.25,0.6153432518486041,0.6630598283314546
mobility_visual_pca16_alpha0.03,mobility_visual_pca2_alpha0.05,0.6153432518486041,0.6630598283314546
mobility_visual_pca16_alpha2.0,mobility_visual_pca2_alpha0.5,0.6153432518486041,0.6630598283314546
mobility_visual_pca16,mobility_visual_pca2_alpha1.0,0.6153432518486041,0.6630598283314546
mobility_visual_pca16_alpha0.25,mobility_visual_pca2_alpha1.0,0.6153432518486041,0.6630598283314546
mobility_visual_pca16_alpha0.25,mobility_visual_pca2_alpha2.0,0.6153432518486041,0.6630598283314546
mobility_visual_pca16_alpha2.0,mobility_visual_pca2_alpha0.25,0.6153432518486041,0.6630598283314546
mobility_visual_pca16_alpha2.0,mobility_visual_pca2_alpha0.05,0.6153432518486041,0.6630598283314546
mobility_visual_pca16_alpha2.0,mobility_visual_pca2_alpha0.1,0.6153432518486041,0.6630598283314546
mobility_visual_pca16,mobility_visual_pca2_alpha0.5,0.6153432518486041,0.6630598283314546
mobility_visual_pca16,mobility_visual_pca2_alpha2.0,0.6153432518486041,0.6630598283314546
mobility_visual_pca16_alpha2.0,mobility_visual_pca2_alpha1.0,0.6153432518486041,0.6630598283314546
mobility_visual_pca16_alpha2.0,mobility_visual_pca2,0.6153432518486041,0.6630598283314546
mobility_visual_pca16_alpha0.01,mobility_visual_pca2_alpha0.5,0.6153432518486041,0.6630598283314546
mobility_visual_pca16_alpha0.01,mobility_visual_pca2_alpha0.25,0.6153432518486041,0.6630598283314546
mobility_visual_pca16_alpha0.01,mobility_visual_pca2_alpha0.1,0.6153432518486041,0.6630598283314546
mobility_visual_pca16_alpha0.01,mobility_visual_pca2_alpha0.05,0.6153432518486041,0.6630598283314546
mobility_visual_pca16_alpha0.01,mobility_visual_pca2_alpha0.03,0.6153432518486041,0.6630598283314546
mobility_visual_pca16_alpha0.01,mobility_visual_pca2_alpha0.01,0.6153432518486041,0.6630598283314546
mobility_visual_pca16_alpha0.01,mobility_visual_pca2,0.6153432518486041,0.6630598283314546
mobility_visual_pca16,mobility_visual_pca2_alpha0.25,0.6153432518486041,0.6630598283314546
mobility_visual_pca16_alpha2.0,mobility_visual_pca2_alpha2.0,0.6153432518486041,0.6630598283314546
mobility_visual_pca16,mobility_visual_pca2_alpha0.1,0.6153432518486041,0.6630598283314546
mobility_visual_pca16_alpha0.5,mobility_visual_pca2_alpha0.03,0.6153432518486041,0.6630598283314546
mobility_visual_pca16_alpha0.5,mobility_visual_pca2_alpha0.01,0.6153432518486041,0.6630598283314546
mobility_visual_pca16_alpha0.01,mobility_visual_pca2_alpha1.0,0.6153432518486041,0.6630598283314546
mobility_visual_pca16_alpha0.01,mobility_visual_pca2_alpha2.0,0.6153432518486041,0.6630598283314546
mobility_visual_pca16_alpha2.0,mobility_visual_pca2_alpha0.03,0.6153432518486041,0.6630598283314546
mobility_visual_pca16_alpha2.0,mobility_visual_pca2_alpha0.01,0.6153432518486041,0.6630598283314546
mobility_visual_pca128,mobility_visual_pca64_alpha0.03,0.6148319047690591,0.6826765865025175
mobility_visual_pca128,mobility_visual_pca64_alpha0.01,0.6148319047690591,0.6826765865025175
mobility_visual_pca128,mobility_visual_pca64_alpha0.25,0.6148319047690591,0.6826765865025175
mobility_visual_pca128,mobility_visual_pca64_alpha0.5,0.6148319047690591,0.6826765865025175
mobility_visual_pca128,mobility_visual_pca64_alpha1.0,0.6148319047690591,0.6826765865025175
mobility_visual_pca128,mobility_visual_pca64_alpha2.0,0.6148319047690591,0.6826765865025175
mobility_visual_pca128,mobility_visual_pca64_alpha0.1,0.6148319047690591,0.6826765865025175
mobility_visual_pca128,mobility_visual_pca64_alpha0.05,0.6148319047690591,0.6826765865025175
mobility_visual_pca128,mobility_visual_pca64,0.6148319047690591,0.6826765865025175
mobility_visual_pca128,mobility_visual_pca32,0.5956538859928742,0.6836795926261335
mobility_visual_pca128,mobility_visual_pca32_alpha0.01,0.5956538859928742,0.6836795926261335
mobility_visual_pca128,mobility_visual_pca32_alpha0.03,0.5956538859928742,0.6836795926261335
mobility_visual_pca128,mobility_visual_pca32_alpha0.05,0.5956538859928742,0.6836795926261335
mobility_visual_pca128,mobility_visual_pca32_alpha0.1,0.5956538859928742,0.6836795926261335
mobility_visual_pca128,mobility_visual_pca32_alpha2.0,0.5956538859928742,0.6836795926261335
mobility_visual_pca128,mobility_visual_pca32_alpha1.0,0.5956538859928742,0.6836795926261335
mobility_visual_pca128,mobility_visual_pca32_alpha0.25,0.5956538859928742,0.6836795926261335
mobility_visual_pca128,mobility_visual_pca32_alpha0.5,0.5956538859928742,0.6836795926261335
mobility_visual_pca16_alpha0.25,mobility_visual_pca32_alpha0.03,0.5942348082848851,0.6577558152030808
mobility_visual_pca16_alpha0.25,mobility_visual_pca32_alpha0.01,0.5942348082848851,0.6577558152030808
mobility_visual_pca16_alpha0.25,mobility_visual_pca32_alpha0.1,0.5942348082848851,0.6577558152030808
mobility_visual_pca16_alpha0.25,mobility_visual_pca32_alpha0.05,0.5942348082848851,0.6577558152030808
mobility_visual_pca16_alpha0.25,mobility_visual_pca32_alpha0.25,0.5942348082848851,0.6577558152030808
mobility_visual_pca16_alpha0.25,mobility_visual_pca32_alpha0.5,0.5942348082848851,0.6577558152030808
mobility_visual_pca16_alpha0.25,mobility_visual_pca32_alpha1.0,0.5942348082848851,0.6577558152030808
mobility_visual_pca16_alpha0.25,mobility_visual_pca32_alpha2.0,0.5942348082848851,0.6577558152030808
mobility_visual_pca16,mobility_visual_pca32_alpha0.1,0.5942348082848851,0.6577558152030808
mobility_visual_pca16_alpha0.05,mobility_visual_pca32,0.5942348082848851,0.6577558152030808
mobility_visual_pca16_alpha1.0,mobility_visual_pca32,0.5942348082848851,0.6577558152030808
mobility_visual_pca16_alpha1.0,mobility_visual_pca32_alpha1.0,0.5942348082848851,0.6577558152030808
mobility_visual_pca16,mobility_visual_pca32_alpha0.25,0.5942348082848851,0.6577558152030808
mobility_visual_pca16_alpha0.05,mobility_visual_pca32_alpha0.5,0.5942348082848851,0.6577558152030808
mobility_visual_pca16_alpha0.05,mobility_visual_pca32_alpha0.25,0.5942348082848851,0.6577558152030808
mobility_visual_pca16_alpha0.05,mobility_visual_pca32_alpha0.1,0.5942348082848851,0.6577558152030808
mobility_visual_pca16_alpha0.05,mobility_visual_pca32_alpha2.0,0.5942348082848851,0.6577558152030808
mobility_visual_pca16_alpha0.05,mobility_visual_pca32_alpha0.01,0.5942348082848851,0.6577558152030808
mobility_visual_pca16_alpha0.05,mobility_visual_pca32_alpha0.03,0.5942348082848851,0.6577558152030808
mobility_visual_pca16_alpha0.05,mobility_visual_pca32_alpha0.05,0.5942348082848851,0.6577558152030808
mobility_visual_pca16_alpha0.05,mobility_visual_pca32_alpha1.0,0.5942348082848851,0.6577558152030808
mobility_visual_pca16,mobility_visual_pca32_alpha0.05,0.5942348082848851,0.6577558152030808
mobility_visual_pca16,mobility_visual_pca32_alpha0.03,0.5942348082848851,0.6577558152030808
mobility_visual_pca16,mobility_visual_pca32_alpha0.01,0.5942348082848851,0.6577558152030808
mobility_visual_pca16_alpha0.1,mobility_visual_pca32_alpha0.03,0.5942348082848851,0.6577558152030808
mobility_visual_pca16_alpha2.0,mobility_visual_pca32,0.5942348082848851,0.6577558152030808
mobility_visual_pca16_alpha2.0,mobility_visual_pca32_alpha0.5,0.5942348082848851,0.6577558152030808
mobility_visual_pca16_alpha2.0,mobility_visual_pca32_alpha1.0,0.5942348082848851,0.6577558152030808
mobility_visual_pca16_alpha2.0,mobility_visual_pca32_alpha0.1,0.5942348082848851,0.6577558152030808
mobility_visual_pca16_alpha2.0,mobility_visual_pca32_alpha0.25,0.5942348082848851,0.6577558152030808
mobility_visual_pca16_alpha2.0,mobility_visual_pca32_alpha0.05,0.5942348082848851,0.6577558152030808
mobility_visual_pca16_alpha0.03,mobility_visual_pca32,0.5942348082848851,0.6577558152030808
mobility_visual_pca16_alpha0.01,mobility_visual_pca32_alpha0.5,0.5942348082848851,0.6577558152030808
mobility_visual_pca16_alpha0.01,mobility_visual_pca32_alpha0.25,0.5942348082848851,0.6577558152030808
mobility_visual_pca16_alpha2.0,mobility_visual_pca32_alpha0.03,0.5942348082848851,0.6577558152030808
mobility_visual_pca16_alpha2.0,mobility_visual_pca32_alpha0.01,0.5942348082848851,0.6577558152030808
mobility_visual_pca16_alpha2.0,mobility_visual_pca32_alpha2.0,0.5942348082848851,0.6577558152030808
mobility_visual_pca16_alpha0.01,mobility_visual_pca32_alpha0.01,0.5942348082848851,0.6577558152030808
mobility_visual_pca16_alpha0.01,mobility_visual_pca32_alpha1.0,0.5942348082848851,0.6577558152030808
mobility_visual_pca16_alpha0.01,mobility_visual_pca32_alpha2.0,0.5942348082848851,0.6577558152030808
mobility_visual_pca16_alpha0.03,mobility_visual_pca32_alpha0.5,0.5942348082848851,0.6577558152030808
mobility_visual_pca16_alpha0.03,mobility_visual_pca32_alpha1.0,0.5942348082848851,0.6577558152030808
mobility_visual_pca16_alpha1.0,mobility_visual_pca32_alpha0.1,0.5942348082848851,0.6577558152030808
mobility_visual_pca16_alpha1.0,mobility_visual_pca32_alpha0.01,0.5942348082848851,0.6577558152030808
mobility_visual_pca16_alpha0.03,mobility_visual_pca32_alpha0.01,0.5942348082848851,0.6577558152030808
mobility_visual_pca16_alpha0.03,mobility_visual_pca32_alpha2.0,0.5942348082848851,0.6577558152030808
mobility_visual_pca16_alpha0.03,mobility_visual_pca32_alpha0.03,0.5942348082848851,0.6577558152030808
mobility_visual_pca16_alpha1.0,mobility_visual_pca32_alpha2.0,0.5942348082848851,0.6577558152030808
mobility_visual_pca16_alpha0.03,mobility_visual_pca32_alpha0.05,0.5942348082848851,0.6577558152030808
mobility_visual_pca16,mobility_visual_pca32_alpha2.0,0.5942348082848851,0.6577558152030808
mobility_visual_pca16_alpha0.03,mobility_visual_pca32_alpha0.1,0.5942348082848851,0.6577558152030808
mobility_visual_pca16_alpha0.03,mobility_visual_pca32_alpha0.25,0.5942348082848851,0.6577558152030808
mobility_visual_pca16,mobility_visual_pca32_alpha1.0,0.5942348082848851,0.6577558152030808
mobility_visual_pca16,mobility_visual_pca32_alpha0.5,0.5942348082848851,0.6577558152030808
mobility_visual_pca16_alpha0.25,mobility_visual_pca32,0.5942348082848851,0.6577558152030808
mobility_visual_pca16_alpha0.1,mobility_visual_pca32_alpha0.01,0.5942348082848851,0.6577558152030808
mobility_visual_pca16_alpha0.5,mobility_visual_pca32_alpha0.1,0.5942348082848851,0.6577558152030808
mobility_visual_pca16_alpha0.5,mobility_visual_pca32_alpha0.05,0.5942348082848851,0.6577558152030808
mobility_visual_pca16_alpha0.5,mobility_visual_pca32_alpha0.5,0.5942348082848851,0.6577558152030808
mobility_visual_pca16_alpha0.5,mobility_visual_pca32_alpha0.25,0.5942348082848851,0.6577558152030808
mobility_visual_pca16_alpha0.5,mobility_visual_pca32_alpha1.0,0.5942348082848851,0.6577558152030808
mobility_visual_pca16_alpha0.5,mobility_visual_pca32_alpha2.0,0.5942348082848851,0.6577558152030808
mobility_visual_pca16_alpha0.5,mobility_visual_pca32_alpha0.03,0.5942348082848851,0.6577558152030808
mobility_visual_pca16_alpha0.5,mobility_visual_pca32_alpha0.01,0.5942348082848851,0.6577558152030808
mobility_visual_pca16_alpha0.1,mobility_visual_pca32,0.5942348082848851,0.6577558152030808
mobility_visual_pca16_alpha0.1,mobility_visual_pca32_alpha0.1,0.5942348082848851,0.6577558152030808
mobility_visual_pca16_alpha0.1,mobility_visual_pca32_alpha0.5,0.5942348082848851,0.6577558152030808
mobility_visual_pca16_alpha0.1,mobility_visual_pca32_alpha1.0,0.5942348082848851,0.6577558152030808
mobility_visual_pca16_alpha0.1,mobility_visual_pca32_alpha2.0,0.5942348082848851,0.6577558152030808
mobility_visual_pca16_alpha0.1,mobility_visual_pca32_alpha0.25,0.5942348082848851,0.6577558152030808
mobility_visual_pca16_alpha0.5,mobility_visual_pca32,0.5942348082848851,0.6577558152030808
mobility_visual_pca16_alpha0.1,mobility_visual_pca32_alpha0.05,0.5942348082848851,0.6577558152030808
mobility_visual_pca16_alpha1.0,mobility_visual_pca32_alpha0.5,0.5942348082848851,0.6577558152030808
mobility_visual_pca16,mobility_visual_pca32,0.5942348082848851,0.6577558152030808
mobility_visual_pca16_alpha1.0,mobility_visual_pca32_alpha0.25,0.5942348082848851,0.6577558152030808
mobility_visual_pca16_alpha0.01,mobility_visual_pca32_alpha0.03,0.5942348082848851,0.6577558152030808
mobility_visual_pca16_alpha0.01,mobility_visual_pca32_alpha0.1,0.5942348082848851,0.6577558152030808
mobility_visual_pca16_alpha0.01,mobility_visual_pca32_alpha0.05,0.5942348082848851,0.6577558152030808
mobility_visual_pca16_alpha1.0,mobility_visual_pca32_alpha0.05,0.5942348082848851,0.6577558152030808
mobility_visual_pca16_alpha1.0,mobility_visual_pca32_alpha0.03,0.5942348082848851,0.6577558152030808
mobility_visual_pca16_alpha0.01,mobility_visual_pca32,0.5942348082848851,0.6577558152030808
mobility_visual_pca128,mobility_visual_pca2_alpha0.03,0.5430836789315896,0.6101610469506339
mobility_visual_pca128,mobility_visual_pca2_alpha0.05,0.5430836789315896,0.6101610469506339
mobility_visual_pca128,mobility_visual_pca2_alpha0.01,0.5430836789315896,0.6101610469506339
mobility_visual_pca128,mobility_visual_pca2_alpha0.25,0.5430836789315896,0.6101610469506339
mobility_visual_pca128,mobility_visual_pca2_alpha2.0,0.5430836789315896,0.6101610469506339
mobility_visual_pca128,mobility_visual_pca2,0.5430836789315896,0.6101610469506339
mobility_visual_pca128,mobility_visual_pca2_alpha0.1,0.5430836789315896,0.6101610469506339
mobility_visual_pca128,mobility_visual_pca2_alpha1.0,0.5430836789315896,0.6101610469506339
mobility_visual_pca128,mobility_visual_pca2_alpha0.5,0.5430836789315896,0.6101610469506339
mobility_only,mobility_visual_pca128,0.5403041279895305,0.6239661739490281
mobility_visual_pca128,mobility_visual_pca8,0.5256176602640152,0.6213145202376293
mobility_visual_pca128,mobility_visual_pca8_alpha0.5,0.5256176602640152,0.6213145202376293
mobility_visual_pca128,mobility_visual_pca8_alpha0.25,0.5256176602640152,0.6213145202376293
mobility_visual_pca128,mobility_visual_pca8_alpha1.0,0.5256176602640152,0.6213145202376293
mobility_visual_pca128,mobility_visual_pca8_alpha0.03,0.5256176602640152,0.6213145202376293
mobility_visual_pca128,mobility_visual_pca8_alpha0.1,0.5256176602640152,0.6213145202376293
mobility_visual_pca128,mobility_visual_pca8_alpha0.05,0.5256176602640152,0.6213145202376293
mobility_visual_pca128,mobility_visual_pca8_alpha0.01,0.5256176602640152,0.6213145202376293
mobility_visual_pca128,mobility_visual_pca8_alpha2.0,0.5256176602640152,0.6213145202376293
visual_pca2_only_ev0.17,visual_raw_only,0.42853649036776753,0.5769795878406299
visual_pca8_only_ev0.35,visual_raw_only,0.3954570166886375,0.5495369469894398
visual_pca16_only_ev0.48,visual_pca8_only_ev0.35,0.3549638288922665,0.46551786856468585
visual_pca4_only_ev0.24,visual_raw_only,0.34165992790397315,0.4727492185366442
visual_pca16_only_ev0.48,visual_raw_only,0.29839756380542165,0.43535471939684156
visual_pca2_only_ev0.17,visual_pca4_only_ev0.24,0.29772426587289114,0.44586260679155754
visual_pca2_only_ev0.17,visual_pca8_only_ev0.35,0.2789808871605289,0.4096270678475952
visual_pca16_only_ev0.48,visual_pca4_only_ev0.24,0.27395695996698805,0.36893100437925697
visual_pca4_only_ev0.24,visual_pca8_only_ev0.35,0.26400596361803935,0.40340324944320366
visual_pca16_only_ev0.48,visual_pca32_only_ev0.63,0.262883392957028,0.37801314124314356
visual_pca16_only_ev0.48,visual_pca2_only_ev0.17,0.22656327733656384,0.35369586887363297
visual_pca32_only_ev0.63,visual_pca8_only_ev0.35,0.21999529379080962,0.3565114438084406
visual_pca32_only_ev0.63,visual_raw_only,0.212656914300807,0.3540244880832479
visual_pca32_only_ev0.63,visual_pca4_only_ev0.24,0.19274052495260077,0.30702822294624876
mobility_visual_pca16_alpha0.1,visual_pca8_only_ev0.35,0.16675719422408342,0.20441269873070106
mobility_visual_pca16_alpha2.0,visual_pca8_only_ev0.35,0.16675719422408342,0.20441269873070106
mobility_visual_pca16_alpha0.25,visual_pca8_only_ev0.35,0.16675719422408342,0.20441269873070106
mobility_visual_pca16_alpha0.5,visual_pca8_only_ev0.35,0.16675719422408342,0.20441269873070106
mobility_visual_pca16_alpha1.0,visual_pca8_only_ev0.35,0.16675719422408342,0.20441269873070106
mobility_visual_pca16_alpha0.05,visual_pca8_only_ev0.35,0.16675719422408342,0.20441269873070106
mobility_visual_pca16_alpha0.01,visual_pca8_only_ev0.35,0.16675719422408342,0.20441269873070106
mobility_visual_pca16,visual_pca8_only_ev0.35,0.16675719422408342,0.20441269873070106
mobility_visual_pca16_alpha0.03,visual_pca8_only_ev0.35,0.16675719422408342,0.20441269873070106
visual_pca2_only_ev0.17,visual_pca32_only_ev0.63,0.16325124107920722,0.29696304684638763
mobility_visual_pca128,visual_pca8_only_ev0.35,0.15345079088834082,0.1786548406300402
mobility_visual_pca4_alpha1.0,visual_pca8_only_ev0.35,0.14834710514315824,0.17432429865228108
mobility_visual_pca4_alpha0.5,visual_pca8_only_ev0.35,0.14834710514315824,0.17432429865228108
mobility_visual_pca4_alpha2.0,visual_pca8_only_ev0.35,0.14834710514315824,0.17432429865228108
mobility_visual_pca4_alpha0.1,visual_pca8_only_ev0.35,0.14834710514315824,0.17432429865228108
mobility_visual_pca4_alpha0.05,visual_pca8_only_ev0.35,0.14834710514315824,0.17432429865228108
mobility_visual_pca4_alpha0.25,visual_pca8_only_ev0.35,0.14834710514315824,0.17432429865228108
mobility_visual_pca4,visual_pca8_only_ev0.35,0.14834710514315824,0.17432429865228108
mobility_visual_pca4_alpha0.03,visual_pca8_only_ev0.35,0.14834710514315824,0.17432429865228108
mobility_visual_pca4_alpha0.01,visual_pca8_only_ev0.35,0.14834710514315824,0.17432429865228108
mobility_visual_pca32_alpha0.1,visual_pca8_only_ev0.35,0.14492751912141755,0.1865726685199335
mobility_visual_pca32,visual_pca8_only_ev0.35,0.14492751912141755,0.1865726685199335
mobility_visual_pca32_alpha0.01,visual_pca8_only_ev0.35,0.14492751912141755,0.1865726685199335
mobility_visual_pca32_alpha0.05,visual_pca8_only_ev0.35,0.14492751912141755,0.1865726685199335
mobility_visual_pca32_alpha0.25,visual_pca8_only_ev0.35,0.14492751912141755,0.1865726685199335
mobility_visual_pca32_alpha0.5,visual_pca8_only_ev0.35,0.14492751912141755,0.1865726685199335
mobility_visual_pca32_alpha2.0,visual_pca8_only_ev0.35,0.14492751912141755,0.1865726685199335
mobility_visual_pca32_alpha1.0,visual_pca8_only_ev0.35,0.14492751912141755,0.1865726685199335
mobility_visual_pca32_alpha0.03,visual_pca8_only_ev0.35,0.14492751912141755,0.1865726685199335
mobility_only,visual_pca8_only_ev0.35,0.14259672298540543,0.1702964325547062
mobility_visual_pca64_alpha0.1,visual_pca8_only_ev0.35,0.13727172267256818,0.16010279859210413
mobility_visual_pca64_alpha0.01,visual_pca8_only_ev0.35,0.13727172267256818,0.16010279859210413
mobility_visual_pca64_alpha0.05,visual_pca8_only_ev0.35,0.13727172267256818,0.16010279859210413
mobility_visual_pca64_alpha0.03,visual_pca8_only_ev0.35,0.13727172267256818,0.16010279859210413
mobility_visual_pca64_alpha1.0,visual_pca8_only_ev0.35,0.13727172267256818,0.16010279859210413
mobility_visual_pca64_alpha0.5,visual_pca8_only_ev0.35,0.13727172267256818,0.16010279859210413
mobility_visual_pca64_alpha0.25,visual_pca8_only_ev0.35,0.13727172267256818,0.16010279859210413
mobility_visual_pca64_alpha2.0,visual_pca8_only_ev0.35,0.13727172267256818,0.16010279859210413
mobility_visual_pca64,visual_pca8_only_ev0.35,0.13727172267256818,0.16010279859210413
mobility_visual_pca16_alpha0.1,visual_pca2_only_ev0.17,0.13366717147083976,0.20125155033111378
mobility_visual_pca16_alpha1.0,visual_pca2_only_ev0.17,0.13366717147083976,0.20125155033111378
mobility_visual_pca16_alpha0.25,visual_pca2_only_ev0.17,0.13366717147083976,0.20125155033111378
mobility_visual_pca16_alpha0.01,visual_pca2_only_ev0.17,0.13366717147083976,0.20125155033111378
mobility_visual_pca16,visual_pca2_only_ev0.17,0.13366717147083976,0.20125155033111378
mobility_visual_pca16_alpha0.03,visual_pca2_only_ev0.17,0.13366717147083976,0.20125155033111378
mobility_visual_pca16_alpha2.0,visual_pca2_only_ev0.17,0.13366717147083976,0.20125155033111378
mobility_visual_pca16_alpha0.5,visual_pca2_only_ev0.17,0.13366717147083976,0.20125155033111378
mobility_visual_pca16_alpha0.05,visual_pca2_only_ev0.17,0.13366717147083976,0.20125155033111378
mobility_visual_pca2_alpha0.25,visual_pca8_only_ev0.35,0.13201591348521471,0.1897996027050378
mobility_visual_pca2_alpha0.05,visual_pca8_only_ev0.35,0.13201591348521471,0.1897996027050378
mobility_visual_pca2_alpha0.03,visual_pca8_only_ev0.35,0.13201591348521471,0.1897996027050378
mobility_visual_pca2_alpha1.0,visual_pca8_only_ev0.35,0.13201591348521471,0.1897996027050378
mobility_visual_pca2_alpha2.0,visual_pca8_only_ev0.35,0.13201591348521471,0.1897996027050378
mobility_visual_pca2_alpha0.5,visual_pca8_only_ev0.35,0.13201591348521471,0.1897996027050378
mobility_visual_pca2_alpha0.1,visual_pca8_only_ev0.35,0.13201591348521471,0.1897996027050378
mobility_visual_pca2_alpha0.01,visual_pca8_only_ev0.35,0.13201591348521471,0.1897996027050378
mobility_visual_pca2,visual_pca8_only_ev0.35,0.13201591348521471,0.1897996027050378
mobility_visual_pca8_alpha0.5,visual_pca8_only_ev0.35,0.12890699901034922,0.17115840346772576
mobility_visual_pca8_alpha0.25,visual_pca8_only_ev0.35,0.12890699901034922,0.17115840346772576
mobility_visual_pca8,visual_pca8_only_ev0.35,0.12890699901034922,0.17115840346772576
mobility_visual_pca8_alpha1.0,visual_pca8_only_ev0.35,0.12890699901034922,0.17115840346772576
mobility_visual_pca8_alpha2.0,visual_pca8_only_ev0.35,0.12890699901034922,0.17115840346772576
mobility_visual_pca8_alpha0.03,visual_pca8_only_ev0.35,0.12890699901034922,0.17115840346772576
mobility_visual_pca8_alpha0.05,visual_pca8_only_ev0.35,0.12890699901034922,0.17115840346772576
mobility_visual_pca8_alpha0.1,visual_pca8_only_ev0.35,0.12890699901034922,0.17115840346772576
mobility_visual_pca8_alpha0.01,visual_pca8_only_ev0.35,0.12890699901034922,0.17115840346772576
mobility_visual_pca16_alpha1.0,visual_raw_only,0.12703877808139982,0.2007911190388101
mobility_visual_pca16_alpha0.25,visual_raw_only,0.12703877808139982,0.2007911190388101
mobility_visual_pca16_alpha0.5,visual_raw_only,0.12703877808139982,0.2007911190388101
mobility_visual_pca16_alpha2.0,visual_raw_only,0.12703877808139982,0.2007911190388101
mobility_visual_pca16_alpha0.01,visual_raw_only,0.12703877808139982,0.2007911190388101
mobility_visual_pca16_alpha0.05,visual_raw_only,0.12703877808139982,0.2007911190388101
mobility_visual_pca16,visual_raw_only,0.12703877808139982,0.2007911190388101
mobility_visual_pca16_alpha0.03,visual_raw_only,0.12703877808139982,0.2007911190388101
mobility_visual_pca16_alpha0.1,visual_raw_only,0.12703877808139982,0.2007911190388101
mobility_visual_pca128,visual_pca2_only_ev0.17,0.12169631421084556,0.18339540009437466
mobility_visual_pca128,visual_raw_only,0.1160482190500087,0.18127033762044817
mobility_visual_pca2_alpha0.05,visual_pca2_only_ev0.17,0.11233587962561084,0.1892448899129498
mobility_visual_pca2_alpha2.0,visual_pca2_only_ev0.17,0.11233587962561084,0.1892448899129498
mobility_visual_pca2_alpha0.03,visual_pca2_only_ev0.17,0.11233587962561084,0.1892448899129498
mobility_visual_pca2_alpha1.0,visual_pca2_only_ev0.17,0.11233587962561084,0.1892448899129498
mobility_visual_pca2_alpha0.5,visual_pca2_only_ev0.17,0.11233587962561084,0.1892448899129498
mobility_visual_pca2_alpha0.25,visual_pca2_only_ev0.17,0.11233587962561084,0.1892448899129498
mobility_visual_pca2_alpha0.1,visual_pca2_only_ev0.17,0.11233587962561084,0.1892448899129498
mobility_visual_pca2_alpha0.01,visual_pca2_only_ev0.17,0.11233587962561084,0.1892448899129498
mobility_visual_pca2,visual_pca2_only_ev0.17,0.11233587962561084,0.1892448899129498
mobility_visual_pca4_alpha0.25,visual_pca2_only_ev0.17,0.10538807119839734,0.17514288397709302
mobility_visual_pca4_alpha0.5,visual_pca2_only_ev0.17,0.10538807119839734,0.17514288397709302
mobility_visual_pca4_alpha2.0,visual_pca2_only_ev0.17,0.10538807119839734,0.17514288397709302
mobility_visual_pca4_alpha0.1,visual_pca2_only_ev0.17,0.10538807119839734,0.17514288397709302
mobility_visual_pca4,visual_pca2_only_ev0.17,0.10538807119839734,0.17514288397709302
mobility_visual_pca4_alpha1.0,visual_pca2_only_ev0.17,0.10538807119839734,0.17514288397709302
mobility_visual_pca4_alpha0.01,visual_pca2_only_ev0.17,0.10538807119839734,0.17514288397709302
mobility_visual_pca4_alpha0.03,visual_pca2_only_ev0.17,0.10538807119839734,0.17514288397709302
mobility_visual_pca4_alpha0.05,visual_pca2_only_ev0.17,0.10538807119839734,0.17514288397709302
mobility_visual_pca4_alpha0.01,visual_raw_only,0.10530220628515842,0.1784487284023693
mobility_visual_pca4_alpha2.0,visual_raw_only,0.10530220628515842,0.1784487284023693
mobility_visual_pca4_alpha0.05,visual_raw_only,0.10530220628515842,0.1784487284023693
mobility_visual_pca4_alpha0.1,visual_raw_only,0.10530220628515842,0.1784487284023693
mobility_visual_pca4_alpha0.5,visual_raw_only,0.10530220628515842,0.1784487284023693
mobility_visual_pca4_alpha0.25,visual_raw_only,0.10530220628515842,0.1784487284023693
mobility_visual_pca4,visual_raw_only,0.10530220628515842,0.1784487284023693
mobility_visual_pca4_alpha0.03,visual_raw_only,0.10530220628515842,0.1784487284023693
mobility_visual_pca4_alpha1.0,visual_raw_only,0.10530220628515842,0.1784487284023693
mobility_visual_pca64,visual_pca2_only_ev0.17,0.1039962142990669,0.1564825220387822
mobility_visual_pca64_alpha1.0,visual_pca2_only_ev0.17,0.1039962142990669,0.1564825220387822
mobility_visual_pca64_alpha0.03,visual_pca2_only_ev0.17,0.1039962142990669,0.1564825220387822
mobility_visual_pca64_alpha0.5,visual_pca2_only_ev0.17,0.1039962142990669,0.1564825220387822
mobility_visual_pca64_alpha0.05,visual_pca2_only_ev0.17,0.1039962142990669,0.1564825220387822
mobility_visual_pca64_alpha0.1,visual_pca2_only_ev0.17,0.1039962142990669,0.1564825220387822
mobility_visual_pca64_alpha0.25,visual_pca2_only_ev0.17,0.1039962142990669,0.1564825220387822
mobility_visual_pca64_alpha2.0,visual_pca2_only_ev0.17,0.1039962142990669,0.1564825220387822
mobility_visual_pca64_alpha0.01,visual_pca2_only_ev0.17,0.1039962142990669,0.1564825220387822
mobility_visual_pca32_alpha0.01,visual_pca2_only_ev0.17,0.10299138109464848,0.16376522067486463
mobility_visual_pca32,visual_pca2_only_ev0.17,0.10299138109464848,0.16376522067486463
mobility_visual_pca32_alpha1.0,visual_pca2_only_ev0.17,0.10299138109464848,0.16376522067486463
mobility_visual_pca32_alpha0.25,visual_pca2_only_ev0.17,0.10299138109464848,0.16376522067486463
mobility_visual_pca32_alpha0.05,visual_pca2_only_ev0.17,0.10299138109464848,0.16376522067486463
mobility_visual_pca32_alpha0.1,visual_pca2_only_ev0.17,0.10299138109464848,0.16376522067486463
mobility_visual_pca32_alpha2.0,visual_pca2_only_ev0.17,0.10299138109464848,0.16376522067486463
mobility_visual_pca32_alpha0.5,visual_pca2_only_ev0.17,0.10299138109464848,0.16376522067486463
mobility_visual_pca32_alpha0.03,visual_pca2_only_ev0.17,0.10299138109464848,0.16376522067486463
mobility_visual_pca2_alpha1.0,visual_raw_only,0.10178169100458306,0.1908365722554832
mobility_visual_pca2,visual_raw_only,0.10178169100458306,0.1908365722554832
mobility_visual_pca2_alpha0.05,visual_raw_only,0.10178169100458306,0.1908365722554832
mobility_visual_pca2_alpha0.01,visual_raw_only,0.10178169100458306,0.1908365722554832
mobility_visual_pca2_alpha0.03,visual_raw_only,0.10178169100458306,0.1908365722554832
mobility_visual_pca2_alpha0.1,visual_raw_only,0.10178169100458306,0.1908365722554832
mobility_visual_pca2_alpha2.0,visual_raw_only,0.10178169100458306,0.1908365722554832
mobility_visual_pca2_alpha0.5,visual_raw_only,0.10178169100458306,0.1908365722554832
mobility_visual_pca2_alpha0.25,visual_raw_only,0.10178169100458306,0.1908365722554832
mobility_visual_pca32_alpha0.5,visual_raw_only,0.10032137850699646,0.17454751364009943
mobility_visual_pca32_alpha0.03,visual_raw_only,0.10032137850699646,0.17454751364009943
mobility_visual_pca32_alpha0.01,visual_raw_only,0.10032137850699646,0.17454751364009943
mobility_visual_pca32_alpha0.25,visual_raw_only,0.10032137850699646,0.17454751364009943
mobility_visual_pca32,visual_raw_only,0.10032137850699646,0.17454751364009943
mobility_visual_pca32_alpha0.05,visual_raw_only,0.10032137850699646,0.17454751364009943
mobility_visual_pca32_alpha2.0,visual_raw_only,0.10032137850699646,0.17454751364009943
mobility_visual_pca32_alpha0.1,visual_raw_only,0.10032137850699646,0.17454751364009943
mobility_visual_pca32_alpha1.0,visual_raw_only,0.10032137850699646,0.17454751364009943
mobility_visual_pca32_alpha0.05,visual_pca16_only_ev0.48,0.0991324483695326,0.16144025850611282
mobility_visual_pca32_alpha1.0,visual_pca16_only_ev0.48,0.0991324483695326,0.16144025850611282
mobility_visual_pca32_alpha0.25,visual_pca16_only_ev0.48,0.0991324483695326,0.16144025850611282
mobility_visual_pca32_alpha0.1,visual_pca16_only_ev0.48,0.0991324483695326,0.16144025850611282
mobility_visual_pca32_alpha0.01,visual_pca16_only_ev0.48,0.0991324483695326,0.16144025850611282
mobility_visual_pca32,visual_pca16_only_ev0.48,0.0991324483695326,0.16144025850611282
mobility_visual_pca32_alpha2.0,visual_pca16_only_ev0.48,0.0991324483695326,0.16144025850611282
mobility_visual_pca32_alpha0.03,visual_pca16_only_ev0.48,0.0991324483695326,0.16144025850611282
mobility_visual_pca32_alpha0.5,visual_pca16_only_ev0.48,0.0991324483695326,0.16144025850611282
mobility_only,visual_pca2_only_ev0.17,0.09888778396027223,0.1715407660099931
mobility_visual_pca4_alpha0.05,visual_pca16_only_ev0.48,0.09625507454775867,0.16070594033982044
mobility_visual_pca4_alpha0.1,visual_pca16_only_ev0.48,0.09625507454775867,0.16070594033982044
mobility_visual_pca4_alpha0.03,visual_pca16_only_ev0.48,0.09625507454775867,0.16070594033982044
mobility_visual_pca4_alpha0.5,visual_pca16_only_ev0.48,0.09625507454775867,0.16070594033982044
mobility_visual_pca4_alpha0.25,visual_pca16_only_ev0.48,0.09625507454775867,0.16070594033982044
mobility_visual_pca4_alpha1.0,visual_pca16_only_ev0.48,0.09625507454775867,0.16070594033982044
mobility_visual_pca4_alpha0.01,visual_pca16_only_ev0.48,0.09625507454775867,0.16070594033982044
mobility_visual_pca4_alpha2.0,visual_pca16_only_ev0.48,0.09625507454775867,0.16070594033982044
mobility_visual_pca4,visual_pca16_only_ev0.48,0.09625507454775867,0.16070594033982044
mobility_visual_pca8_alpha0.05,visual_pca2_only_ev0.17,0.09564195444027981,0.17026996038100672
mobility_visual_pca8,visual_pca2_only_ev0.17,0.09564195444027981,0.17026996038100672
mobility_visual_pca8_alpha2.0,visual_pca2_only_ev0.17,0.09564195444027981,0.17026996038100672
mobility_visual_pca8_alpha0.1,visual_pca2_only_ev0.17,0.09564195444027981,0.17026996038100672
mobility_visual_pca8_alpha0.5,visual_pca2_only_ev0.17,0.09564195444027981,0.17026996038100672
mobility_visual_pca8_alpha1.0,visual_pca2_only_ev0.17,0.09564195444027981,0.17026996038100672
mobility_visual_pca8_alpha0.25,visual_pca2_only_ev0.17,0.09564195444027981,0.17026996038100672
mobility_visual_pca8_alpha0.03,visual_pca2_only_ev0.17,0.09564195444027981,0.17026996038100672
mobility_visual_pca8_alpha0.01,visual_pca2_only_ev0.17,0.09564195444027981,0.17026996038100672
mobility_only,visual_pca16_only_ev0.48,0.09389247730618994,0.1749846175289649
mobility_visual_pca128,visual_pca16_only_ev0.48,0.09367158276486397,0.16160879149229068
mobility_visual_pca8_alpha1.0,visual_raw_only,0.09332737842085123,0.17729009471080096
mobility_visual_pca8_alpha0.5,visual_raw_only,0.09332737842085123,0.17729009471080096
mobility_visual_pca8_alpha0.1,visual_raw_only,0.09332737842085123,0.17729009471080096
mobility_visual_pca8_alpha0.25,visual_raw_only,0.09332737842085123,0.17729009471080096
mobility_visual_pca8_alpha0.03,visual_raw_only,0.09332737842085123,0.17729009471080096
mobility_visual_pca8_alpha0.05,visual_raw_only,0.09332737842085123,0.17729009471080096
mobility_visual_pca8,visual_raw_only,0.09332737842085123,0.17729009471080096
mobility_visual_pca8_alpha0.01,visual_raw_only,0.09332737842085123,0.17729009471080096
mobility_visual_pca8_alpha2.0,visual_raw_only,0.09332737842085123,0.17729009471080096
mobility_visual_pca2_alpha0.01,visual_pca16_only_ev0.48,0.09328488243283552,0.1697224946674949
mobility_visual_pca2_alpha0.05,visual_pca16_only_ev0.48,0.09328488243283552,0.1697224946674949
mobility_visual_pca2_alpha0.1,visual_pca16_only_ev0.48,0.09328488243283552,0.1697224946674949
mobility_visual_pca2,visual_pca16_only_ev0.48,0.09328488243283552,0.1697224946674949
mobility_visual_pca2_alpha0.03,visual_pca16_only_ev0.48,0.09328488243283552,0.1697224946674949
mobility_visual_pca2_alpha0.25,visual_pca16_only_ev0.48,0.09328488243283552,0.1697224946674949
mobility_visual_pca2_alpha0.5,visual_pca16_only_ev0.48,0.09328488243283552,0.1697224946674949
mobility_visual_pca2_alpha1.0,visual_pca16_only_ev0.48,0.09328488243283552,0.1697224946674949
mobility_visual_pca2_alpha2.0,visual_pca16_only_ev0.48,0.09328488243283552,0.1697224946674949
mobility_only,visual_raw_only,0.09036735508602026,0.16796138003427116
mobility_visual_pca16_alpha0.05,visual_pca4_only_ev0.24,0.09033739322784956,0.17079243749028483
mobility_visual_pca16_alpha0.1,visual_pca4_only_ev0.24,0.09033739322784956,0.17079243749028483
mobility_visual_pca16_alpha0.01,visual_pca4_only_ev0.24,0.09033739322784956,0.17079243749028483
mobility_visual_pca16_alpha1.0,visual_pca4_only_ev0.24,0.09033739322784956,0.17079243749028483
mobility_visual_pca16_alpha0.25,visual_pca4_only_ev0.24,0.09033739322784956,0.17079243749028483
mobility_visual_pca16_alpha0.03,visual_pca4_only_ev0.24,0.09033739322784956,0.17079243749028483
mobility_visual_pca16_alpha0.5,visual_pca4_only_ev0.24,0.09033739322784956,0.17079243749028483
mobility_visual_pca16,visual_pca4_only_ev0.24,0.09033739322784956,0.17079243749028483
mobility_visual_pca16_alpha2.0,visual_pca4_only_ev0.24,0.09033739322784956,0.17079243749028483
mobility_visual_pca64_alpha1.0,visual_raw_only,0.08977403763168665,0.1490838621360824
mobility_visual_pca64_alpha0.25,visual_raw_only,0.08977403763168665,0.1490838621360824
mobility_visual_pca64_alpha0.05,visual_raw_only,0.08977403763168665,0.1490838621360824
mobility_visual_pca64_alpha2.0,visual_raw_only,0.08977403763168665,0.1490838621360824
mobility_visual_pca64_alpha0.5,visual_raw_only,0.08977403763168665,0.1490838621360824
mobility_visual_pca64,visual_raw_only,0.08977403763168665,0.1490838621360824
mobility_visual_pca64_alpha0.1,visual_raw_only,0.08977403763168665,0.1490838621360824
mobility_visual_pca64_alpha0.03,visual_raw_only,0.08977403763168665,0.1490838621360824
mobility_visual_pca64_alpha0.01,visual_raw_only,0.08977403763168665,0.1490838621360824
mobility_visual_pca16_alpha1.0,visual_pca16_only_ev0.48,0.08952251633237265,0.16600698429304628
mobility_visual_pca16_alpha0.01,visual_pca16_only_ev0.48,0.08952251633237265,0.16600698429304628
mobility_visual_pca16_alpha0.5,visual_pca16_only_ev0.48,0.08952251633237265,0.16600698429304628
mobility_visual_pca16_alpha2.0,visual_pca16_only_ev0.48,0.08952251633237265,0.16600698429304628
mobility_visual_pca16_alpha0.03,visual_pca16_only_ev0.48,0.08952251633237265,0.16600698429304628
mobility_visual_pca16_alpha0.25,visual_pca16_only_ev0.48,0.08952251633237265,0.16600698429304628
mobility_visual_pca16_alpha0.1,visual_pca16_only_ev0.48,0.08952251633237265,0.16600698429304628
mobility_visual_pca16_alpha0.05,visual_pca16_only_ev0.48,0.08952251633237265,0.16600698429304628
mobility_visual_pca16,visual_pca16_only_ev0.48,0.08952251633237265,0.16600698429304628
mobility_visual_pca8_alpha0.01,visual_pca16_only_ev0.48,0.08927906861754649,0.17038446192438206
mobility_visual_pca8_alpha0.1,visual_pca16_only_ev0.48,0.08927906861754649,0.17038446192438206
mobility_visual_pca8,visual_pca16_only_ev0.48,0.08927906861754649,0.17038446192438206
mobility_visual_pca8_alpha2.0,visual_pca16_only_ev0.48,0.08927906861754649,0.17038446192438206
mobility_visual_pca8_alpha1.0,visual_pca16_only_ev0.48,0.08927906861754649,0.17038446192438206
mobility_visual_pca8_alpha0.5,visual_pca16_only_ev0.48,0.08927906861754649,0.17038446192438206
mobility_visual_pca8_alpha0.05,visual_pca16_only_ev0.48,0.08927906861754649,0.17038446192438206
mobility_visual_pca8_alpha0.25,visual_pca16_only_ev0.48,0.08927906861754649,0.17038446192438206
mobility_visual_pca8_alpha0.03,visual_pca16_only_ev0.48,0.08927906861754649,0.17038446192438206
mobility_visual_pca64_alpha0.03,visual_pca16_only_ev0.48,0.0889411537131438,0.13996885030737344
mobility_visual_pca64_alpha0.01,visual_pca16_only_ev0.48,0.0889411537131438,0.13996885030737344
mobility_visual_pca64,visual_pca16_only_ev0.48,0.0889411537131438,0.13996885030737344
mobility_visual_pca64_alpha0.05,visual_pca16_only_ev0.48,0.0889411537131438,0.13996885030737344
mobility_visual_pca64_alpha1.0,visual_pca16_only_ev0.48,0.0889411537131438,0.13996885030737344
mobility_visual_pca64_alpha0.1,visual_pca16_only_ev0.48,0.0889411537131438,0.13996885030737344
mobility_visual_pca64_alpha0.25,visual_pca16_only_ev0.48,0.0889411537131438,0.13996885030737344
mobility_visual_pca64_alpha2.0,visual_pca16_only_ev0.48,0.0889411537131438,0.13996885030737344
mobility_visual_pca64_alpha0.5,visual_pca16_only_ev0.48,0.0889411537131438,0.13996885030737344
mobility_visual_pca128,visual_pca4_only_ev0.24,0.08246369467582547,0.14743506397917314
mobility_visual_pca2_alpha1.0,visual_pca32_only_ev0.63,0.06994436042620741,0.1562016163310829
mobility_visual_pca2_alpha0.5,visual_pca32_only_ev0.63,0.06994436042620741,0.1562016163310829
mobility_visual_pca2_alpha2.0,visual_pca32_only_ev0.63,0.06994436042620741,0.1562016163310829
mobility_visual_pca2_alpha0.25,visual_pca32_only_ev0.63,0.06994436042620741,0.1562016163310829
mobility_visual_pca2_alpha0.1,visual_pca32_only_ev0.63,0.06994436042620741,0.1562016163310829
mobility_visual_pca2_alpha0.05,visual_pca32_only_ev0.63,0.06994436042620741,0.1562016163310829
mobility_visual_pca2,visual_pca32_only_ev0.63,0.06994436042620741,0.1562016163310829
mobility_visual_pca2_alpha0.03,visual_pca32_only_ev0.63,0.06994436042620741,0.1562016163310829
mobility_visual_pca2_alpha0.01,visual_pca32_only_ev0.63,0.06994436042620741,0.1562016163310829
mobility_visual_pca2_alpha2.0,visual_pca4_only_ev0.24,0.06962965036998298,0.178301945532929
mobility_visual_pca2_alpha0.5,visual_pca4_only_ev0.24,0.06962965036998298,0.178301945532929
mobility_visual_pca2,visual_pca4_only_ev0.24,0.06962965036998298,0.178301945532929
mobility_visual_pca2_alpha0.25,visual_pca4_only_ev0.24,0.06962965036998298,0.178301945532929
mobility_visual_pca2_alpha0.03,visual_pca4_only_ev0.24,0.06962965036998298,0.178301945532929
mobility_visual_pca2_alpha0.01,visual_pca4_only_ev0.24,0.06962965036998298,0.178301945532929
mobility_visual_pca2_alpha0.1,visual_pca4_only_ev0.24,0.06962965036998298,0.178301945532929
mobility_visual_pca2_alpha0.05,visual_pca4_only_ev0.24,0.06962965036998298,0.178301945532929
mobility_visual_pca2_alpha1.0,visual_pca4_only_ev0.24,0.06962965036998298,0.178301945532929
mobility_visual_pca32_alpha2.0,visual_pca4_only_ev0.24,0.06932461821889546,0.1471094447005526
mobility_visual_pca32_alpha0.1,visual_pca4_only_ev0.24,0.06932461821889546,0.1471094447005526
mobility_visual_pca32_alpha0.5,visual_pca4_only_ev0.24,0.06932461821889546,0.1471094447005526
mobility_visual_pca32_alpha0.01,visual_pca4_only_ev0.24,0.06932461821889546,0.1471094447005526
mobility_visual_pca32_alpha0.25,visual_pca4_only_ev0.24,0.06932461821889546,0.1471094447005526
mobility_visual_pca32_alpha1.0,visual_pca4_only_ev0.24,0.06932461821889546,0.1471094447005526
mobility_visual_pca32_alpha0.05,visual_pca4_only_ev0.24,0.06932461821889546,0.1471094447005526
mobility_visual_pca32,visual_pca4_only_ev0.24,0.06932461821889546,0.1471094447005526
mobility_visual_pca32_alpha0.03,visual_pca4_only_ev0.24,0.06932461821889546,0.1471094447005526
mobility_visual_pca64_alpha1.0,visual_pca4_only_ev0.24,0.06926690139845065,0.14003474987052802
mobility_visual_pca64_alpha0.01,visual_pca4_only_ev0.24,0.06926690139845065,0.14003474987052802
mobility_visual_pca64_alpha0.05,visual_pca4_only_ev0.24,0.06926690139845065,0.14003474987052802
mobility_visual_pca64_alpha0.03,visual_pca4_only_ev0.24,0.06926690139845065,0.14003474987052802
mobility_visual_pca64,visual_pca4_only_ev0.24,0.06926690139845065,0.14003474987052802
mobility_visual_pca64_alpha2.0,visual_pca4_only_ev0.24,0.06926690139845065,0.14003474987052802
mobility_visual_pca64_alpha0.5,visual_pca4_only_ev0.24,0.06926690139845065,0.14003474987052802
mobility_visual_pca64_alpha0.1,visual_pca4_only_ev0.24,0.06926690139845065,0.14003474987052802
mobility_visual_pca64_alpha0.25,visual_pca4_only_ev0.24,0.06926690139845065,0.14003474987052802
mobility_visual_pca4_alpha0.1,visual_pca4_only_ev0.24,0.06696876662906043,0.15313065879681842
mobility_visual_pca4,visual_pca4_only_ev0.24,0.06696876662906043,0.15313065879681842
mobility_visual_pca4_alpha0.01,visual_pca4_only_ev0.24,0.06696876662906043,0.15313065879681842
mobility_visual_pca4_alpha0.03,visual_pca4_only_ev0.24,0.06696876662906043,0.15313065879681842
mobility_visual_pca4_alpha1.0,visual_pca4_only_ev0.24,0.06696876662906043,0.15313065879681842
mobility_visual_pca4_alpha0.05,visual_pca4_only_ev0.24,0.06696876662906043,0.15313065879681842
mobility_visual_pca4_alpha2.0,visual_pca4_only_ev0.24,0.06696876662906043,0.15313065879681842
mobility_visual_pca4_alpha0.25,visual_pca4_only_ev0.24,0.06696876662906043,0.15313065879681842
mobility_visual_pca4_alpha0.5,visual_pca4_only_ev0.24,0.06696876662906043,0.15313065879681842
mobility_visual_pca16_alpha0.03,visual_pca32_only_ev0.63,0.0669556201622122,0.14919863999336067
mobility_visual_pca16_alpha0.01,visual_pca32_only_ev0.63,0.0669556201622122,0.14919863999336067
mobility_visual_pca16_alpha0.05,visual_pca32_only_ev0.63,0.0669556201622122,0.14919863999336067
mobility_visual_pca16_alpha0.1,visual_pca32_only_ev0.63,0.0669556201622122,0.14919863999336067
mobility_visual_pca16,visual_pca32_only_ev0.63,0.0669556201622122,0.14919863999336067
mobility_visual_pca16_alpha0.25,visual_pca32_only_ev0.63,0.0669556201622122,0.14919863999336067
mobility_visual_pca16_alpha2.0,visual_pca32_only_ev0.63,0.0669556201622122,0.14919863999336067
mobility_visual_pca16_alpha1.0,visual_pca32_only_ev0.63,0.0669556201622122,0.14919863999336067
mobility_visual_pca16_alpha0.5,visual_pca32_only_ev0.63,0.0669556201622122,0.14919863999336067
mobility_visual_pca32_alpha0.25,visual_pca32_only_ev0.63,0.0627899160300013,0.14569613458298708
mobility_visual_pca32_alpha0.1,visual_pca32_only_ev0.63,0.0627899160300013,0.14569613458298708
mobility_visual_pca32_alpha0.01,visual_pca32_only_ev0.63,0.0627899160300013,0.14569613458298708
mobility_visual_pca32_alpha2.0,visual_pca32_only_ev0.63,0.0627899160300013,0.14569613458298708
mobility_visual_pca32_alpha0.05,visual_pca32_only_ev0.63,0.0627899160300013,0.14569613458298708
mobility_visual_pca32,visual_pca32_only_ev0.63,0.0627899160300013,0.14569613458298708
mobility_visual_pca32_alpha0.03,visual_pca32_only_ev0.63,0.0627899160300013,0.14569613458298708
mobility_visual_pca32_alpha1.0,visual_pca32_only_ev0.63,0.0627899160300013,0.14569613458298708
mobility_visual_pca32_alpha0.5,visual_pca32_only_ev0.63,0.0627899160300013,0.14569613458298708
mobility_visual_pca4_alpha0.5,visual_pca32_only_ev0.63,0.06182767265938227,0.13507883892145156
mobility_visual_pca4_alpha0.1,visual_pca32_only_ev0.63,0.06182767265938227,0.13507883892145156
mobility_visual_pca4,visual_pca32_only_ev0.63,0.06182767265938227,0.13507883892145156
mobility_visual_pca4_alpha0.25,visual_pca32_only_ev0.63,0.06182767265938227,0.13507883892145156
mobility_visual_pca4_alpha1.0,visual_pca32_only_ev0.63,0.06182767265938227,0.13507883892145156
mobility_visual_pca4_alpha2.0,visual_pca32_only_ev0.63,0.06182767265938227,0.13507883892145156
mobility_visual_pca4_alpha0.03,visual_pca32_only_ev0.63,0.06182767265938227,0.13507883892145156
mobility_visual_pca4_alpha0.05,visual_pca32_only_ev0.63,0.06182767265938227,0.13507883892145156
mobility_visual_pca4_alpha0.01,visual_pca32_only_ev0.63,0.06182767265938227,0.13507883892145156
mobility_visual_pca64_alpha0.05,visual_pca32_only_ev0.63,0.06030189616843137,0.12863220812307377
mobility_visual_pca64_alpha1.0,visual_pca32_only_ev0.63,0.06030189616843137,0.12863220812307377
mobility_visual_pca64,visual_pca32_only_ev0.63,0.06030189616843137,0.12863220812307377
mobility_visual_pca64_alpha2.0,visual_pca32_only_ev0.63,0.06030189616843137,0.12863220812307377
mobility_visual_pca64_alpha0.5,visual_pca32_only_ev0.63,0.06030189616843137,0.12863220812307377
mobility_visual_pca64_alpha0.01,visual_pca32_only_ev0.63,0.06030189616843137,0.12863220812307377
mobility_visual_pca64_alpha0.1,visual_pca32_only_ev0.63,0.06030189616843137,0.12863220812307377
mobility_visual_pca64_alpha0.25,visual_pca32_only_ev0.63,0.06030189616843137,0.12863220812307377
mobility_visual_pca64_alpha0.03,visual_pca32_only_ev0.63,0.06030189616843137,0.12863220812307377
mobility_visual_pca8_alpha0.05,visual_pca4_only_ev0.24,0.05501793060826096,0.15027849512134137
mobility_visual_pca8_alpha0.03,visual_pca4_only_ev0.24,0.05501793060826096,0.15027849512134137
mobility_visual_pca8_alpha0.25,visual_pca4_only_ev0.24,0.05501793060826096,0.15027849512134137
mobility_visual_pca8_alpha1.0,visual_pca4_only_ev0.24,0.05501793060826096,0.15027849512134137
mobility_visual_pca8_alpha0.01,visual_pca4_only_ev0.24,0.05501793060826096,0.15027849512134137
mobility_visual_pca8_alpha0.1,visual_pca4_only_ev0.24,0.05501793060826096,0.15027849512134137
mobility_visual_pca8,visual_pca4_only_ev0.24,0.05501793060826096,0.15027849512134137
mobility_visual_pca8_alpha2.0,visual_pca4_only_ev0.24,0.05501793060826096,0.15027849512134137
mobility_visual_pca8_alpha0.5,visual_pca4_only_ev0.24,0.05501793060826096,0.15027849512134137
mobility_only,visual_pca4_only_ev0.24,0.053749812069698234,0.1404072120570366
mobility_visual_pca8_alpha2.0,visual_pca32_only_ev0.63,0.05247079044110564,0.13271886193875368
mobility_visual_pca8,visual_pca32_only_ev0.63,0.05247079044110564,0.13271886193875368
mobility_visual_pca8_alpha0.01,visual_pca32_only_ev0.63,0.05247079044110564,0.13271886193875368
mobility_visual_pca8_alpha0.03,visual_pca32_only_ev0.63,0.05247079044110564,0.13271886193875368
mobility_visual_pca8_alpha0.5,visual_pca32_only_ev0.63,0.05247079044110564,0.13271886193875368
mobility_visual_pca8_alpha1.0,visual_pca32_only_ev0.63,0.05247079044110564,0.13271886193875368
mobility_visual_pca8_alpha0.1,visual_pca32_only_ev0.63,0.05247079044110564,0.13271886193875368
mobility_visual_pca8_alpha0.05,visual_pca32_only_ev0.63,0.05247079044110564,0.13271886193875368
mobility_visual_pca8_alpha0.25,visual_pca32_only_ev0.63,0.05247079044110564,0.13271886193875368
mobility_only,visual_pca32_only_ev0.63,0.05090538939742859,0.13198335571294595
mobility_visual_pca128,visual_pca32_only_ev0.63,0.05080690027534328,0.12978582708979727
visual_pca128_only_ev0.91,visual_pca32_only_ev0.63,0.029581304807663467,0.059377199760482995
visual_pca128_only_ev0.91,visual_pca4_only_ev0.24,0.02393831021931685,0.05986052739126895
visual_pca128_only_ev0.91,visual_pca16_only_ev0.48,0.023587742877863516,0.05141689164971185
visual_pca128_only_ev0.91,visual_raw_only,0.020365676255165874,0.04840427547863031
mobility_visual_pca2_alpha0.03,visual_pca128_only_ev0.91,0.017384915694045086,0.024565054308640127
mobility_visual_pca2_alpha0.25,visual_pca128_only_ev0.91,0.017384915694045086,0.024565054308640127
mobility_visual_pca2_alpha1.0,visual_pca128_only_ev0.91,0.017384915694045086,0.024565054308640127
mobility_visual_pca2_alpha2.0,visual_pca128_only_ev0.91,0.017384915694045086,0.024565054308640127
mobility_visual_pca2_alpha0.5,visual_pca128_only_ev0.91,0.017384915694045086,0.024565054308640127
mobility_visual_pca2_alpha0.01,visual_pca128_only_ev0.91,0.017384915694045086,0.024565054308640127
mobility_visual_pca2_alpha0.1,visual_pca128_only_ev0.91,0.017384915694045086,0.024565054308640127
mobility_visual_pca2_alpha0.05,visual_pca128_only_ev0.91,0.017384915694045086,0.024565054308640127
mobility_visual_pca2,visual_pca128_only_ev0.91,0.017384915694045086,0.024565054308640127
visual_pca128_only_ev0.91,visual_pca2_only_ev0.17,0.012438367613200317,0.044652023874470384
visual_pca64_only_ev0.78,visual_raw_only,0.011956771938685986,0.05298160118877327
mobility_visual_pca32_alpha0.5,visual_pca128_only_ev0.91,0.007942498607250568,0.02642235942376911
mobility_visual_pca32_alpha0.01,visual_pca128_only_ev0.91,0.007942498607250568,0.02642235942376911
mobility_visual_pca32_alpha0.03,visual_pca128_only_ev0.91,0.007942498607250568,0.02642235942376911
mobility_visual_pca32_alpha1.0,visual_pca128_only_ev0.91,0.007942498607250568,0.02642235942376911
mobility_visual_pca32_alpha0.1,visual_pca128_only_ev0.91,0.007942498607250568,0.02642235942376911
mobility_visual_pca32_alpha0.25,visual_pca128_only_ev0.91,0.007942498607250568,0.02642235942376911
mobility_visual_pca32_alpha2.0,visual_pca128_only_ev0.91,0.007942498607250568,0.02642235942376911
mobility_visual_pca32_alpha0.05,visual_pca128_only_ev0.91,0.007942498607250568,0.02642235942376911
mobility_visual_pca32,visual_pca128_only_ev0.91,0.007942498607250568,0.02642235942376911
visual_pca128_only_ev0.91,visual_pca8_only_ev0.35,0.0066643568566188685,0.04827142443327112
mobility_visual_pca4_alpha0.1,visual_pca128_only_ev0.91,0.005479233514103882,0.0231140359117425
mobility_visual_pca4,visual_pca128_only_ev0.91,0.005479233514103882,0.0231140359117425
mobility_visual_pca4_alpha0.25,visual_pca128_only_ev0.91,0.005479233514103882,0.0231140359117425
mobility_visual_pca4_alpha0.5,visual_pca128_only_ev0.91,0.005479233514103882,0.0231140359117425
mobility_visual_pca4_alpha0.05,visual_pca128_only_ev0.91,0.005479233514103882,0.0231140359117425
mobility_visual_pca4_alpha0.03,visual_pca128_only_ev0.91,0.005479233514103882,0.0231140359117425
mobility_visual_pca4_alpha0.01,visual_pca128_only_ev0.91,0.005479233514103882,0.0231140359117425
mobility_visual_pca4_alpha1.0,visual_pca128_only_ev0.91,0.005479233514103882,0.0231140359117425
mobility_visual_pca4_alpha2.0,visual_pca128_only_ev0.91,0.005479233514103882,0.0231140359117425
visual_pca64_only_ev0.78,visual_pca8_only_ev0.35,0.004288321668530751,0.03212386371527777
mobility_visual_pca16_alpha2.0,visual_pca128_only_ev0.91,0.0028763465678422247,0.02948704741837724
mobility_visual_pca16_alpha1.0,visual_pca128_only_ev0.91,0.0028763465678422247,0.02948704741837724
mobility_visual_pca16_alpha0.03,visual_pca128_only_ev0.91,0.0028763465678422247,0.02948704741837724
mobility_visual_pca16_alpha0.01,visual_pca128_only_ev0.91,0.0028763465678422247,0.02948704741837724
mobility_visual_pca16_alpha0.25,visual_pca128_only_ev0.91,0.0028763465678422247,0.02948704741837724
mobility_visual_pca16_alpha0.1,visual_pca128_only_ev0.91,0.0028763465678422247,0.02948704741837724
mobility_visual_pca16,visual_pca128_only_ev0.91,0.0028763465678422247,0.02948704741837724
mobility_visual_pca16_alpha0.05,visual_pca128_only_ev0.91,0.0028763465678422247,0.02948704741837724
mobility_visual_pca16_alpha0.5,visual_pca128_only_ev0.91,0.0028763465678422247,0.02948704741837724
visual_pca2_only_ev0.17,visual_pca64_only_ev0.78,0.0023157323712628647,0.04276428813230813
mobility_visual_pca128,visual_pca128_only_ev0.91,0.00029508931436847234,0.02409369995066955
mobility_visual_pca64_alpha0.25,visual_pca128_only_ev0.91,-0.0005376222802519954,0.02258931597424772
mobility_visual_pca64_alpha0.03,visual_pca128_only_ev0.91,-0.0005376222802519954,0.02258931597424772
mobility_visual_pca64_alpha0.01,visual_pca128_only_ev0.91,-0.0005376222802519954,0.02258931597424772
mobility_visual_pca64_alpha1.0,visual_pca128_only_ev0.91,-0.0005376222802519954,0.02258931597424772
mobility_visual_pca64_alpha2.0,visual_pca128_only_ev0.91,-0.0005376222802519954,0.02258931597424772
mobility_visual_pca64_alpha0.5,visual_pca128_only_ev0.91,-0.0005376222802519954,0.02258931597424772
mobility_visual_pca64_alpha0.05,visual_pca128_only_ev0.91,-0.0005376222802519954,0.02258931597424772
mobility_visual_pca64,visual_pca128_only_ev0.91,-0.0005376222802519954,0.02258931597424772
mobility_visual_pca64_alpha0.1,visual_pca128_only_ev0.91,-0.0005376222802519954,0.02258931597424772
visual_pca4_only_ev0.24,visual_pca64_only_ev0.78,-0.0008914320046503244,0.031137147857296352
mobility_visual_pca8_alpha0.1,visual_pca128_only_ev0.91,-0.004889716740094182,0.029134619487230798
mobility_visual_pca8_alpha0.05,visual_pca128_only_ev0.91,-0.004889716740094182,0.029134619487230798
mobility_visual_pca8_alpha0.01,visual_pca128_only_ev0.91,-0.004889716740094182,0.029134619487230798
mobility_visual_pca8_alpha2.0,visual_pca128_only_ev0.91,-0.004889716740094182,0.029134619487230798
mobility_visual_pca8,visual_pca128_only_ev0.91,-0.004889716740094182,0.029134619487230798
mobility_visual_pca8_alpha0.03,visual_pca128_only_ev0.91,-0.004889716740094182,0.029134619487230798
mobility_visual_pca8_alpha0.25,visual_pca128_only_ev0.91,-0.004889716740094182,0.029134619487230798
mobility_visual_pca8_alpha0.5,visual_pca128_only_ev0.91,-0.004889716740094182,0.029134619487230798
mobility_visual_pca8_alpha1.0,visual_pca128_only_ev0.91,-0.004889716740094182,0.029134619487230798
visual_pca32_only_ev0.63,visual_pca64_only_ev0.78,-0.006682963589059352,0.0393381281870631
mobility_visual_pca16_alpha0.5,visual_pca64_only_ev0.78,-0.00744010969649217,0.040605307544702304
mobility_visual_pca16,visual_pca64_only_ev0.78,-0.00744010969649217,0.040605307544702304
mobility_visual_pca16_alpha1.0,visual_pca64_only_ev0.78,-0.00744010969649217,0.040605307544702304
mobility_visual_pca16_alpha0.1,visual_pca64_only_ev0.78,-0.00744010969649217,0.040605307544702304
mobility_visual_pca16_alpha0.25,visual_pca64_only_ev0.78,-0.00744010969649217,0.040605307544702304
mobility_visual_pca16_alpha0.05,visual_pca64_only_ev0.78,-0.00744010969649217,0.040605307544702304
mobility_visual_pca16_alpha2.0,visual_pca64_only_ev0.78,-0.00744010969649217,0.040605307544702304
mobility_visual_pca16_alpha0.03,visual_pca64_only_ev0.78,-0.00744010969649217,0.040605307544702304
mobility_visual_pca16_alpha0.01,visual_pca64_only_ev0.78,-0.00744010969649217,0.040605307544702304
mobility_only,visual_pca128_only_ev0.91,-0.008124075512039121,0.028940986153845633
visual_pca16_only_ev0.48,visual_pca64_only_ev0.78,-0.00838638637780193,0.027753973047423552
mobility_visual_pca128,visual_pca64_only_ev0.78,-0.009594296687159274,0.04693970235735653
mobility_visual_pca32_alpha0.05,visual_pca64_only_ev0.78,-0.011051273803211881,0.0408963270593349
mobility_visual_pca32_alpha1.0,visual_pca64_only_ev0.78,-0.011051273803211881,0.0408963270593349
mobility_visual_pca32_alpha0.1,visual_pca64_only_ev0.78,-0.011051273803211881,0.0408963270593349
mobility_visual_pca32_alpha0.03,visual_pca64_only_ev0.78,-0.011051273803211881,0.0408963270593349
mobility_visual_pca32_alpha0.25,visual_pca64_only_ev0.78,-0.011051273803211881,0.0408963270593349
mobility_visual_pca32_alpha0.01,visual_pca64_only_ev0.78,-0.011051273803211881,0.0408963270593349
mobility_visual_pca32_alpha0.5,visual_pca64_only_ev0.78,-0.011051273803211881,0.0408963270593349
mobility_visual_pca32_alpha2.0,visual_pca64_only_ev0.78,-0.011051273803211881,0.0408963270593349
mobility_visual_pca32,visual_pca64_only_ev0.78,-0.011051273803211881,0.0408963270593349
mobility_visual_pca64_alpha0.5,visual_pca64_only_ev0.78,-0.011640582489666233,0.041245519938776495
mobility_visual_pca64_alpha1.0,visual_pca64_only_ev0.78,-0.011640582489666233,0.041245519938776495
mobility_visual_pca64_alpha0.03,visual_pca64_only_ev0.78,-0.011640582489666233,0.041245519938776495
mobility_visual_pca64_alpha0.01,visual_pca64_only_ev0.78,-0.011640582489666233,0.041245519938776495
mobility_visual_pca64,visual_pca64_only_ev0.78,-0.011640582489666233,0.041245519938776495
mobility_visual_pca64_alpha2.0,visual_pca64_only_ev0.78,-0.011640582489666233,0.041245519938776495
mobility_visual_pca64_alpha0.25,visual_pca64_only_ev0.78,-0.011640582489666233,0.041245519938776495
mobility_visual_pca64_alpha0.1,visual_pca64_only_ev0.78,-0.011640582489666233,0.041245519938776495
mobility_visual_pca64_alpha0.05,visual_pca64_only_ev0.78,-0.011640582489666233,0.041245519938776495
mobility_visual_pca2_alpha0.03,visual_pca64_only_ev0.78,-0.012089894792213349,0.03281799842618363
mobility_visual_pca2_alpha0.05,visual_pca64_only_ev0.78,-0.012089894792213349,0.03281799842618363
mobility_visual_pca2,visual_pca64_only_ev0.78,-0.012089894792213349,0.03281799842618363
mobility_visual_pca2_alpha0.1,visual_pca64_only_ev0.78,-0.012089894792213349,0.03281799842618363
mobility_visual_pca2_alpha0.01,visual_pca64_only_ev0.78,-0.012089894792213349,0.03281799842618363
mobility_visual_pca2_alpha0.5,visual_pca64_only_ev0.78,-0.012089894792213349,0.03281799842618363
mobility_visual_pca2_alpha1.0,visual_pca64_only_ev0.78,-0.012089894792213349,0.03281799842618363
mobility_visual_pca2_alpha2.0,visual_pca64_only_ev0.78,-0.012089894792213349,0.03281799842618363
mobility_visual_pca2_alpha0.25,visual_pca64_only_ev0.78,-0.012089894792213349,0.03281799842618363
mobility_visual_pca4_alpha1.0,visual_pca64_only_ev0.78,-0.016711237314310904,0.04226658881441847
mobility_visual_pca4_alpha0.01,visual_pca64_only_ev0.78,-0.016711237314310904,0.04226658881441847
mobility_visual_pca4_alpha0.03,visual_pca64_only_ev0.78,-0.016711237314310904,0.04226658881441847
mobility_visual_pca4_alpha2.0,visual_pca64_only_ev0.78,-0.016711237314310904,0.04226658881441847
mobility_visual_pca4_alpha0.25,visual_pca64_only_ev0.78,-0.016711237314310904,0.04226658881441847
mobility_visual_pca4_alpha0.5,visual_pca64_only_ev0.78,-0.016711237314310904,0.04226658881441847
mobility_visual_pca4_alpha0.1,visual_pca64_only_ev0.78,-0.016711237314310904,0.04226658881441847
mobility_visual_pca4,visual_pca64_only_ev0.78,-0.016711237314310904,0.04226658881441847
mobility_visual_pca4_alpha0.05,visual_pca64_only_ev0.78,-0.016711237314310904,0.04226658881441847
mobility_visual_pca8_alpha0.1,visual_pca64_only_ev0.78,-0.017724022588848018,0.03366784346712969
mobility_visual_pca8_alpha0.05,visual_pca64_only_ev0.78,-0.017724022588848018,0.03366784346712969
mobility_visual_pca8_alpha0.01,visual_pca64_only_ev0.78,-0.017724022588848018,0.03366784346712969
mobility_visual_pca8_alpha2.0,visual_pca64_only_ev0.78,-0.017724022588848018,0.03366784346712969
mobility_visual_pca8_alpha1.0,visual_pca64_only_ev0.78,-0.017724022588848018,0.03366784346712969
mobility_visual_pca8,visual_pca64_only_ev0.78,-0.017724022588848018,0.03366784346712969
mobility_visual_pca8_alpha0.25,visual_pca64_only_ev0.78,-0.017724022588848018,0.03366784346712969
mobility_visual_pca8_alpha0.03,visual_pca64_only_ev0.78,-0.017724022588848018,0.03366784346712969
mobility_visual_pca8_alpha0.5,visual_pca64_only_ev0.78,-0.017724022588848018,0.03366784346712969
mobility_only,visual_pca64_only_ev0.78,-0.019020650989844103,0.03196579097397957
visual_pca128_only_ev0.91,visual_pca64_only_ev0.78,-0.02475034825239223,0.041296359733069436
