priority_rank,station_id,nearest_station,nearest_line,quad_mobility_subway_label,quad_hidden_visual_label,quad_temporal_visual_label,quad_signature,reconstruction_label,reconstructed_latent_demand_score,axis_observed_subway_score,hidden_demand_reconstruction_score,hidden_demand_reconstruction_score_norm,axis_mobility_demand_score,axis_hidden_gap_score,axis_temporal_dynamics_score,axis_visual_morphology_score,surrounding_total_flow,subway_total_activity,mobility_minus_subway_gap,outer_1km_plus_share
1,2561,마천,5호선,Hidden Transit Demand,Behavioral Hidden Demand,Dynamic Behavioral Area,M+S-H+V-T+,High Priority Hidden Demand,0.8426364809819661,0.0734621158956868,0.7691743650862792,1.0,1.0,1.0,0.6678655640485258,0.0906336817226091,253468351.25,59766922,0.6130045307725955,0.4984772738170403
2,2824,단대오거리,8호선,Hidden Transit Demand,Behavioral Hidden Demand,Dynamic Behavioral Area,M+S-H+V-T+,High Priority Hidden Demand,0.7725166367397993,0.1139176983972931,0.6585989383425062,0.9212346761137288,0.796494601645585,0.9602055102487024,0.7660305664580683,0.208365751454968,269839175.43,92678671,0.6170014051339521,0.4435378622814079
3,249,신정네거리,2호선,Hidden Transit Demand,Behavioral Hidden Demand,Dynamic Behavioral Area,M+S-H+V-T+,High Priority Hidden Demand,0.6996091912656263,0.1049949323378971,0.5946142589277291,0.8756569727643005,0.6826106985422558,0.8555770440508486,0.6555475949002469,0.4743059692884956,239125569.46,85419751,0.5425260948670856,0.3603671281770421
4,2519,까치산,5호선,Observed Core Demand,Behavioral Hidden Demand,Dynamic Behavioral Area,M+S+H+V-T+,Potential Hidden Demand,0.8865552268105608,0.3218748880992721,0.5646803387112886,0.8543343788529321,0.956395573320638,0.7948130384743927,1.0,0.5747395919767537,368935521.44,261857667,0.6781251119007279,0.1831055203801684
5,2757,부천시청,7호선,Hidden Transit Demand,Morphology-Supported Hidden Demand,Dynamic Dense Urban Area,M+S-H+V+T+,High Priority Hidden Demand,0.6291400727076324,0.0692149270924231,0.5599251456152092,0.8509471495617229,0.5224895335679764,0.8582106103542266,0.5256877342459401,0.7432958316429825,189524526.42,56311715,0.443622091424271,0.4351262478675028
6,2823,남한산성입구(성남법원.검찰청),8호선,Observed Core Demand,Behavioral Hidden Demand,Dynamic Behavioral Area,M+S+H+V-T+,Potential Hidden Demand,0.689828118535931,0.1342525375927535,0.5555755809431775,0.8478488583749231,0.8159171226252417,0.832876990670097,0.5644292487178295,0.0156031594348206,214095899.07,109221632,0.4453042667318112,0.4007729411572984
7,2560,거여,5호선,Hidden Transit Demand,Behavioral Hidden Demand,Dynamic Behavioral Area,M+S-H+V-T+,High Priority Hidden Demand,0.6440945460080575,0.1011902519686731,0.5429042940393844,0.8388228202539413,0.5553094214701543,0.926384215990945,0.5665761798910853,0.4929401637053475,209602046.57,82324537,0.4661641865978613,0.5080543103592082
8,4709,북한산보국문,우이신설선,Hidden Transit Demand,Behavioral Hidden Demand,Dynamic Behavioral Area,M+S-H+V-T+,High Priority Hidden Demand,0.5358143097871514,0.036830423919633,0.4989838858675184,0.8075373414025647,0.6163835073934979,0.6600305849767922,0.4504858843229046,0.0333690835129828,173775205.82999998,29966015,0.4332417352075597,0.1833600673226721
9,4107,가양,9호선,Observed Core Demand,Behavioral Hidden Demand,Dynamic Behavioral Area,M+S+H+V-T+,Potential Hidden Demand,0.595174909325501,0.1213440070458939,0.4738309022796071,0.7896203144703628,0.5781996219534808,0.6620157293775285,0.5717801260123194,0.5512512189958847,212046872.73,98720181,0.4526489811880185,0.1719634998646272
10,248,양천구청,2호선,Hidden Transit Demand,Behavioral Hidden Demand,Dynamic Behavioral Area,M+S-H+V-T+,High Priority Hidden Demand,0.5389390459917759,0.0736025351565128,0.46533651083526306,0.7835695714342912,0.5051411534464841,0.6134716142303698,0.5147056384368025,0.5531649569590498,187174444.5,59881157,0.4328531971143211,0.122733712453999
11,314,홍제,3호선,Observed Core Demand,Behavioral Hidden Demand,Dynamic Behavioral Area,M+S+H+V-T+,Potential Hidden Demand,0.6555606851892637,0.1995188421278143,0.4560418430614494,0.776948773855855,0.7310533883548023,0.7957632028833866,0.6382292985437796,0.0,238227911.64,162317598,0.4455647332370832,0.3520344215027683
12,2716,중계,7호선,Observed Core Demand,Behavioral Hidden Demand,Dynamic Behavioral Area,M+S+H+V-T+,Potential Hidden Demand,0.609655980152161,0.1608289997178794,0.44882698043428165,0.7718094675166568,0.6088980757302447,0.6804715992459499,0.6461775747987072,0.3629843130232206,243142201.45,130842328,0.4975985742990838,0.1636961299298954
13,2826,수진,8호선,Hidden Transit Demand,Behavioral Hidden Demand,Dynamic Behavioral Area,M+S-H+V-T+,High Priority Hidden Demand,0.496417907793698,0.0498224193260308,0.44659548846766717,0.7702199263982012,0.4553687912667343,0.6603301929780618,0.4481755671451558,0.3678429005012098,163953600.81,40535367,0.3935806809513338,0.2123493109513731
14,2750,광명사거리,7호선,Observed Core Demand,Behavioral Hidden Demand,Dynamic Behavioral Area,M+S+H+V-T+,Potential Hidden Demand,0.6769946696814546,0.2334744872953647,0.4435201823860899,0.7680293178091324,0.8112481048629052,0.707617055297124,0.6316233097782931,0.087040967132076,235605602.13,189941466,0.4044886096444441,0.2663429347294357
15,2820,장지,8호선,Observed Core Demand,Behavioral Hidden Demand,Dynamic Behavioral Area,M+S+H+V-T+,Potential Hidden Demand,0.6232274780378504,0.1903457675347834,0.432881710503067,0.7604512988206732,0.5886593998600202,0.7106083964362883,0.6159393274703231,0.5749078349770453,224103669.77,154855045,0.41638559992996,0.2616778461066073
16,4138,중앙보훈병원,9호선(연장),Hidden Transit Demand,Behavioral Hidden Demand,Dynamic Behavioral Area,M+S-H+V-T+,High Priority Hidden Demand,0.5050746489685994,0.073585229052664,0.4314894199159354,0.7594595394192527,0.4999438511660401,0.8265350949151173,0.2990150687719091,0.1366312846072026,111209893.78,59867078,0.2266004414994352,0.5501715076811217
17,2611,응암,6호선,Observed Core Demand,Behavioral Hidden Demand,Dynamic Behavioral Area,M+S+H+V-T+,Potential Hidden Demand,0.6251576222117866,0.1957095694151015,0.4294480527966851,0.7580054284376951,0.6416749524706503,0.6759957286763615,0.6476921191817634,0.3786653759455084,240498375.91,159218648,0.4555391027043245,0.188167652312692
18,4111,신목동,9호선,Hidden Transit Demand,Behavioral Hidden Demand,Dynamic Behavioral Area,M+S-H+V-T+,High Priority Hidden Demand,0.4435293213787063,0.022950877005896,0.42057844437281033,0.7516874100422541,0.348371421712541,0.6229169711828518,0.3376662344106874,0.6349969193021249,125987174.22,18674615,0.3173602273110782,0.2183650842264283
19,2756,신중동,7호선,Hidden Transit Demand,Morphology-Supported Hidden Demand,Dynamic Dense Urban Area,M+S-H+V+T+,High Priority Hidden Demand,0.4989557784938091,0.0784063870391912,0.4205493914546179,0.7516667150055841,0.3692573591780348,0.7330999316481187,0.3934719827312345,0.7082058740541685,130515006.01,63789225,0.2741993485751872,0.3936226778096595
20,2749,철산,7호선,Observed Core Demand,Behavioral Hidden Demand,Dynamic Behavioral Area,M+S+H+V-T+,Already Captured Core Demand,0.6335357407435828,0.2269933913534386,0.40654234939014416,0.7416891889187672,0.7202523865761594,0.6658177875827812,0.6109447474466719,0.207787703992813,228846966.66,184668913,0.3926176697707448,0.2202223258430845
21,4109,등촌,9호선,Hidden Transit Demand,Behavioral Hidden Demand,Dynamic Behavioral Area,M+S-H+V-T+,High Priority Hidden Demand,0.4690603765190823,0.0632599359699725,0.4058004405491098,0.7411607108302896,0.4543807651125124,0.5413572874208437,0.4678220291288519,0.3568530453747044,166628277.6,51467163,0.3874058380324631,0.0611662331676169
22,338,일원,3호선,Hidden Transit Demand,Behavioral Hidden Demand,Dynamic Behavioral Area,M+S-H+V-T+,High Priority Hidden Demand,0.4967818009135493,0.1051786088684542,0.3916031920450951,0.7310476964866612,0.4900612248053749,0.7151973392619042,0.3687780155239372,0.2369931183086704,137677827.02,85569177,0.266876666272049,0.3754832174427792
23,333,매봉,3호선,Observed Core Demand,Morphology-Supported Hidden Demand,Dynamic Dense Urban Area,M+S+H+V+T+,Morphology-Supported Hidden Demand,0.5125701629125488,0.1220577968627673,0.39051236604978146,0.730270676986447,0.4640551148043065,0.5201280854535179,0.51248129027583,0.712170818320654,179798030.38,99300869,0.3643684166210259,0.0500060366679084
24,2825,신흥,8호선,Hidden Transit Demand,Behavioral Hidden Demand,Dynamic Behavioral Area,M+S-H+V-T+,High Priority Hidden Demand,0.4370649354511905,0.0491734803811552,0.3878914550700353,0.7284037440857478,0.4074120230443081,0.5742608743183802,0.3768928452018217,0.3478573746129241,139196890.49,40007437,0.327006578131878,0.1477597740696484
25,2725,용마산,7호선,Hidden Transit Demand,Behavioral Hidden Demand,Dynamic Behavioral Area,M+S-H+V-T+,High Priority Hidden Demand,0.4553693007837923,0.0687952894139917,0.3865740113698006,0.7274652997784844,0.3838548565777046,0.7566801723407,0.3634161496826315,0.2078134230212394,135937264.54,55970328,0.2985337558367532,0.406923223276448
26,4101,개화,9호선,Low Demand / Peripheral,Behavioral Hidden Demand,Stable Low-Intensity Area,M-S-H+V-T-,Low Priority,0.406879848354044,0.0209600961034903,0.3859197522505537,0.7269992565268274,0.2534251325976835,0.8814516437553948,0.1067520042307392,0.5112522690008983,42607464.35,17055059,0.0929462215338598,0.7183814344962305
27,4701,북한산우이,우이신설선,Hidden Transit Demand,Behavioral Hidden Demand,Stable Low-Intensity Area,M+S-H+V-T-,High Priority Hidden Demand,0.39859658837551565,0.0178334821339897,0.38076310624152593,0.7233260634401836,0.4446315564019372,0.6793921033255114,0.136369488880608,0.0139046438714448,59107439.46,14511471,0.1408759818662233,0.4194961569394297
28,2544,장한평,5호선,Observed Core Demand,Morphology-Supported Hidden Demand,Dynamic Dense Urban Area,M+S+H+V+T+,Morphology-Supported Hidden Demand,0.59025166813752,0.2124568123498766,0.3777948557876434,0.721211712944233,0.527192986299711,0.6660326868774452,0.5561547237185791,0.7527570783957285,200298569.81,172842999,0.3296354650204781,0.2659162996047555
29,310,구파발,3호선,Observed Core Demand,Behavioral Hidden Demand,Dynamic Behavioral Area,M+S+H+V-T+,Already Captured Core Demand,0.5964832093963397,0.219746460674051,0.3767367487222887,0.7204579998620114,0.6834541379222974,0.6916873086271789,0.5233961975357148,0.1132778066736818,203777136.62,178773332,0.331791330212683,0.2979221372278403
30,4106,양천향교,9호선,Hidden Transit Demand,Behavioral Hidden Demand,Dynamic Behavioral Area,M+S-H+V-T+,High Priority Hidden Demand,0.42634615981277396,0.0503881994856533,0.37595796032712064,0.7199032516508522,0.4111154103516545,0.5132936255945206,0.3259191446004524,0.4783698983580875,118123776.11,40995645,0.2685710558689385,0.1101394570038521
31,2821,복정,8호선,Hidden Transit Demand,Behavioral Hidden Demand,Dynamic Behavioral Area,M+S-H+V-T+,High Priority Hidden Demand,0.44691480293970914,0.071612689685958,0.3753021132537511,0.7194360772643268,0.360718188341118,0.7549042546475948,0.294621040675824,0.3694134638914256,108702649.53,58262362,0.2217649444690368,0.4599536235425558
32,2554,상일동,5호선,Observed Core Demand,Behavioral Hidden Demand,Dynamic Behavioral Area,M+S+H+V-T+,Already Captured Core Demand,0.539811873457315,0.1647973609935885,0.37501451246372647,0.719231212855992,0.5490515133475466,0.5947496888198981,0.4917396648545938,0.4570333727502572,178306575.92000002,134070701,0.3175790371408212,0.1813600467798159
33,4132,석촌고분,9호선(연장),Hidden Transit Demand,Morphology-Supported Hidden Demand,Dynamic Dense Urban Area,M+S-H+V+T+,High Priority Hidden Demand,0.42557593405228195,0.0513202780407814,0.37425565601150057,0.7186906626089533,0.3531620485833817,0.4572299539667236,0.3824076467935427,0.7586399433937067,137262517.05,41753917,0.3196072867093837,0.0
34,2553,고덕,5호선,Hidden Transit Demand,Behavioral Hidden Demand,Dynamic Behavioral Area,M+S-H+V-T+,High Priority Hidden Demand,0.49005180132537746,0.1179085985408317,0.37214320278454577,0.7171859154194962,0.4896568229954239,0.5261375294005517,0.4674039206640183,0.4469106449449504,174606434.02,95925380,0.3544206329764241,0.0650401166700374
35,2626,대흥(서강대앞),6호선,Hidden Transit Demand,Behavioral Hidden Demand,Dynamic Behavioral Area,M+S-H+V-T+,High Priority Hidden Demand,0.47443995793883675,0.1031315840504503,0.37130837388838644,0.7165912483191108,0.4146108476358902,0.4899890007510863,0.497168386068447,0.6593414910122521,178231405.17,83903865,0.3790406994660885,0.0
36,2517,우장산,5호선,Observed Core Demand,Behavioral Hidden Demand,Dynamic Behavioral Area,M+S+H+V-T+,Already Captured Core Demand,0.5348620645378241,0.168793734827051,0.36606832971077313,0.7128586488710935,0.5141715765643367,0.6363181954291813,0.5230927127434399,0.3978676367788937,190743877.69,137321863,0.3473542446488776,0.2142690442543241
37,341,경찰병원,3호선,Hidden Transit Demand,Morphology-Supported Hidden Demand,Dynamic Dense Urban Area,M+S-H+V+T+,High Priority Hidden Demand,0.4392845458410731,0.0802146468721961,0.35906989896887703,0.7078735117541605,0.3648852441073111,0.4674190094791486,0.4359807115752782,0.7103529130794035,154711473.7,65260295,0.3380928777541145,0.0
38,4114,국회의사당,9호선,Hidden Transit Demand,Morphology-Supported Hidden Demand,Dynamic Dense Urban Area,M+S-H+V+T+,High Priority Hidden Demand,0.4485775969904501,0.0902110674379163,0.3583665295525338,0.7073724861509011,0.3823307688375285,0.4562600979182648,0.4361981689853884,0.7522409273691839,150937096.54,73392663,0.3178477161326796,0.0
39,2616,구산,6호선,Hidden Transit Demand,Behavioral Hidden Demand,Dynamic Behavioral Area,M+S-H+V-T+,High Priority Hidden Demand,0.4344988296466596,0.0784041388067926,0.356094690839867,0.7057542051522193,0.442254080264904,0.5804275902786599,0.4019595847129358,0.0998567901520064,148916787.91,63787396,0.3241688072007402,0.1578729688570006
40,2618,증산(명지대앞),6호선,Hidden Transit Demand,Behavioral Hidden Demand,Dynamic Behavioral Area,M+S-H+V-T+,High Priority Hidden Demand,0.4668760867328435,0.1131617440819311,0.3537143426509124,0.7040586304518878,0.4169055532941474,0.6657858301175327,0.4178547037290954,0.2925118947527489,153862445.64000002,92063681,0.302840375343174,0.2849137724781065
41,2755,춘의,7호선,Low Demand / Peripheral,Morphology-Supported Hidden Demand,Stable Dense Urban Area,M-S-H+V+T-,Morphology-Supported Hidden Demand,0.40238804904095127,0.0500941874776068,0.35229386156334447,0.7030467903330531,0.2525460912412698,0.6253389296799781,0.2673873560892967,0.7893010434452602,87380292.53,40756458,0.1853858634929601,0.3166925253826453
42,4110,염창,9호선,Hidden Transit Demand,Behavioral Hidden Demand,Dynamic Behavioral Area,M+S-H+V-T+,High Priority Hidden Demand,0.45565096375935427,0.103856773597922,0.35179419016143226,0.7026908633340146,0.3971750459902583,0.5872450947635376,0.4034517152168891,0.4942057632947577,146291421.26,84493827,0.2915873927907348,0.1902839315541694
43,2525,영등포시장,5호선,Observed Core Demand,Morphology-Supported Hidden Demand,Dynamic Dense Urban Area,M+S+H+V+T+,Morphology-Supported Hidden Demand,0.47285496811593,0.1228053654802491,0.35004960263568086,0.7014481550256653,0.3922994588159861,0.4657437757962513,0.4769943858987635,0.844853905199207,169277354.28,99909037,0.3350535690832928,0.0
44,213,구의(광진구청),2호선,Observed Core Demand,Morphology-Supported Hidden Demand,Dynamic Dense Urban Area,M+S+H+V+T+,Morphology-Supported Hidden Demand,0.6289441573936189,0.2838352372032747,0.34510892019034417,0.6979287975654592,0.6339412897958334,0.5453437550713273,0.6907832937949683,0.6917797945866833,253085011.18,230911346,0.4015905084243417,0.0561534128541985
45,2515,마곡,5호선,Hidden Transit Demand,Morphology-Supported Hidden Demand,Dynamic Dense Urban Area,M+S-H+V+T+,High Priority Hidden Demand,0.4398118394838602,0.0975392884972832,0.342272550986577,0.6959083890029542,0.3587671648201754,0.5027270174136814,0.3843152411358851,0.7582181273418386,137164328.92,79354376,0.2731216614773952,0.0930354796358376
46,2739,남성,7호선,Observed Core Demand,Behavioral Hidden Demand,Dynamic Behavioral Area,M+S+H+V-T+,Already Captured Core Demand,0.4610672206835108,0.1262277000652505,0.3348395206182603,0.6906136769529289,0.4569702888466328,0.4778713430864075,0.4844164762970001,0.3907945967152407,178544655.85,102693202,0.3567951675261577,0.0001881604343746
47,428,삼각지,4호선,Hidden Transit Demand,Morphology-Supported Hidden Demand,Dynamic Dense Urban Area,M+S-H+V+T+,High Priority Hidden Demand,0.3965645212886904,0.0641198989983869,0.3324446222903035,0.6889077378665411,0.3039548733088254,0.449502321730577,0.383555416987353,0.706981644696041,136813104.95999998,52166767,0.3055873562960804,0.0
48,2550,길동,5호선,Hidden Transit Demand,Behavioral Hidden Demand,Dynamic Behavioral Area,M+S-H+V-T+,High Priority Hidden Demand,0.42621331605576407,0.0983322704258449,0.32788104562991915,0.6856570012036122,0.3605788502041944,0.4520240376613146,0.4162277932647817,0.6770126539559163,151097624.98,79999489,0.3101624034503287,0.0
49,2617,새절(신사),6호선,Observed Core Demand,Behavioral Hidden Demand,Dynamic Behavioral Area,M+S+H+V-T+,Already Captured Core Demand,0.46998409513068456,0.1425699784490637,0.3274141166816209,0.6853243973789865,0.4781791084652911,0.5706332350046802,0.4756742329680656,0.1701034097652039,175682743.69,115988103,0.3326818065481394,0.1389221659872632
50,4124,사평,9호선,Low Demand / Peripheral,Morphology-Supported Hidden Demand,Dynamic Dense Urban Area,M-S-H+V+T+,Morphology-Supported Hidden Demand,0.3480228026027208,0.0207292988836129,0.32729350371910787,0.6852384820962064,0.2314229946485599,0.4151642390762559,0.2804573991426467,0.839999154132755,97890337.08,16867299,0.2432891626672509,0.0
51,4108,증미,9호선,Hidden Transit Demand,Behavioral Hidden Demand,Dynamic Behavioral Area,M+S-H+V-T+,High Priority Hidden Demand,0.36601402797306537,0.0394322630792016,0.32658176489386376,0.684731494777743,0.2933283979170534,0.4851330105328192,0.2735920756372508,0.5801458114973637,97890754.79,32082684,0.2245873326989651,0.1050150499100059
52,410,상계,4호선,Observed Core Demand,Behavioral Hidden Demand,Dynamic Behavioral Area,M+S+H+V-T+,Already Captured Core Demand,0.5406749852157785,0.2197642154410083,0.3209107697747702,0.6806919194356742,0.568384388490399,0.6602732379631254,0.551636119858983,0.0950647693252093,208836382.0,178787776,0.3455111786684361,0.2469349627499292
53,4118,노들,9호선,Hidden Transit Demand,Behavioral Hidden Demand,Stable Low-Intensity Area,M+S-H+V-T-,High Priority Hidden Demand,0.3467714072288862,0.0265805590953743,0.3201908481335119,0.6801791033162498,0.2729449761553519,0.4388130163791555,0.2656111231590102,0.6112068923238692,96622514.7,21627463,0.2339953256470659,0.0376375982481027
54,247,도림천,2호선,Low Demand / Peripheral,Morphology-Supported Hidden Demand,Stable Dense Urban Area,M-S-H+V+T-,Morphology-Supported Hidden Demand,0.3334956488956286,0.0133940848258231,0.3201015640698055,0.6801155043015065,0.2317982852667413,0.3997986990137064,0.2507613274556385,0.7908448028104071,84922454.67,10899897,0.2154120852059157,0.0
55,313,녹번,3호선,Observed Core Demand,Behavioral Hidden Demand,Dynamic Behavioral Area,M+S+H+V-T+,Already Captured Core Demand,0.473919246028701,0.1558075216432901,0.3181117243854109,0.678698097452277,0.5107756414624636,0.6342164664409409,0.4243199070822295,0.0065210934391132,155135963.88,126757215,0.2636526408226141,0.2718720703126236
56,2551,굽은다리(강동구민회관앞),5호선,Hidden Transit Demand,Behavioral Hidden Demand,Dynamic Behavioral Area,M+S-H+V-T+,High Priority Hidden Demand,0.43152697035357523,0.1157300035735586,0.3157969667800166,0.677049244376362,0.3892215422936924,0.4649015927597038,0.4229400602413795,0.5556386608321184,155152599.10999998,94153032,0.3037753293025735,0.0214512339405952
57,4129,봉은사,9호선(연장),Observed Core Demand,Morphology-Supported Hidden Demand,Dynamic Dense Urban Area,M+S+H+V+T+,Morphology-Supported Hidden Demand,0.4813487424709039,0.1662446129681263,0.31510412950277766,0.6765557210488992,0.4239242053982693,0.4630500864194174,0.4914401946399806,0.7653228950883221,183475247.15,135248081,0.3301665174659014,0.0
58,2813,강동구청,8호선,Observed Core Demand,Behavioral Hidden Demand,Dynamic Behavioral Area,M+S+H+V-T+,Already Captured Core Demand,0.4372467484880176,0.1222299396784005,0.3150168088096171,0.6764935205864518,0.3955326563440378,0.4404152728188489,0.4106693743405561,0.670193600603771,147096886.68,99440912,0.2754013442581255,0.0098781009088315
59,4710,정릉,우이신설선,Hidden Transit Demand,Behavioral Hidden Demand,Dynamic Behavioral Area,M+S-H+V-T+,High Priority Hidden Demand,0.340560810946939,0.0270656671696573,0.3134951437772817,0.6754096049042086,0.3080845361478283,0.4856711326937204,0.3055510234026871,0.1939478182644879,109561465.58,22022112,0.2686439499689728,0.0739523019074969
60,4137,둔촌오륜,9호선(연장),Hidden Transit Demand,Behavioral Hidden Demand,Stable Low-Intensity Area,M+S-H+V-T-,High Priority Hidden Demand,0.32512785763423646,0.0118781923125382,0.3132496653216983,0.6752347451670093,0.2664116791670273,0.4973278005621714,0.2093742389471401,0.3903580407910328,72897256.17,9666676,0.1842753994670399,0.1500343869527016
61,2528,여의나루,5호선,Observed Core Demand,Behavioral Hidden Demand,Dynamic Behavioral Area,M+S+H+V-T+,Already Captured Core Demand,0.4482706135936776,0.1356068990948322,0.3126637144988454,0.6748173594267726,0.4107983898945878,0.4494154298748174,0.4263955557882188,0.6577836951476502,156345624.33,110323443,0.2871379103980769,0.0131891677738775
62,2518,화곡,5호선,Observed Core Demand,Behavioral Hidden Demand,Dynamic Behavioral Area,M+S+H+V-T+,Already Captured Core Demand,0.6387652322620645,0.3275755142819012,0.3111897179801633,0.6737673990818737,0.6690332339926919,0.6694406250604641,0.656418156980607,0.3905648930411579,240640177.86,266495286,0.3240581992377714,0.2743958685835722
63,4702,솔밭공원,우이신설선,Low Demand / Peripheral,Behavioral Hidden Demand,Stable Low-Intensity Area,M-S-H+V-T-,Low Priority,0.32468604857331473,0.0144994112599667,0.31018663731334806,0.6730528825212564,0.2171416517443367,0.6146263220935976,0.1458622054812503,0.441432836687138,56214834.69,11799111,0.1363556290810444,0.33803162483337
64,315,무악재,3호선,Hidden Transit Demand,Behavioral Hidden Demand,Stable Low-Intensity Area,M+S-H+V-T-,High Priority Hidden Demand,0.3537445766001645,0.0464779788027381,0.3072665977974264,0.6709728737434902,0.2880023547759954,0.6884842183398794,0.2264704962242592,0.0672836312114489,84474111.95,37814571,0.1811107854831757,0.4023790766823207
65,4128,삼성중앙,9호선(연장),Hidden Transit Demand,Morphology-Supported Hidden Demand,Dynamic Dense Urban Area,M+S-H+V+T+,High Priority Hidden Demand,0.3664373659257223,0.0608299028214022,0.3056074631043201,0.6697910353792008,0.2565116016406299,0.4084732048326894,0.3135957135638659,0.8616970126649334,108187856.52,49490263,0.2311498900386909,0.0
66,4122,신반포,9호선,Low Demand / Peripheral,Morphology-Supported Hidden Demand,Stable Dense Urban Area,M-S-H+V+T-,Morphology-Supported Hidden Demand,0.3262705122285456,0.0221176850290992,0.30415282719944636,0.668754866028035,0.2352251242362174,0.4015376482369027,0.252326431361245,0.695695079907731,89297036.8,17996790,0.2185669904028065,0.0
67,2559,개롱,5호선,Hidden Transit Demand,Behavioral Hidden Demand,Dynamic Behavioral Area,M+S-H+V-T+,High Priority Hidden Demand,0.38434344526479935,0.0815669211689096,0.30277652409588973,0.6677744948650232,0.3254498849418156,0.4504670673201928,0.3308565202213256,0.5910292616666892,117179488.02,66360408,0.2348282650144906,0.0522823578044167
68,2615,연신내,6호선,Low Demand / Peripheral,Behavioral Hidden Demand,Stable Low-Intensity Area,M-S-H+V-T-,Low Priority,0.30265833872103126,0.0,0.30265833872103126,0.6676903088066604,0.2485443925418,0.5017710956221917,0.2436432361965264,0.1664194093236811,93006426.98,3434,0.2507569543319379,0.1079108886975974
69,2614,독바위,6호선,Hidden Transit Demand,Behavioral Hidden Demand,Stable Low-Intensity Area,M+S-H+V-T-,High Priority Hidden Demand,0.33275032368629603,0.0332528678788666,0.2994974558074294,0.6654387419460293,0.327246013963749,0.5873427455094071,0.1671929654940894,0.0521533792643936,66583902.120000005,27055573,0.1457577813412834,0.2955610335743416
70,4134,송파나루,9호선(연장),Low Demand / Peripheral,Morphology-Supported Hidden Demand,Dynamic Dense Urban Area,M-S-H+V+T+,Morphology-Supported Hidden Demand,0.34191764705231303,0.0431552179266917,0.29876242912562134,0.6649151661718943,0.2310095489519077,0.40014191995192,0.2728520068795309,0.8335746866006839,96112123.17,35111412,0.2160347770632787,0.0
71,2747,남구로,7호선,Observed Core Demand,Behavioral Hidden Demand,Dynamic Behavioral Area,M+S+H+V-T+,Already Captured Core Demand,0.4424374847583571,0.1437484148440438,0.2986890699143133,0.6648629107819866,0.3966217690200629,0.4361619339671566,0.4539475804706198,0.6412768911341571,157225083.44,116946794,0.2813844306890896,0.0
72,2817,송파,8호선,Hidden Transit Demand,Morphology-Supported Hidden Demand,Dynamic Dense Urban Area,M+S-H+V+T+,High Priority Hidden Demand,0.38726762546376936,0.09129092947492,0.29597669598884935,0.6629308268006613,0.3089864992647683,0.4100843034436742,0.3410777719809928,0.7748707053750655,120482412.71,74271161,0.2340728410442165,0.0
73,2746,대림(구로구청),7호선,Hidden Transit Demand,Morphology-Supported Hidden Demand,Dynamic Dense Urban Area,M+S-H+V+T+,High Priority Hidden Demand,0.38246856210646596,0.0894537917175086,0.29301477038895735,0.6608209816381992,0.2929462382962906,0.411408778684079,0.3304844995397503,0.8169366029416534,120690785.42,72776598,0.23647578286872,0.0
74,4130,종합운동장,9호선(연장),Low Demand / Peripheral,Morphology-Supported Hidden Demand,Stable Dense Urban Area,M-S-H+V+T-,Morphology-Supported Hidden Demand,0.3427176669104026,0.0505031973718293,0.29221446953857333,0.6602509096290445,0.2469580501184378,0.3996130983059807,0.2667110249946092,0.7834106478168856,98464883.75,41089199,0.2150753573535209,0.0
75,4704,가오리,우이신설선,Hidden Transit Demand,Behavioral Hidden Demand,Stable Low-Intensity Area,M+S-H+V-T-,High Priority Hidden Demand,0.31453761486020626,0.024535476435484,0.2900021384247223,0.6586750172101082,0.2814115498328685,0.4300056148595125,0.2667901227589774,0.2704298916874179,98729262.22,19963731,0.2417609573901456,0.0205167710611096
76,2516,발산,5호선,Observed Core Demand,Morphology-Supported Hidden Demand,Dynamic Dense Urban Area,M+S+H+V+T+,Morphology-Supported Hidden Demand,0.4981003406524317,0.2106432447708373,0.2874570958815944,0.6568621270760433,0.4658275651099777,0.4597150857071541,0.5271906533678767,0.681110342525778,191438578.78,171367611,0.3073910887393377,0.0120593448024551
77,4131,삼전,9호선(연장),Low Demand / Peripheral,Morphology-Supported Hidden Demand,Dynamic Dense Urban Area,M-S-H+V+T+,Morphology-Supported Hidden Demand,0.343369825244236,0.0560935397039568,0.2872762855402792,0.6567333318679662,0.2526259989156439,0.3997125319338806,0.2829697189520692,0.7316604895831224,100590115.71,45637099,0.2152557557603419,0.0
78,309,지축,3호선,Hidden Transit Demand,Behavioral Hidden Demand,Stable Low-Intensity Area,M+S-H+V-T-,High Priority Hidden Demand,0.3238950586825288,0.0369100671528579,0.28698499152967094,0.6565258366968659,0.2923526699955566,0.6250965756455835,0.1451161781975334,0.0703897763362577,53812444.88,30030807,0.1074216529067277,0.3725910035255027
79,2557,방이,5호선,Hidden Transit Demand,Behavioral Hidden Demand,Dynamic Behavioral Area,M+S-H+V-T+,High Priority Hidden Demand,0.37598165190504296,0.0890807068315314,0.28690094507351155,0.6564659685459048,0.3036512518061183,0.4163157125711788,0.345339800268941,0.6619170039570677,123831956.28,72473083,0.2453782344266534,0.0
80,2537,동대문역사문화공원,5호선,Low Demand / Peripheral,Morphology-Supported Hidden Demand,Stable Dense Urban Area,M-S-H+V+T-,Morphology-Supported Hidden Demand,0.3215147298084192,0.0347344493418829,0.2867802804665363,0.6563800164756312,0.1794182774930999,0.3855337613581188,0.246547754504202,0.9508351369615418,83250500.50999999,28260881,0.18953178614795,0.0
81,2624,상수,6호선,Observed Core Demand,Behavioral Hidden Demand,Dynamic Behavioral Area,M+S+H+V-T+,Already Captured Core Demand,0.407566761162529,0.1223832742906818,0.2851834868718472,0.6552425850555685,0.354575180309388,0.438437383072248,0.3601514825455641,0.6636828774612956,145193537.22,99565654,0.2700797567322762,0.0111277990806979
82,2644,돌곶이,6호선,Hidden Transit Demand,Behavioral Hidden Demand,Dynamic Behavioral Area,M+S-H+V-T+,High Priority Hidden Demand,0.39197808717110344,0.1074422543813203,0.2845358327897831,0.6547812467180891,0.3239769876898207,0.5549579114662829,0.3273314168382198,0.4198268147646942,116805409.42,87410716,0.20793717885971,0.2083625485399202
83,336,학여울,3호선,Low Demand / Peripheral,Morphology-Supported Hidden Demand,Stable Dense Urban Area,M-S-H+V+T-,Morphology-Supported Hidden Demand,0.3121883778308953,0.0277008303132805,0.2844875475176148,0.6547468520500035,0.200629164296167,0.3809040320302331,0.2223871457281186,0.8220181674443817,77566824.15,22538835,0.1811322556027756,0.0
84,2612,역촌,6호선,Low Demand / Peripheral,Morphology-Supported Hidden Demand,Stable Dense Urban Area,M-S-H+V+T-,Morphology-Supported Hidden Demand,0.32965605050190533,0.0464196575154868,0.2832363929864185,0.6538556269850548,0.2393826480527126,0.3972085032155857,0.2700975645577161,0.68612220162745,95354378.32,37767125,0.2107127977997916,0.0
85,2819,문정,8호선,Observed Core Demand,Behavioral Hidden Demand,Dynamic Behavioral Area,M+S+H+V-T+,Already Captured Core Demand,0.4839588402062148,0.2022924528803893,0.2816663873258255,0.6527372772033584,0.4444754753746572,0.4550710322710518,0.5285599106598657,0.6446513608788302,179469453.45000002,164574008,0.2832415604523063,0.0233970256178991
86,419,한성대입구(삼선교),4호선,Observed Core Demand,Behavioral Hidden Demand,Dynamic Behavioral Area,M+S+H+V-T+,Already Captured Core Demand,0.4490504169155229,0.1681960922114399,0.280854324704083,0.6521588270241364,0.4585631553079694,0.599886438322927,0.4034259030717814,0.1204020683184863,150057340.69,136835664,0.2374738495670708,0.2458389798217875
87,4119,흑석(중앙대입구),9호선,Hidden Transit Demand,Behavioral Hidden Demand,Stable Low-Intensity Area,M+S-H+V-T-,High Priority Hidden Demand,0.3375807281320268,0.0584507456109098,0.279129982521117,0.6509305399215526,0.2798939741722104,0.4238599320951594,0.2705590914855484,0.5155163843363251,102904220.32,47554752,0.2191821452436614,0.0287575296795174
88,2740,숭실대입구(살피재),7호선,Observed Core Demand,Behavioral Hidden Demand,Dynamic Behavioral Area,M+S+H+V-T+,Already Captured Core Demand,0.4346734266145958,0.1568252887060751,0.2778481379085207,0.650017453632345,0.4509783777630759,0.4404796900215489,0.4506978626030485,0.3147366159521471,164704799.93,127585197,0.2886175773222462,0.0004329020163972
89,2758,상동,7호선,Low Demand / Peripheral,Morphology-Supported Hidden Demand,Dynamic Dense Urban Area,M-S-H+V+T+,Morphology-Supported Hidden Demand,0.35318141159361516,0.0772127882895713,0.27596862330404387,0.6486786337794166,0.2519541105221922,0.3909539275185389,0.283547596955444,0.8535406058790512,102515787.98,62818199,0.1993653742478315,0.0
90,4112,선유도,9호선,Low Demand / Peripheral,Morphology-Supported Hidden Demand,Stable Dense Urban Area,M-S-H+V+T-,Morphology-Supported Hidden Demand,0.3179079198549509,0.043052239294968,0.27485568055998294,0.6478858600295493,0.2328647044318934,0.3817292612296067,0.2414268023334505,0.6940112708650711,83771774.48,35027636,0.1826294355405223,0.0
91,2815,잠실(송파구청),8호선,Observed Core Demand,Morphology-Supported Hidden Demand,Dynamic Dense Urban Area,M+S+H+V+T+,Morphology-Supported Hidden Demand,0.45980681678298335,0.1863988572725174,0.2734079595104659,0.6468546162829037,0.3773863020887018,0.4378628585501199,0.4641747610974438,0.8768231398604881,174068740.20000002,151644123,0.2844703493201392,0.0
92,4104,신방화,9호선,Low Demand / Peripheral,Morphology-Supported Hidden Demand,Stable Dense Urban Area,M-S-H+V+T-,Morphology-Supported Hidden Demand,0.3119483199674086,0.0397213594604784,0.27222696050693024,0.6460133645530922,0.2149829383760894,0.3813030921171833,0.240290701133192,0.7182208444223416,82260342.51,32317872,0.1818562541677692,0.0
93,2521,목동,5호선,Observed Core Demand,Morphology-Supported Hidden Demand,Dynamic Dense Urban Area,M+S+H+V+T+,Morphology-Supported Hidden Demand,0.4804422204949436,0.2092202710019333,0.2712219494930103,0.6452974729635069,0.4044697438564857,0.5722566992970887,0.4171581459687608,0.7193503174150068,151060745.16,170209982,0.1991742613914635,0.2373105392935161
94,2523,양평,5호선,Low Demand / Peripheral,Morphology-Supported Hidden Demand,Dynamic Dense Urban Area,M-S-H+V+T+,Morphology-Supported Hidden Demand,0.34530526825618946,0.0766187509586102,0.26868651729757925,0.6434914284928166,0.2523397130182404,0.3830842080661083,0.2840146590894363,0.7917841356356689,97038861.95,62334933,0.185087660748578,0.0
95,2745,신풍,7호선,Observed Core Demand,Morphology-Supported Hidden Demand,Dynamic Dense Urban Area,M+S+H+V+T+,Morphology-Supported Hidden Demand,0.3906989036025287,0.1220795219909315,0.26861938161159715,0.6434436062577465,0.3331634301614805,0.3986777777804246,0.3532607458261483,0.7045376641952668,124199873.96,99318543,0.2133784431782975,0.0
96,2728,어린이대공원(세종대),7호선,Observed Core Demand,Behavioral Hidden Demand,Dynamic Behavioral Area,M+S+H+V-T+,Already Captured Core Demand,0.4318487126203895,0.1636563086838669,0.26819240393652255,0.643139460609298,0.3998718378836126,0.4264915372243437,0.4239269647889211,0.6049810830889366,158095427.09,133142423,0.2638398212589081,0.0
97,2622,망원,6호선,Observed Core Demand,Behavioral Hidden Demand,Dynamic Behavioral Area,M+S+H+V-T+,Already Captured Core Demand,0.4412734155677319,0.1731200678026573,0.2681533477650746,0.6431116400339275,0.3952726797300586,0.4448298182054495,0.4224472676738834,0.6770380160306654,157131800.04999998,140841456,0.2517594810226004,0.0326998154947948
98,2543,답십리,5호선,Observed Core Demand,Behavioral Hidden Demand,Dynamic Behavioral Area,M+S+H+V-T+,Already Captured Core Demand,0.4431985586939624,0.1766296630600163,0.26656889563394615,0.6419829997115183,0.3716886024693263,0.5295004633138758,0.409620114216428,0.61639548911011,146660977.34,143696610,0.2198179760630624,0.1664936139310743
99,2759,삼산체육관,7호선,Low Demand / Peripheral,Visually Dense but Transit-Captured,Stable Dense Urban Area,M-S-H-V+T-,Low Priority,0.291235000499197,0.027402588579874,0.263832411919323,0.640033741793742,0.1723132256203897,0.3610384631218716,0.1831070314036674,0.8681302690882023,64183802.1,22296207,0.1450909579316543,0.0
100,2641,고려대(종암),6호선,Hidden Transit Demand,Behavioral Hidden Demand,Dynamic Behavioral Area,M+S-H+V-T+,High Priority Hidden Demand,0.36301970510914383,0.0998082429853978,0.263211462123746,0.6395914255105856,0.3300811827851856,0.4082891390756227,0.3364466649922315,0.451215550884583,122419705.0,81200234,0.2308159469851542,0.0
101,154,종로5가,1호선,Observed Core Demand,Morphology-Supported Hidden Demand,Dynamic Dense Urban Area,M+S+H+V+T+,Morphology-Supported Hidden Demand,0.44815681156821424,0.1850538107541,0.26310300081411425,0.6395141661191109,0.375093407968562,0.4265442154943104,0.4584704511935414,0.8103463387007546,166010835.2,150549890,0.2639353933121137,0.0
102,4121,구반포,9호선,Low Demand / Peripheral,Low Visual / Low Hidden,Stable Low-Intensity Area,M-S-H-V-T-,Low Priority,0.27790052317315883,0.0148484994303152,0.26305202374284364,0.639477854022946,0.184820181128376,0.3699072875572103,0.1885207834079244,0.6455046309450214,65486125.89,12083104,0.1611813071656205,0.0
103,2539,신금호,5호선,Hidden Transit Demand,Behavioral Hidden Demand,Dynamic Behavioral Area,M+S-H+V-T+,High Priority Hidden Demand,0.33585737382221076,0.0745367500855659,0.2613206237366449,0.6382445394766595,0.2681507917543108,0.4044191376129708,0.3149895902328887,0.510868150829505,110527048.83,60641167,0.2237947599581669,0.0
104,413,쌍문,4호선,Observed Core Demand,Behavioral Hidden Demand,Dynamic Behavioral Area,M+S+H+V-T+,Already Captured Core Demand,0.6092724332381245,0.3479715560422194,0.2613008771959051,0.6382304735786313,0.6332701925776242,0.5617615087143664,0.6529211675667317,0.5327623588625573,239649333.77,283088037,0.3009716726439251,0.1501808997497218
105,415,미아(서울사이버대학),4호선,Observed Core Demand,Behavioral Hidden Demand,Dynamic Behavioral Area,M+S+H+V-T+,Already Captured Core Demand,0.44152249431950663,0.18126847452553,0.26025401979397667,0.6374847738806622,0.4079429334609293,0.5754632694927234,0.4145341412464912,0.3117552863960929,149639325.46,147470413,0.2232664111449114,0.2241337751082374
106,4705,화계,우이신설선,Low Demand / Peripheral,Behavioral Hidden Demand,Stable Low-Intensity Area,M-S-H+V-T-,Low Priority,0.2768297404261038,0.0192350872467883,0.2575946531793155,0.6355904481800569,0.2324476847730065,0.4061856534437288,0.200671082576047,0.3054765240210925,75904011.81,15651716,0.1850828873344729,0.0302237910130826
107,4707,삼양사거리,우이신설선,Low Demand / Peripheral,Visually Dense but Transit-Captured,Stable Dense Urban Area,M-S-H-V+T-,Low Priority,0.2699875866502682,0.014505672876062,0.25548191377420615,0.6340854971395664,0.1586000510910399,0.3645799017428059,0.183646694404316,0.7074324934273551,61800376.11,11804205,0.1515160466925091,0.0
108,2555,둔촌동,5호선,Hidden Transit Demand,Morphology-Supported Hidden Demand,Dynamic Dense Urban Area,M+S-H+V+T+,High Priority Hidden Demand,0.36751708005604733,0.1152729818098688,0.25224409824617855,0.6317791294748949,0.2880794046343389,0.3867268610835832,0.3194068124345756,0.7731827021278393,113708171.79,93781232,0.1916963786927271,0.0
109,2729,건대입구,7호선,Observed Core Demand,Morphology-Supported Hidden Demand,Dynamic Dense Urban Area,M+S+H+V+T+,Morphology-Supported Hidden Demand,0.41828707062022313,0.1679045177347473,0.25038255288547584,0.6304531095120283,0.3374905479538608,0.4093048861205484,0.392396682744947,0.8561076596185927,148176678.8,136598460,0.2326587757394479,0.0
110,2529,마포,5호선,Observed Core Demand,Behavioral Hidden Demand,Dynamic Behavioral Area,M+S+H+V-T+,Already Captured Core Demand,0.3991905143329968,0.1493288915046398,0.249861622828357,0.6300820395023584,0.3553940327458994,0.4059913084006091,0.3836861406076743,0.6102814437565492,139121732.04,121486668,0.2266470857892819,0.0
111,2642,월곡(동덕여대),6호선,Observed Core Demand,Behavioral Hidden Demand,Dynamic Behavioral Area,M+S+H+V-T+,Already Captured Core Demand,0.3857257172872121,0.1366275535812936,0.2490981637059185,0.6295382106714542,0.3738716413274142,0.4161293559434972,0.3904333632922553,0.3536446704555034,141217859.31,111153774,0.2450401351392764,0.0
112,2522,오목교(목동운동장앞),5호선,Observed Core Demand,Behavioral Hidden Demand,Dynamic Behavioral Area,M+S+H+V-T+,Already Captured Core Demand,0.51646691843012,0.2674624398943703,0.24900447853574975,0.6294714766511661,0.5047130424945018,0.4507751513544112,0.5532357249814158,0.6600511647270827,204464706.26,217591617,0.2859423406702397,0.0158299554930727
113,2546,아차산(어린이대공원후문),5호선,Observed Core Demand,Behavioral Hidden Demand,Dynamic Behavioral Area,M+S+H+V-T+,Already Captured Core Demand,0.42624240349848364,0.1787992823066911,0.24744312119179254,0.6283592872568267,0.459299334383057,0.4376953424764118,0.4573472067971538,0.186644260475743,166789824.09,145461656,0.2723051463596229,0.0085524917828936
114,4126,언주,9호선(연장),Low Demand / Peripheral,Morphology-Supported Hidden Demand,Dynamic Dense Urban Area,M-S-H+V+T+,Morphology-Supported Hidden Demand,0.33691428847320126,0.0898466534274664,0.24706763504573487,0.6280918201641824,0.2297491677581294,0.3782965014351512,0.2849997772205544,0.8195308217914431,98711488.42,73096202,0.1764015183760985,0.0
115,2714,마들,7호선,Observed Core Demand,Behavioral Hidden Demand,Dynamic Behavioral Area,M+S+H+V-T+,Already Captured Core Demand,0.3827888131385204,0.1367047875550864,0.24608402558343404,0.6273911733735058,0.3506551663545514,0.4028424596253602,0.3678311234642218,0.5071714867978788,132368658.65,111216606,0.2209342568965576,0.0
116,2730,뚝섬유원지,7호선,Hidden Transit Demand,Visually Dense but Transit-Captured,Stable Dense Urban Area,M+S-H-V+T-,High Priority Hidden Demand,0.3503945638824866,0.1045089945441668,0.2458855693383198,0.6272498085975877,0.297514460084702,0.3715273597465162,0.2689236456541091,0.6984648777691983,99588489.38,85024427,0.1641205385711154,0.0
117,4703,4.19민주묘지,우이신설선,Hidden Transit Demand,Behavioral Hidden Demand,Stable Low-Intensity Area,M+S-H+V-T-,High Priority Hidden Demand,0.2641949194409472,0.0184081212388809,0.24578679820206628,0.6271794517310875,0.2593660057471223,0.3784961988780295,0.1690950825861483,0.1903715061800512,68407012.76,14978956,0.1655529047118442,0.0080835482750876
118,2726,중곡,7호선,Hidden Transit Demand,Behavioral Hidden Demand,Dynamic Behavioral Area,M+S-H+V-T+,High Priority Hidden Demand,0.3591354948682193,0.1138107604672885,0.24532473440093078,0.6268503134584684,0.3211814900057794,0.4539818592316504,0.3105071704008542,0.3900692547753509,112011496.63,92591674,0.1885515394175224,0.0902477519195343
119,211,성수,2호선,Observed Core Demand,Morphology-Supported Hidden Demand,Dynamic Dense Urban Area,M+S+H+V+T+,Morphology-Supported Hidden Demand,0.6482586413795451,0.4042989229785536,0.24395971840099157,0.625877982349186,0.6641632204550979,0.4831198237345636,0.756056475183361,0.7739394120443798,271949529.45,328911927,0.3323505225323114,0.0246796342452726
120,250,용두(동대문구청),2호선,Low Demand / Peripheral,Visually Dense but Transit-Captured,Stable Dense Urban Area,M-S-H-V+T-,Low Priority,0.2726998014575172,0.0295423735736534,0.2431574278838638,0.6253064930563715,0.1529647484560621,0.3522991562260448,0.1776222088237952,0.8026643383101898,59132665.23,24036982,0.1292355871277905,0.0
121,2742,장승배기,7호선,Hidden Transit Demand,Behavioral Hidden Demand,Dynamic Behavioral Area,M+S-H+V-T+,High Priority Hidden Demand,0.3539694031201977,0.113041005766394,0.2409283973538037,0.6237187052736537,0.2922009480524501,0.3862391382821484,0.3220033770967131,0.6151851650671539,112560313.86,91965457,0.1908115229532015,0.0
122,335,대치,3호선,Observed Core Demand,Morphology-Supported Hidden Demand,Dynamic Dense Urban Area,M+S+H+V+T+,Morphology-Supported Hidden Demand,0.3745418919591856,0.13491575017055,0.2396261417886356,0.6227910798111642,0.2761426442788677,0.3839606576110465,0.3310066772423357,0.8808620218246638,119093914.8,109761174,0.1866777676862926,0.0
123,225,방배,2호선,Observed Core Demand,Behavioral Hidden Demand,Dynamic Behavioral Area,M+S+H+V-T+,Already Captured Core Demand,0.4444325265859995,0.2069383335555936,0.23749419303040592,0.6212724455232768,0.4633482523224799,0.4226669060685787,0.4725140366860852,0.3575627918652178,170169907.48999998,168353562,0.2533441920641576,0.0025645722938742
124,4711,성신여대입구(돈암),우이신설선,Low Demand / Peripheral,Low Visual / Low Hidden,Stable Low-Intensity Area,M-S-H-V-T-,Low Priority,0.2589429464421151,0.0215829290015202,0.23736001744059487,0.6211768692808843,0.1566418914899667,0.3688161516190297,0.1918277972220695,0.5788449792245873,67237219.59,17561751,0.1592017033934338,0.0
125,2552,명일,5호선,Hidden Transit Demand,Morphology-Supported Hidden Demand,Dynamic Dense Urban Area,M+S-H+V+T+,High Priority Hidden Demand,0.3432273934931737,0.106453654108231,0.23677373938494273,0.620759250445482,0.2626819740912924,0.3806133293066328,0.3018552266938261,0.6949612748666872,106375456.63,86606462,0.1806048454166683,0.0
126,245,신답,2호선,Low Demand / Peripheral,Visually Dense but Transit-Captured,Stable Dense Urban Area,M-S-H-V+T-,Low Priority,0.2570312424324003,0.0205665730764026,0.23646466935599766,0.6205390930230755,0.1414497840571603,0.346758270974711,0.1601436556502449,0.7466054073295142,52124938.68,16734917,0.1191829832670075,0.0
127,2814,몽촌토성(평화의문),8호선,Low Demand / Peripheral,Visually Dense but Transit-Captured,Stable Dense Urban Area,M-S-H-V+T-,Low Priority,0.31163832104579514,0.0766008978545332,0.23503742319126195,0.6195224339900398,0.1998445526541324,0.3643549804712994,0.243774256852833,0.8186467586304407,84518347.45,62320409,0.1511079811326285,0.0
128,2718,공릉(서울과학기술대),7호선,Observed Core Demand,Behavioral Hidden Demand,Dynamic Behavioral Area,M+S+H+V-T+,Already Captured Core Demand,0.3761594875014694,0.1412574237442009,0.2349020637572685,0.6194260144692337,0.3528154734221149,0.4077677022706125,0.3645679816117925,0.4253700257150607,133150589.4,114920303,0.2185048334762091,0.0081947151335704
129,215,잠실나루,2호선,Observed Core Demand,Morphology-Supported Hidden Demand,Dynamic Dense Urban Area,M+S+H+V+T+,Morphology-Supported Hidden Demand,0.40440285111584784,0.1718474859077284,0.23255536520811945,0.6177544091521187,0.3529078949888828,0.3923145196187171,0.3738673409532316,0.7274220027552494,138266495.53,139806175,0.2018062280932524,1.99103910853276e-05
130,2753,까치울,7호선,Low Demand / Peripheral,Behavioral Hidden Demand,Stable Low-Intensity Area,M-S-H+V-T-,Low Priority,0.275708175969844,0.0443520900731828,0.23135608589666118,0.6169001359543673,0.1705591811253394,0.6298471383831685,0.1024826086842591,0.2099823813079729,36773537.46,36085101,0.0537130957697017,0.4175316485856511
131,2640,안암(고대병원앞),6호선,Observed Core Demand,Behavioral Hidden Demand,Dynamic Behavioral Area,M+S+H+V-T+,Already Captured Core Demand,0.36712618956492465,0.1369355466693299,0.23019064289559477,0.6160699651094227,0.3143926007361606,0.3980745855358947,0.3418552131720044,0.5775983021527779,129267985.31,111404335,0.2122840959014438,0.0
132,2630,녹사평(용산구청),6호선,Low Demand / Peripheral,Behavioral Hidden Demand,Stable Low-Intensity Area,M-S-H+V-T-,Low Priority,0.29655819003708495,0.067729928414498,0.22882826162258696,0.6150995107744491,0.2051205990329177,0.4588250360697268,0.1888581505011214,0.5177603135461603,71320654.14999999,55103627,0.1241426429037076,0.143024951209032
133,2540,행당,5호선,Low Demand / Peripheral,Behavioral Hidden Demand,Dynamic Behavioral Area,M-S-H+V-T+,Low Priority,0.317621000222977,0.0902365453564101,0.22738445486656692,0.6140710552656983,0.2408657558939668,0.3787977672817155,0.2884059129327359,0.5685078566371585,99189997.65,73413390,0.1773109447142884,0.0
134,231,신대방,2호선,Observed Core Demand,Behavioral Hidden Demand,Dynamic Behavioral Area,M+S+H+V-T+,Already Captured Core Demand,0.514805583471993,0.2892305844023706,0.22557499906962242,0.6127821398520189,0.5078685161062717,0.5203846429908221,0.5402579013237566,0.4811701021171395,195200972.85,235300612,0.2390199519244265,0.140723235027668
135,321,충무로,3호선,Low Demand / Peripheral,Visually Dense but Transit-Captured,Stable Dense Urban Area,M-S-H-V+T-,Low Priority,0.22440810073071743,3.449174472591842e-06,0.22440465155624484,0.6119484754144012,0.0783589121986982,0.3375653871326712,0.1264005569474615,0.7947513206864316,38409781.61,6240,0.1025047061667961,0.0
136,2511,방화,5호선,Hidden Transit Demand,Behavioral Hidden Demand,Stable Low-Intensity Area,M+S-H+V-T-,High Priority Hidden Demand,0.2971738561544814,0.0737518354884595,0.2234220206660219,0.611248525682275,0.2610033710525331,0.4154944545976213,0.1916336253978948,0.3752200045185722,73761149.69,60002617,0.124747526364131,0.0859055415571844
137,2547,광나루(장신대),5호선,Observed Core Demand,Behavioral Hidden Demand,Dynamic Behavioral Area,M+S+H+V-T+,Already Captured Core Demand,0.3848039502104711,0.1631329917217342,0.22167095848873689,0.6100012053363317,0.3850398617123148,0.4693807383349487,0.3345440834077658,0.2728201117463909,125636623.54,132716690,0.1762262461033857,0.119278985838304
138,2549,강동,5호선,Observed Core Demand,Morphology-Supported Hidden Demand,Dynamic Dense Urban Area,M+S+H+V+T+,Morphology-Supported Hidden Demand,0.44231498038047523,0.2215316555356361,0.22078332484483912,0.6093689242453805,0.3814349284041981,0.3988698595254242,0.4476987345280127,0.8141205081162752,160954161.87,180225638,0.2137269293143177,0.0
139,2723,면목,7호선,Observed Core Demand,Behavioral Hidden Demand,Dynamic Behavioral Area,M+S+H+V-T+,Already Captured Core Demand,0.3988032510262103,0.1782765197200705,0.22052673130613978,0.6091861469884623,0.3541701872908457,0.4424493887526747,0.358873995098834,0.5703952053739424,127345932.81,145036374,0.165724084706675,0.0916210209666295
140,2613,불광,6호선,Low Demand / Peripheral,Visually Dense but Transit-Captured,Stable Dense Urban Area,M-S-H-V+T-,Low Priority,0.2780348971650326,0.0579347043664189,0.2201001927986137,0.6088823141687789,0.1659160438193088,0.3603964036419153,0.2179113312179056,0.6969131029228368,74999090.47,47134938,0.1439260954026011,0.0
141,244,용답,2호선,Low Demand / Peripheral,Visually Dense but Transit-Captured,Stable Dense Urban Area,M-S-H-V+T-,Low Priority,0.2529364180207956,0.0332033453053982,0.21973307271539738,0.6086208064078666,0.1504019882654839,0.3424370000670971,0.1516153135945694,0.6932321056563964,53846425.11,27015285,0.1112206428459865,8.827976955367464e-05
142,4105,마곡나루,9호선,Low Demand / Peripheral,Visually Dense but Transit-Captured,Stable Dense Urban Area,M-S-H-V+T-,Low Priority,0.2711746046700713,0.0525012208030991,0.21867338386697222,0.6078659665865537,0.1776335290072232,0.3467889711592889,0.1816302377900564,0.6821622626898738,63558328.78,42714647,0.1182939490433007,0.0006811922344569
143,246,신설동,2호선,Low Demand / Peripheral,Visually Dense but Transit-Captured,Stable Dense Urban Area,M-S-H-V+T-,Low Priority,0.2574459285590048,0.0396013525272689,0.21784457603173588,0.6072755884211305,0.1201877655867395,0.3353427600462441,0.1570472551108757,0.8811629301123585,51507735.63,32220243,0.0984722837980562,0.0
144,328,잠원,3호선,Low Demand / Peripheral,Low Visual / Low Hidden,Stable Low-Intensity Area,M-S-H-V-T-,Low Priority,0.28145710545436836,0.0636532881363147,0.21780381731805365,0.6072465550872433,0.2088611775053848,0.3585543599825478,0.2102999385281335,0.5577099787568156,75874352.13,51787166,0.1405841501426032,0.0
145,2632,한강진,6호선,Hidden Transit Demand,Behavioral Hidden Demand,Dynamic Behavioral Area,M+S-H+V-T+,High Priority Hidden Demand,0.3268443050936181,0.1090919431504211,0.21775236194319703,0.6072099022848475,0.3166665830450968,0.3995515678087392,0.3066592558719955,0.2312459959674062,115464183.94,88752784,0.2026455984462016,0.0088818938046876
146,2532,충정로(경기대입구),5호선,Low Demand / Peripheral,Low Visual / Low Hidden,Stable Low-Intensity Area,M-S-H-V-T-,Low Priority,0.2661433188844601,0.0486113804882365,0.2175319383962236,0.6070528897136027,0.154255517479636,0.354669301751043,0.2179333801345498,0.6447433455395313,67738958.29,39550153,0.1335356462292634,0.0
147,317,경복궁(정부서울청사),3호선,Observed Core Demand,Behavioral Hidden Demand,Dynamic Behavioral Area,M+S+H+V-T+,Already Captured Core Demand,0.47046820260889227,0.2537285228795881,0.2167396797293042,0.6064885463297314,0.5004034158868548,0.5136854733375746,0.4632673989060351,0.2421181734420694,175745775.44,206418691,0.2216944151467518,0.1444521099095615
148,4115,여의도,9호선,Transit-Dominant / Transfer-Oriented,Visually Dense but Transit-Captured,Dynamic Dense Urban Area,M-S+H-V+T+,Transit-Dominant Demand,0.3423480107746679,0.1267776245935393,0.21557038618112861,0.605655632654855,0.2231870737104701,0.3633858500027208,0.3197574307968897,0.8711587894489827,102349764.59,103140581,0.1493497269461354,0.0
149,2514,송정,5호선,Low Demand / Peripheral,Morphology-Supported Hidden Demand,Stable Dense Urban Area,M-S-H+V+T-,Morphology-Supported Hidden Demand,0.30017550891007083,0.0854317850845888,0.214743723825482,0.6050667827620305,0.2043655355759643,0.4131487979713168,0.1754564817427354,0.6983252205951063,60632369.51,69504583,0.0774183920844502,0.1169633723259053
150,2531,애오개,5호선,Low Demand / Peripheral,Low Visual / Low Hidden,Stable Low-Intensity Area,M-S-H-V-T-,Low Priority,0.28860939984664885,0.0752804429913184,0.21332895685533043,0.6040590129355047,0.2017712450186604,0.3593420822938631,0.2418382065146491,0.5960917771185607,80682684.52,61246182,0.1420132828513244,0.0
151,4135,한성백제,9호선(연장),Low Demand / Peripheral,Low Visual / Low Hidden,Stable Low-Intensity Area,M-S-H-V-T-,Low Priority,0.23437352133995926,0.0214787678659324,0.21289475347402687,0.6037497202565794,0.1252443318638528,0.3410483071781593,0.1347562645423213,0.6580024229822138,48645764.98,17477013,0.1088236270445825,0.0
152,2822,산성,8호선,Low Demand / Peripheral,Behavioral Hidden Demand,Stable Low-Intensity Area,M-S-H+V-T-,Low Priority,0.27333260681461935,0.0617973126744155,0.21153529414020383,0.6027813472835597,0.2509715388345608,0.4089340612913167,0.181671049594825,0.2182768909727277,65223843.54,50277278,0.1135203065129269,0.0854188117046988
153,2621,마포구청,6호선,Observed Core Demand,Behavioral Hidden Demand,Dynamic Behavioral Area,M+S+H+V-T+,Already Captured Core Demand,0.36758350846986226,0.1561008637297088,0.21148264474015346,0.6027438439505904,0.3222350549247425,0.3822999819142249,0.3288273911839691,0.6123726003837809,119860594.55,126995857,0.1675744551494806,0.0116018749549912
154,4708,솔샘,우이신설선,Low Demand / Peripheral,Behavioral Hidden Demand,Stable Low-Intensity Area,M-S-H+V-T-,Low Priority,0.24477718779908023,0.0346776842395505,0.21009950355952972,0.6017586018739335,0.2304934472327543,0.3795086385695593,0.2014207560445457,0.0589382569304183,76139489.93,28214701,0.1702796949835527,0.0059997626779478
155,2524,영등포구청,5호선,Low Demand / Peripheral,Visually Dense but Transit-Captured,Stable Dense Urban Area,M-S-H-V+T-,Low Priority,0.2568299497168085,0.047696091767079,0.2091338579497295,0.6010707511329952,0.1251595600998699,0.3344264428502866,0.1722632919340087,0.8244887857249367,53876605.5,38805540,0.0968098465946208,0.0
156,4116,샛강,9호선,Low Demand / Peripheral,Visually Dense but Transit-Captured,Stable Dense Urban Area,M-S-H-V+T-,Low Priority,0.24054956320023263,0.0321916112249054,0.20835795197532722,0.6005180561339454,0.0870292708979069,0.3261249848849321,0.1417038463665553,0.9151437580163044,42620037.69,26192211,0.0817488473846907,0.0
157,334,도곡,3호선,Low Demand / Peripheral,Visually Dense but Transit-Captured,Stable Dense Urban Area,M-S-H-V+T-,Low Priority,0.27263736508089337,0.0646446418487549,0.20799272323213847,0.6002578956163965,0.1467071317348214,0.3483960677089636,0.2057981683116864,0.7836050521064558,69452178.71000001,52593660,0.1221543715970513,0.0
158,4123,고속터미널,9호선,Transit-Dominant / Transfer-Oriented,Visually Dense but Transit-Captured,Stable Dense Urban Area,M-S+H-V+T-,Transit-Dominant Demand,0.33012150128311224,0.1222620160176245,0.20785948526548775,0.6001629872637343,0.2383512510429457,0.3635563074392049,0.2709742057323086,0.7777952030752372,100800660.32,99467007,0.149658980974395,0.0
159,2717,하계,7호선,Observed Core Demand,Behavioral Hidden Demand,Dynamic Behavioral Area,M+S+H+V-T+,Already Captured Core Demand,0.4148478080179961,0.2091901589466748,0.20565764907132128,0.5985945706083782,0.4452649456353905,0.4360326183795468,0.4377482457877066,0.1792077872964231,164332297.23,170185485,0.2352412332535103,0.0331020448913126
160,337,대청,3호선,Low Demand / Peripheral,Morphology-Supported Hidden Demand,Stable Dense Urban Area,M-S-H+V+T-,Morphology-Supported Hidden Demand,0.3154357243865104,0.1104315688351165,0.2050041555513939,0.5981290727100619,0.2160788440338016,0.3874511725429202,0.2199591147854461,0.7734562847848039,78071040.63,89842607,0.0997706394342403,0.0672298863656122
161,2733,학동,7호선,Observed Core Demand,Morphology-Supported Hidden Demand,Dynamic Dense Urban Area,M+S+H+V+T+,Morphology-Supported Hidden Demand,0.4383850903360318,0.2339884610019143,0.20439662933411748,0.5976963183388392,0.3745533365563201,0.3847900665808916,0.4447353681918868,0.8469149860208749,156134300.39,190359598,0.1881825308124421,0.0
162,2638,창신,6호선,Low Demand / Peripheral,Low Visual / Low Hidden,Stable Low-Intensity Area,M-S-H-V-T-,Low Priority,0.24278970447206544,0.0384441225321468,0.20434558193991864,0.5976599561500959,0.1544939185538845,0.3461449523901161,0.1762318291314575,0.5148483719899685,58299042.65,31278804,0.1180702641812071,0.0
163,2633,버티고개,6호선,Low Demand / Peripheral,Low Visual / Low Hidden,Stable Low-Intensity Area,M-S-H-V-T-,Low Priority,0.22796603139869812,0.0265143167531332,0.2014517146455649,0.5955985904250344,0.1658661526101578,0.3506062811987999,0.1660941725829383,0.3245585790783944,56855946.89,21573573,0.1260815652279487,5.963545038762435e-05
164,326,압구정,3호선,Observed Core Demand,Morphology-Supported Hidden Demand,Dynamic Dense Urban Area,M+S+H+V+T+,Morphology-Supported Hidden Demand,0.554281451711483,0.3532800936904941,0.2010013580209889,0.595277791433399,0.5623125374842092,0.4264360930799921,0.6066786453380616,0.7329605750597846,227892489.42,287406681,0.2637392311917464,0.0
165,2647,화랑대(서울여대입구),6호선,Observed Core Demand,Behavioral Hidden Demand,Dynamic Behavioral Area,M+S+H+V-T+,Already Captured Core Demand,0.32822718574678944,0.1278782923066383,0.20034889344015114,0.5948130264711702,0.2981197986099014,0.3903495754965154,0.2967782787669346,0.3713022674481805,106649946.97,104036005,0.1599255435473296,0.0276472091526629
166,4713,신설동,우이신설선,Low Demand / Peripheral,Visually Dense but Transit-Captured,Stable Dense Urban Area,M-S-H-V+T-,Low Priority,0.21168953971427726,0.0115337284452424,0.20015581126903487,0.5946754897671078,0.0762954480693526,0.321914737205729,0.1078901210718475,0.7529987956726683,32199133.09,9386445,0.0741103654174597,0.0
167,4113,당산,9호선,Low Demand / Peripheral,Visually Dense but Transit-Captured,Dynamic Dense Urban Area,M-S-H-V+T+,Low Priority,0.3139577882969113,0.113953742639296,0.2000040456576153,0.5945673837629957,0.2212511351913814,0.3554610484525964,0.2745653117827526,0.7061645299109004,92332063.1,92707994,0.1349720802263187,0.0
168,2741,상도,7호선,Observed Core Demand,Low Visual / Low Hidden,Dynamic Behavioral Area,M+S+H-V-T+,Already Captured Core Demand,0.3277423927096814,0.1285009924495567,0.1992414002601247,0.5940241345663824,0.2831554189074791,0.3719426460581336,0.3026390571508023,0.4680898125662198,108277828.38,104542589,0.1637231051676797,0.0008298266722219
169,417,길음,4호선,Observed Core Demand,Behavioral Hidden Demand,Dynamic Behavioral Area,M+S+H+V-T+,Already Captured Core Demand,0.45346764123024635,0.2555356936289926,0.19793194760125377,0.5930913824547518,0.4496865895488457,0.4068907340862226,0.4871131796882035,0.519633564740694,178836222.14,207888875,0.2282788774091335,0.0
170,2827,모란,8호선,Low Demand / Peripheral,Visually Dense but Transit-Captured,Stable Dense Urban Area,M-S-H-V+T-,Low Priority,0.2513836218056832,0.0586399978561524,0.1927436239495308,0.5893956246820804,0.1288597399025168,0.3280343049100251,0.1604384389862838,0.7930047482478758,53636086.98,47708714,0.0852128494322155,0.0
171,4706,삼양,우이신설선,Low Demand / Peripheral,Low Visual / Low Hidden,Stable Low-Intensity Area,M-S-H-V-T-,Low Priority,0.20516732698909806,0.012521946432779,0.19264538055631908,0.5893256437386295,0.1173286323184865,0.3400467144862349,0.132971072299922,0.4076354936423599,44677957.81,10190388,0.1070064779600843,0.0
172,221,역삼,2호선,Observed Core Demand,Morphology-Supported Hidden Demand,Dynamic Dense Urban Area,M+S+H+V+T+,Morphology-Supported Hidden Demand,0.7129413474067706,0.5206215822465419,0.19231976516022875,0.5890937006849993,0.7380581461834552,0.4743271330760052,0.921787078225768,0.7787598271006075,321518950.32,423543667,0.3506260068103084,0.0
173,2620,월드컵경기장(성산),6호선,Low Demand / Peripheral,Low Visual / Low Hidden,Stable Low-Intensity Area,M-S-H-V-T-,Low Priority,0.26622261409785414,0.0748094487521368,0.19141316534571734,0.5884479095709331,0.1935175264326455,0.3656298487153368,0.1565184453922762,0.564285759458742,60324109.02,60863015,0.087203694435985,0.0477454413631719
174,2628,효창공원앞,6호선,Low Demand / Peripheral,Low Visual / Low Hidden,Stable Low-Intensity Area,M-S-H-V-T-,Low Priority,0.271882203340524,0.0807232353922295,0.19115896794829448,0.588266839138481,0.1733356234213286,0.3450706798963084,0.2128301100102998,0.6504748082478904,73151698.37,65674046,0.116121255073649,0.0
175,207,상왕십리,2호선,Observed Core Demand,Visually Dense but Transit-Captured,Dynamic Dense Urban Area,M+S+H-V+T+,Already Captured Core Demand,0.3482693013495734,0.1578300605184949,0.1904392408310785,0.5877541615828373,0.2599934744464063,0.3550976902303456,0.3098169609869713,0.8053442309370991,108247930.54,128402607,0.1343128541095234,0.0
176,318,안국,3호선,Observed Core Demand,Behavioral Hidden Demand,Dynamic Behavioral Area,M+S+H+V-T+,Already Captured Core Demand,0.4471293110473944,0.2576360122490044,0.18949329879839,0.587080346135984,0.4795453846460782,0.4614107184994009,0.4746348705637608,0.2105423421905686,183576844.96,209597543,0.2390509914224815,0.0635536211690649
177,2631,이태원,6호선,Observed Core Demand,Behavioral Hidden Demand,Dynamic Behavioral Area,M+S+H+V-T+,Already Captured Core Demand,0.35029702715601413,0.1615311980467711,0.18876582910924303,0.5865621533749841,0.3115628877950873,0.3755109098003364,0.324620820135289,0.5129183617108297,123250074.33,131413586,0.1713477322115209,0.0
178,4103,공항시장,9호선,Low Demand / Peripheral,Visually Dense but Transit-Captured,Stable Dense Urban Area,M-S-H-V+T-,Low Priority,0.2046368443405016,0.0160302288895903,0.1886066154509113,0.5864487419622054,0.0536716358295398,0.3032644683167502,0.0750834566017053,0.8965179981768008,21393908.14,13044474,0.0402739373858811,0.0
179,2811,암사,8호선,Observed Core Demand,Behavioral Hidden Demand,Dynamic Behavioral Area,M+S+H+V-T+,Already Captured Core Demand,0.39426257280049304,0.205940145413336,0.18832242738715704,0.5862463085143285,0.4124087454355155,0.4080908262012734,0.4007709260188147,0.2650174560042979,150583863.26,167541508,0.2011594874774215,0.0211241454504837
180,4712,보문,우이신설선,Low Demand / Peripheral,Visually Dense but Transit-Captured,Stable Dense Urban Area,M-S-H-V+T-,Low Priority,0.1945584374125806,0.0089842193839089,0.18557421802867172,0.5842886981608999,0.058417219547784,0.3105374444806763,0.0820185554190365,0.7423261641210145,23658465.26,7312348,0.0534690036881957,0.0
181,2751,천왕,7호선,Hidden Transit Demand,Low Visual / Low Hidden,Stable Low-Intensity Area,M+S-H-V-T-,High Priority Hidden Demand,0.29159870075360067,0.1070766885973562,0.18452201215624447,0.5835391886290144,0.2968067137852933,0.3669519776618125,0.2244455869114117,0.2140856775248321,81644003.02,87113318,0.1128273498772569,0.030999248767604
182,412,창동,4호선,Observed Core Demand,Morphology-Supported Hidden Demand,Dynamic Dense Urban Area,M+S+H+V+T+,Morphology-Supported Hidden Demand,0.45957041735663107,0.2777878485231775,0.18178256883345356,0.5815878225168338,0.4356053870743993,0.388803289195414,0.4744745412834264,0.7145226261761259,174946050.07,225991626,0.1954635581788218,0.0
183,2737,내방,7호선,Observed Core Demand,Low Visual / Low Hidden,Dynamic Behavioral Area,M+S+H-V-T+,Already Captured Core Demand,0.3364605821277431,0.156373183798369,0.1800873983293741,0.580380315046791,0.2791898081097231,0.352667581978699,0.3075132509190948,0.6115562279987403,106087718.5,127217397,0.1299040070599037,0.0
184,242,아현,2호선,Low Demand / Peripheral,Low Visual / Low Hidden,Stable Low-Intensity Area,M-S-H-V-T-,Low Priority,0.2995865235773755,0.119894989920058,0.1796915336573175,0.5800983318790306,0.2227302638462807,0.3495988425926247,0.2632675371958898,0.5930468675921502,90603253.94,97541365,0.1243365173897717,0.0
185,4133,석촌,9호선(연장),Low Demand / Peripheral,Visually Dense but Transit-Captured,Stable Dense Urban Area,M-S-H-V+T-,Low Priority,0.24006603129099002,0.0611762400108278,0.17888979128016222,0.5795272330384509,0.1109155302098525,0.3192985609940839,0.1513640639138216,0.800565896652711,48733336.83,49772018,0.0693639427985573,0.0
186,2643,상월곡(한국과학기술연구원),6호선,Low Demand / Peripheral,Behavioral Hidden Demand,Stable Low-Intensity Area,M-S-H+V-T-,Low Priority,0.24869215994107396,0.07008075715924,0.17861140278183396,0.5793289307493912,0.1723998050483021,0.392749982195153,0.1666450504697398,0.3959574202660182,58352517.63,57016092,0.0865788326431924,0.0836734229868052
187,2634,약수,6호선,Low Demand / Peripheral,Low Visual / Low Hidden,Stable Low-Intensity Area,M-S-H-V-T-,Low Priority,0.22195667565781216,0.0433505756778521,0.17860609997996005,0.579325153446247,0.1127705413572153,0.3329950025290335,0.1556553782691198,0.5683010576098293,51319833.89,35270341,0.094212842353025,0.0
188,2635,청구,6호선,Low Demand / Peripheral,Visually Dense but Transit-Captured,Stable Dense Urban Area,M-S-H-V+T-,Low Priority,0.222547067527266,0.0443074437916363,0.17823962373562968,0.5790641043060235,0.0848328462928987,0.3124325777220734,0.1200584444034423,0.8225245338425476,37933435.62,36048780,0.0569072672282286,0.0
189,2558,오금,5호선,Low Demand / Peripheral,Visually Dense but Transit-Captured,Stable Dense Urban Area,M-S-H-V+T-,Low Priority,0.22343989726311295,0.0452385217665717,0.17820137549654125,0.579036859238755,0.092079553444121,0.3171143821490756,0.1346516621777247,0.7579517024044465,41404479.54,36806238,0.0654012755181467,0.0
190,416,미아사거리,4호선,Observed Core Demand,Behavioral Hidden Demand,Dynamic Behavioral Area,M+S+H+V-T+,Already Captured Core Demand,0.5084473501871581,0.3313041849744723,0.17714316521268586,0.5782830726317109,0.5635129850619831,0.4396428134744231,0.5760546825319821,0.2974486703426354,215883702.2,269528664,0.2531071239640315,0.0249426838854721
191,152,종각,1호선,Observed Core Demand,Morphology-Supported Hidden Demand,Dynamic Dense Urban Area,M+S+H+V+T+,Morphology-Supported Hidden Demand,0.43422255316870684,0.2576051663529903,0.17661738681571654,0.577908549042255,0.3463041975892846,0.3792966531967408,0.4628392216258405,0.909936566291754,161161367.39,209572449,0.1782160532390078,0.0
192,209,한양대,2호선,Low Demand / Peripheral,Visually Dense but Transit-Captured,Stable Dense Urban Area,M-S-H-V+T-,Low Priority,0.29342252431574134,0.1169157181446086,0.17650680617113274,0.5778297800015858,0.20809324711435,0.3384965269193718,0.2219901612751747,0.7075839912940592,82088040.33,95117644,0.1041940353967167,0.0
193,2724,사가정,7호선,Observed Core Demand,Behavioral Hidden Demand,Dynamic Behavioral Area,M+S+H+V-T+,Already Captured Core Demand,0.36159293386308755,0.1851559621248044,0.17643697173828315,0.5777800353893895,0.3737599186399918,0.4001836095263551,0.3239321490850118,0.2856863827650014,119710464.12,150632993,0.1381117006467868,0.0562403926798842
194,424,명동,4호선,Observed Core Demand,Behavioral Hidden Demand,Dynamic Behavioral Area,M+S+H+V-T+,Already Captured Core Demand,0.5064975804309245,0.3306774075287295,0.17582017290219504,0.5773406759265521,0.5049797337836417,0.4628255024002959,0.5903910686715195,0.4547211089390785,223023993.25,269018763,0.273122264292377,0.0408375440564845
195,411,노원,4호선,Observed Core Demand,Behavioral Hidden Demand,Dynamic Behavioral Area,M+S+H+V-T+,Already Captured Core Demand,0.44178225454579817,0.2678027772902817,0.1739794772555165,0.5760295076764612,0.3905035956621521,0.44444810554948,0.4368949397287963,0.6756462216470043,165253309.7,217868491,0.1791294827124508,0.0845697963046606
196,2743,신대방삼거리,7호선,Observed Core Demand,Behavioral Hidden Demand,Dynamic Behavioral Area,M+S+H+V-T+,Already Captured Core Demand,0.3483467591708146,0.1751274676782881,0.1732192914925265,0.575488010531943,0.2861528497199324,0.4226802788899458,0.3247871031904644,0.4895048643626565,112795367.11,142474532,0.129363312013967,0.0919775597687666
197,2533,서대문,5호선,Observed Core Demand,Low Visual / Low Hidden,Dynamic Behavioral Area,M+S+H-V-T+,Already Captured Core Demand,0.36554867496427745,0.1949630788182942,0.17058559614598326,0.573611971043812,0.3102424049818031,0.3654967972493289,0.3823398694750145,0.580974195151309,128871339.53,158611357,0.1531795331013981,0.0
198,2727,군자(능동),7호선,Transit-Dominant / Transfer-Oriented,Visually Dense but Transit-Captured,Stable Dense Urban Area,M-S+H-V+T-,Transit-Dominant Demand,0.3159028954607477,0.147180481116251,0.16872241434449667,0.572284785407955,0.2230169032315641,0.334766495672585,0.2604078335761448,0.7977209837316862,90741639.41,119738876,0.0974267906674988,0.0
199,2760,굴포천,7호선,Low Demand / Peripheral,Visually Dense but Transit-Captured,Stable Dense Urban Area,M-S-H-V+T-,Low Priority,0.21873805711367963,0.0509924638770606,0.16774559323661903,0.5715889741123837,0.0822096693610665,0.2972611575810377,0.1008333359323429,0.8726174931947169,30258586.39,41487231,0.0293823736840742,0.0
200,2541,왕십리(성동구청),5호선,Low Demand / Peripheral,Visually Dense but Transit-Captured,Stable Dense Urban Area,M-S-H-V+T-,Low Priority,0.23365176950378214,0.0674840438220345,0.16616772568174765,0.5704650241293819,0.0904219146267626,0.3091345543669855,0.1302816262810857,0.8962194407377544,44265272.46,54903593,0.0509237969326962,0.0
201,2761,부평구청,7호선,Low Demand / Peripheral,Visually Dense but Transit-Captured,Stable Dense Urban Area,M-S-H-V+T-,Low Priority,0.23204080540362396,0.0672963268650728,0.16474447853855118,0.5694512136879007,0.1098631787811513,0.3079362328259238,0.1329627635474023,0.7902576403614444,43395481.66,54750880,0.0487497306592182,0.0
202,331,남부터미널(예술의전당),3호선,Observed Core Demand,Behavioral Hidden Demand,Dynamic Behavioral Area,M+S+H+V-T+,Already Captured Core Demand,0.5041342644727421,0.3397313085956401,0.16440295587710202,0.5692079395370727,0.5424301249725723,0.4175361146469276,0.5761306895134451,0.4043054167066372,209156551.59,276384365,0.2264134568253413,0.015270891376432
203,4136,올림픽공원(한국체대),9호선(연장),Low Demand / Peripheral,Visually Dense but Transit-Captured,Stable Dense Urban Area,M-S-H-V+T-,Low Priority,0.22479989188104765,0.0606086406144913,0.16419125126655634,0.5690571376572257,0.1167796869949922,0.3149781296944529,0.1235424228745494,0.6879601573477805,45637605.34,49310260,0.0615255591481355,0.0
204,322,동대입구,3호선,Low Demand / Peripheral,Visually Dense but Transit-Captured,Stable Dense Urban Area,M-S-H-V+T-,Low Priority,0.27564393317395086,0.1121605124058195,0.16348342076813135,0.5685529343264601,0.1843319022481357,0.3302774813764547,0.2067741207171915,0.687703826747378,74845248.71,91249151,0.0892825537094193,0.0
205,2636,신당,6호선,Low Demand / Peripheral,Visually Dense but Transit-Captured,Stable Dense Urban Area,M-S-H-V+T-,Low Priority,0.2607028631097378,0.0975301038103056,0.1631727592994322,0.5683316432862928,0.12353158995405,0.3135806804329342,0.1629828116966557,0.941219151828506,58301230.44,79346904,0.0589902235105297,0.0
206,2711,장암,7호선,Low Demand / Peripheral,Low Visual / Low Hidden,Stable Low-Intensity Area,M-S-H-V-T-,Low Priority,0.18373735633476823,0.0209203986374915,0.16281695769727672,0.5680781979299573,0.1815484305615816,0.3174506490598483,0.0673379673074248,0.0921030685560948,29919684.220000003,17022764,0.0585342021703164,0.0053913426630409
207,327,신사,3호선,Observed Core Demand,Morphology-Supported Hidden Demand,Dynamic Dense Urban Area,M+S+H+V+T+,Morphology-Supported Hidden Demand,0.49228490066987574,0.330885748238115,0.16139915243176073,0.5670682638583955,0.4726647891267664,0.4007862173452654,0.5497420712973549,0.6944077696704352,202507190.72,269188254,0.2172036997480206,0.0
208,316,독립문,3호선,Low Demand / Peripheral,Low Visual / Low Hidden,Stable Low-Intensity Area,M-S-H-V-T-,Low Priority,0.24822230540445894,0.0870805544016206,0.16114175100283834,0.56688491112339,0.2394797435382299,0.3470857198511141,0.2120291711989916,0.1127915660967866,76282015.39,70845903,0.1182638308019306,0.0010911030545597
209,2735,반포,7호선,Low Demand / Peripheral,Visually Dense but Transit-Captured,Stable Dense Urban Area,M-S-H-V+T-,Low Priority,0.23098715387867108,0.0701412099035603,0.16084594397511076,0.566674201230307,0.0867893569767584,0.2995962060000315,0.1205896172404017,0.929149682910416,38870795.4,57065272,0.0336187575265733,0.0
210,2520,신정(은행정),5호선,Transit-Dominant / Transfer-Oriented,Visually Dense but Transit-Captured,Stable Dense Urban Area,M-S+H-V+T-,Transit-Dominant Demand,0.3063126683230508,0.1476178280807218,0.15869484024232902,0.5651419224300801,0.2085811057006401,0.3219539208493851,0.2389309298935616,0.8417650456670417,82341978.2,120094670,0.0741814547163045,0.0
211,2818,가락시장,8호선,Low Demand / Peripheral,Visually Dense but Transit-Captured,Stable Dense Urban Area,M-S-H-V+T-,Low Priority,0.25049581398858156,0.0924543067692358,0.15804150721934576,0.5646765388572894,0.1186985205417713,0.3101801507748261,0.1588100653543913,0.8777442898019969,54159865.35,75217601,0.0528207801780628,0.0
212,2816,석촌,8호선,Low Demand / Peripheral,Visually Dense but Transit-Captured,Stable Dense Urban Area,M-S-H-V+T-,Low Priority,0.25645768392017965,0.0987184304610969,0.15773925345908274,0.5644612368139328,0.1319734013233915,0.3162488960793017,0.1760758499228427,0.8279225932025954,60521633.16,80313641,0.0638310591697086,0.0
213,229,봉천,2호선,Observed Core Demand,Low Visual / Low Hidden,Dynamic Behavioral Area,M+S+H-V-T+,Already Captured Core Demand,0.41806454908365676,0.2623304603984022,0.15573408868525457,0.5630329135643025,0.4011295351825056,0.3716675034585432,0.440710899315039,0.5649720252388561,157804166.3,213416608,0.1643747956359496,0.0
214,2526,신길,5호선,Low Demand / Peripheral,Visually Dense but Transit-Captured,Stable Dense Urban Area,M-S-H-V+T-,Low Priority,0.20283852078357179,0.0473699333546107,0.15546858742896108,0.5628437911429836,0.0770211955708017,0.2992128161845055,0.1004399729735746,0.7328778413586972,30228492.51,38540201,0.0329231889008174,0.0
215,2512,개화산,5호선,Low Demand / Peripheral,Low Visual / Low Hidden,Stable Low-Intensity Area,M-S-H-V-T-,Low Priority,0.21391087274438436,0.0593591310662661,0.15455174167811825,0.5621907016216903,0.1199076847247842,0.3159065710772759,0.1278505302563579,0.554056657976409,45797777.940000005,48293749,0.063209992773111,0.0
216,432,총신대입구(이수),4호선,Observed Core Demand,Low Visual / Low Hidden,Dynamic Behavioral Area,M+S+H-V-T+,Already Captured Core Demand,0.3682080492179123,0.2148628610749582,0.1533451881429541,0.5613312468333895,0.3151732481676416,0.3556666602439269,0.3641409214247053,0.6463523819655079,129631965.36,174800387,0.1353451133778091,0.0
217,324,금호,3호선,Low Demand / Peripheral,Low Visual / Low Hidden,Stable Low-Intensity Area,M-S-H-V-T-,Low Priority,0.24345461655720044,0.094675267826093,0.14877934873110743,0.5580788983625115,0.1616925980942778,0.3225851653338346,0.1873822072007679,0.5257021464116317,63266209.14,77024415,0.0753266960367139,0.0
218,2548,천호(풍납토성),5호선,Observed Core Demand,Visually Dense but Transit-Captured,Dynamic Dense Urban Area,M+S+H-V+T+,Already Captured Core Demand,0.3967447534736195,0.2483591956823583,0.14838555779126117,0.5577983923601033,0.3438917615406876,0.3588048585460903,0.3833073050399724,0.7563078513579299,144064688.28,202050593,0.1410386195482601,0.0
219,2542,마장,5호선,Low Demand / Peripheral,Visually Dense but Transit-Captured,Stable Dense Urban Area,M-S-H-V+T-,Low Priority,0.21687741584727768,0.0694541616371685,0.14742325421010918,0.5571129222201419,0.100142987297891,0.3021987774553457,0.1275767258327113,0.7074803203284804,40356680.2,56506339,0.0383404975866761,0.0
220,157,제기동,1호선,Transit-Dominant / Transfer-Oriented,Visually Dense but Transit-Captured,Stable Dense Urban Area,M-S+H-V+T-,Transit-Dominant Demand,0.30144410662769416,0.15570044358289,0.14574366304480416,0.5559165122579327,0.1951213882095801,0.3150150734082996,0.2300609010490572,0.8887353337149678,80682427.6,126670104,0.0615925846329816,0.0
221,431,동작(현충원),4호선,Low Demand / Peripheral,Low Visual / Low Hidden,Stable Low-Intensity Area,M-S-H-V-T-,Low Priority,0.16808405177899205,0.0227253985949791,0.14535865318401295,0.5556422612124912,0.0465851277764559,0.287902333381023,0.0446165515715279,0.6622185062002556,13595370.63,18491182,0.0124030377083271,0.0
222,2720,먹골,7호선,Low Demand / Peripheral,Low Visual / Low Hidden,Stable Low-Intensity Area,M-S-H-V-T-,Low Priority,0.2639803865895044,0.1187238612022838,0.14525652538722061,0.5555695133223947,0.2027049389688917,0.3275892180093969,0.2148998145771997,0.4788589663571398,75466216.05,96588619,0.0844053462819632,0.0
223,158,청량리(서울시립대입구),1호선,Transit-Dominant / Transfer-Oriented,Visually Dense but Transit-Captured,Stable Dense Urban Area,M-S+H-V+T-,Transit-Dominant Demand,0.3294328089396503,0.1844299871095893,0.14500282183006102,0.5553887946632925,0.2358535420087209,0.3280828488218245,0.2678742606833887,0.877031506935921,99994100.51,150042392,0.085300920686724,0.0
224,2648,봉화산(서울의료원),6호선,Low Demand / Peripheral,Behavioral Hidden Demand,Stable Low-Intensity Area,M-S-H+V-T-,Low Priority,0.2497152935169198,0.1048431760363866,0.1448721174805332,0.5552956910621845,0.1978689299319074,0.3958862786248069,0.171204214692376,0.2746186245288452,60296004.89,85296293,0.0570936547063287,0.1090362642101079
225,434,남태령,4호선,Low Demand / Peripheral,Low Visual / Low Hidden,Stable Low-Intensity Area,M-S-H-V-T-,Low Priority,0.15704025049138773,0.0153418960945729,0.14169835439681483,0.5530349493712966,0.1470369121461475,0.3156490256725267,0.0337183101241565,0.0521772158265839,14628581.6,12484496,0.0225920657931065,0.0289503447142134
226,409,불암산,4호선,Observed Core Demand,Behavioral Hidden Demand,Stable Low-Intensity Area,M+S+H+V-T-,Already Captured Core Demand,0.27071090706930717,0.1299729897310467,0.14073791733826047,0.552350808796694,0.2952875639159965,0.4264935467328929,0.1371756044168415,0.037729957405172,54991395.7,105740100,0.017559990075353,0.1775808738020446
227,2625,광흥창(서강),6호선,Low Demand / Peripheral,Visually Dense but Transit-Captured,Stable Dense Urban Area,M-S-H-V+T-,Low Priority,0.2473819082488956,0.1072320428082329,0.1401498654406627,0.5519319264144126,0.1476669249407941,0.3050417419270162,0.1604066654812179,0.7259002344754063,56168938.31,87239703,0.0434983729671679,0.0
228,2530,공덕,5호선,Transit-Dominant / Transfer-Oriented,Visually Dense but Transit-Captured,Stable Dense Urban Area,M-S+H-V+T-,Transit-Dominant Demand,0.2938646172296133,0.1540032100456402,0.13986140718397314,0.5517264512135935,0.1997805084990122,0.3240645679681985,0.2579279173599374,0.7136166294102071,86103798.05,125289357,0.0780107163618559,0.0
229,2536,을지로4가,5호선,Low Demand / Peripheral,Visually Dense but Transit-Captured,Stable Dense Urban Area,M-S-H-V+T-,Low Priority,0.21003005618951193,0.0713962521439812,0.13863380404553072,0.5508520023269772,0.0500357303079746,0.2776346610922511,0.0905265613893029,1.0,24659385.29,58086284,-0.0062251845719516,0.0
230,2731,청담,7호선,Observed Core Demand,Low Visual / Low Hidden,Dynamic Behavioral Area,M+S+H-V-T+,Already Captured Core Demand,0.3600765628541571,0.2233130705641836,0.13676349228997353,0.5495197378670251,0.3147435451701118,0.3376043250549559,0.3317368999847165,0.6769350626692457,120675629.21,181674869,0.1025753496633014,0.0
231,159,동묘앞,1호선,Low Demand / Peripheral,Visually Dense but Transit-Captured,Stable Dense Urban Area,M-S-H-V+T-,Low Priority,0.2256431071045333,0.0889063588059895,0.13673674829854382,0.5495006875299926,0.1073060906416835,0.3066373819205656,0.1449718797402555,0.7170164488758324,50486135.0,72331246,0.0463932780287216,0.0
232,330,교대(법원.검찰청),3호선,Transit-Dominant / Transfer-Oriented,Visually Dense but Transit-Captured,Stable Dense Urban Area,M-S+H-V+T-,Transit-Dominant Demand,0.2683109897932433,0.1323523202607125,0.1359586695325308,0.5489464448033871,0.1429893992824664,0.3056187913173585,0.2012057171396626,0.8731991885886131,65805718.27,107675752,0.0445452903217224,0.0
233,340,가락시장,3호선,Low Demand / Peripheral,Visually Dense but Transit-Captured,Stable Dense Urban Area,M-S-H-V+T-,Low Priority,0.24286995727418018,0.1076097987073947,0.13526015856678547,0.5484488799820227,0.1204596794036278,0.2903666690922137,0.1401484367367464,0.8804174692214495,46502902.41,87547018,0.0168739822525438,0.0
234,4117,노량진,9호선,Transit-Dominant / Transfer-Oriented,Visually Dense but Transit-Captured,Stable Dense Urban Area,M-S+H-V+T-,Transit-Dominant Demand,0.2889408787928216,0.1561236644201195,0.1328172143727021,0.5467087167617719,0.1905532070458263,0.3139263952606497,0.2350794757387448,0.7769444165928837,80110889.5,127014406,0.0596174399306831,0.0
235,235,문래,2호선,Observed Core Demand,Visually Dense but Transit-Captured,Dynamic Dense Urban Area,M+S+H-V+T+,Already Captured Core Demand,0.35149418019882045,0.2187221972152975,0.13277198298352294,0.5466764974421325,0.2618534508670791,0.3181526964382975,0.321190751615905,0.8988380287587945,105988303.36,177940065,0.0672850471104252,0.0
236,2719,태릉입구,7호선,Low Demand / Peripheral,Visually Dense but Transit-Captured,Stable Dense Urban Area,M-S-H-V+T-,Low Priority,0.23530513266287478,0.102592094319773,0.13271303834310177,0.5466345098701118,0.1058910203011803,0.290427908046777,0.1364895455849966,0.8774928739865007,44695913.36,83464975,0.0169850856093449,0.0
237,430,이촌(국립중앙박물관),4호선,Low Demand / Peripheral,Visually Dense but Transit-Captured,Stable Dense Urban Area,M-S-H-V+T-,Low Priority,0.23045547421677462,0.0979161888635038,0.1325392853532708,0.5465107417697004,0.1259692630912336,0.2925385079168567,0.1215709129780554,0.7632049625089423,44384082.22,79660995,0.0208142615334312,0.0
238,4120,동작(현충원),9호선,Low Demand / Peripheral,Low Visual / Low Hidden,Stable Low-Intensity Area,M-S-H-V-T-,Low Priority,0.14153312712675667,0.0113824871843962,0.13015063994236048,0.5448092567745235,0.0418947400110841,0.2825460673362148,0.0108550381105844,0.4987296966559825,5839244.6,9263406,0.0026853810020348,0.0
239,2637,동묘앞,6호선,Low Demand / Peripheral,Visually Dense but Transit-Captured,Stable Dense Urban Area,M-S-H-V+T-,Low Priority,0.22338453132953867,0.0933305052561086,0.13005402607343008,0.5447404365772853,0.078513888445287,0.2834451466984763,0.1063928824576315,0.9591341836301416,36619547.42,75930413,0.0043165443014453,0.0
240,206,신당,2호선,Transit-Dominant / Transfer-Oriented,Visually Dense but Transit-Captured,Stable Dense Urban Area,M-S+H-V+T-,Transit-Dominant Demand,0.301822481103251,0.1718645019170741,0.1299579791861769,0.544672020253645,0.2078403062163235,0.3151329897517868,0.2499626561894284,0.7951856463007304,86714066.8,139820018,0.06180651548266,0.0
241,342,오금,3호선,Low Demand / Peripheral,Visually Dense but Transit-Captured,Stable Dense Urban Area,M-S-H-V+T-,Low Priority,0.19618907217619902,0.0664044866301018,0.12978458554609723,0.5445485081260153,0.0672412258570324,0.2804581079825112,0.0886094952353312,0.7809409449784038,24707519.08,54025343,-0.0011027191494971,0.0
242,2721,중화,7호선,Transit-Dominant / Transfer-Oriented,Low Visual / Low Hidden,Stable Low-Intensity Area,M-S+H-V-T-,Transit-Dominant Demand,0.25876000599977766,0.1301279960743625,0.12863200992541515,0.5437275030009181,0.1803111347649963,0.3087559170939622,0.1964736811861959,0.611362798447996,67082622.120000005,105866202,0.050236850652458,0.0
243,2538,청구,5호선,Low Demand / Peripheral,Visually Dense but Transit-Captured,Stable Dense Urban Area,M-S-H-V+T-,Low Priority,0.1719794002329711,0.0447131888934856,0.12726621133948549,0.5427546144383133,0.0237925919757662,0.273276854359559,0.0538028377784827,0.8219295269828999,11920952.76,36378865,-0.0141313769579177,0.0
244,2646,태릉입구,6호선,Low Demand / Peripheral,Visually Dense but Transit-Captured,Stable Dense Urban Area,M-S-H-V+T-,Low Priority,0.19632522799025615,0.0713880016596404,0.12493722633061574,0.5410956268680011,0.0596392888195826,0.2764722173284169,0.0772968219267456,0.849101293039906,23879659.64,58079572,-0.0083341592462511,0.0
245,217,잠실새내,2호선,Observed Core Demand,Visually Dense but Transit-Captured,Dynamic Dense Urban Area,M+S+H-V+T+,Already Captured Core Demand,0.4070720941071837,0.2830268716615539,0.12404522244562982,0.5404602327575941,0.3739318560052258,0.3450156183882614,0.3957918250704489,0.7339048929367693,147618715.86,230253718,0.1160213592080486,0.0
246,2639,보문,6호선,Low Demand / Peripheral,Visually Dense but Transit-Captured,Stable Dense Urban Area,M-S-H-V+T-,Low Priority,0.2127805652627982,0.0894639007734112,0.12331666448938701,0.5399412647998546,0.0968170981017474,0.2936280241171629,0.1320181317721775,0.6940223873328566,41999258.25,72784822,0.0227909266807463,0.0
247,2713,수락산,7호선,Observed Core Demand,Low Visual / Low Hidden,Stable Low-Intensity Area,M+S+H-V-T-,Already Captured Core Demand,0.27020819501923143,0.149856346001083,0.12035184901814844,0.5378293611180694,0.2716729854187218,0.3426631893541507,0.2360850982104654,0.1507253460017589,89803727.23,121915767,0.0922041694151022,0.014095858257174
248,155,동대문,1호선,Low Demand / Peripheral,Visually Dense but Transit-Captured,Stable Dense Urban Area,M-S-H-V+T-,Low Priority,0.23269241255508002,0.1130503367298372,0.11964207582524282,0.5373237739630269,0.11039134948792,0.2928683062675294,0.1429119867194044,0.812168313747528,50177997.96,91973048,0.0214126013334575,0.0
249,2736,고속터미널,7호선,Transit-Dominant / Transfer-Oriented,Visually Dense but Transit-Captured,Stable Dense Urban Area,M-S+H-V+T-,Transit-Dominant Demand,0.3102543382821519,0.1906558146394069,0.11959852364274498,0.5372927507794732,0.222572005495072,0.3152217966257258,0.2669138737867064,0.7790871189559672,93693814.26,155107277,0.0619676341998557,0.0
250,425,회현(남대문시장),4호선,Observed Core Demand,Low Visual / Low Hidden,Dynamic Behavioral Area,M+S+H-V-T+,Already Captured Core Demand,0.3987446517667797,0.2801979241533098,0.1185467276134699,0.5365435331879364,0.3698315252420367,0.3697519422918219,0.4393449216177892,0.5201349551134988,163083128.9,227952290,0.1608415434440969,4.17679011062928e-05
251,2556,올림픽공원(한국체대),5호선,Low Demand / Peripheral,Visually Dense but Transit-Captured,Stable Dense Urban Area,M-S-H-V+T-,Low Priority,0.18115799128403257,0.0629121212653238,0.11824587001870876,0.5363292256641686,0.0652155551358706,0.2785390782520033,0.0663211455986837,0.6891199279015322,18780625.0,51184206,-0.0137039236945604,0.0065756102366135
252,325,옥수,3호선,Low Demand / Peripheral,Low Visual / Low Hidden,Stable Low-Intensity Area,M-S-H-V-T-,Low Priority,0.21655980766314537,0.0998458643089575,0.11671394335418786,0.5352380003941942,0.1256837231537892,0.3012395444316717,0.1565848244612868,0.533752812437649,50908338.02,81230840,0.036600199933904,0.0
253,4127,선정릉,9호선(연장),Low Demand / Peripheral,Visually Dense but Transit-Captured,Stable Dense Urban Area,M-S-H-V+T-,Low Priority,0.19887886777805733,0.0824454723713706,0.11643339540668672,0.5350381598816927,0.0687047683299608,0.2792348214783485,0.0978005204298011,0.7859291257402763,29797708.33,67075134,-0.0033220783451474,0.0
254,2734,논현,7호선,Transit-Dominant / Transfer-Oriented,Visually Dense but Transit-Captured,Dynamic Dense Urban Area,M-S+H-V+T+,Transit-Dominant Demand,0.3263479313636812,0.212695782613613,0.11365214875006818,0.5330570163295743,0.2411305959073199,0.3186737806851586,0.2998548323044521,0.7819975157320715,104117075.17,173037408,0.0682304291701834,0.0
255,2534,광화문(세종문화회관),5호선,Observed Core Demand,Morphology-Supported Hidden Demand,Dynamic Dense Urban Area,M+S+H+V+T+,Morphology-Supported Hidden Demand,0.49091613255691136,0.3793205509066211,0.11159558165029027,0.5315920780654587,0.4433975927690078,0.3757719972173766,0.5950487484057614,0.7843446682536139,203631362.42,308591322,0.1718214125455266,0.0
256,2513,김포공항,5호선,Low Demand / Peripheral,Low Visual / Low Hidden,Stable Low-Intensity Area,M-S-H-V-T-,Low Priority,0.1990981838308569,0.0912928937588856,0.1078052900719713,0.5288921694819586,0.1061528042382794,0.3237350789832453,0.0459462294213143,0.6120640629355697,20844394.08,74272759,-0.0364808484529609,0.0821222695862599
257,427,숙대입구(갈월),4호선,Transit-Dominant / Transfer-Oriented,Behavioral Hidden Demand,Stable Low-Intensity Area,M-S+H+V-T-,Transit-Dominant Demand,0.27153640750055874,0.1654311425006802,0.10610526499987855,0.5276812039956716,0.1946909422635076,0.3984891426065248,0.1991986184504781,0.4446347414025348,70480289.66,134586300,0.0241595482090629,0.1361881156604769
258,204,을지로4가,2호선,Transit-Dominant / Transfer-Oriented,Visually Dense but Transit-Captured,Stable Dense Urban Area,M-S+H-V+T-,Transit-Dominant Demand,0.24715950578604567,0.1423769144112197,0.10478259137482598,0.5267390342972041,0.1048800385389156,0.2783603879885092,0.1598624261059257,0.984009062252212,51284836.05,115831040,-0.0049085276356898,0.0
259,2752,온수(성공회대입구),7호선,Low Demand / Peripheral,Low Visual / Low Hidden,Stable Low-Intensity Area,M-S-H-V-T-,Low Priority,0.21130662034869865,0.1070949584049779,0.10421166194372075,0.5263323486267848,0.1571114893309449,0.3227896398111002,0.1477835970721812,0.3035232078256216,49034155.47,87128181,0.0242620511854627,0.0370872683044906
260,2744,보라매,7호선,Low Demand / Peripheral,Visually Dense but Transit-Captured,Stable Dense Urban Area,M-S-H-V+T-,Low Priority,0.19770450859796124,0.0946459547599318,0.10305855383802943,0.5255109642008298,0.064768070451029,0.2728199783784529,0.0993598917584183,0.8048190394870128,30004787.69,77000568,-0.0149602685597534,0.0
261,2748,가산디지털단지,7호선,Observed Core Demand,Visually Dense but Transit-Captured,Dynamic Dense Urban Area,M+S+H-V+T+,Already Captured Core Demand,0.44408578680744254,0.3420145944897333,0.10207119231770923,0.5248076447361799,0.3981143985622419,0.3585766778515208,0.5142380691795447,0.7244252415564456,166908127.43,278241882,0.1094110687131117,0.022506314388887
262,2629,삼각지,6호선,Low Demand / Peripheral,Visually Dense but Transit-Captured,Stable Dense Urban Area,M-S-H-V+T-,Low Priority,0.18202305763273963,0.0801843147876323,0.10183874284510733,0.5246420658319346,0.0584363661529593,0.2665966361934563,0.0714545860061801,0.7478661661430787,20520767.98,65235619,-0.0262510264148835,0.0
263,4102,김포공항,9호선,Low Demand / Peripheral,Visually Dense but Transit-Captured,Stable Dense Urban Area,M-S-H-V+T-,Low Priority,0.15215742781173883,0.050856461182122,0.10130096662961682,0.524258995930793,0.000512444522104,0.2580330363576215,0.0241779738912602,0.825829739091346,3998217.54,41376589,-0.04178761901102,0.0
264,151,시청,1호선,Transit-Dominant / Transfer-Oriented,Visually Dense but Transit-Captured,Stable Dense Urban Area,M-S+H-V+T-,Transit-Dominant Demand,0.23402784502462465,0.1331477446374842,0.10088010038714046,0.5239592035910512,0.1078178226475364,0.2826222949460839,0.1648172065898645,0.8189080977873939,50733538.24,108322852,0.0028236776695365,0.0
265,320,을지로3가,3호선,Low Demand / Peripheral,Visually Dense but Transit-Captured,Stable Dense Urban Area,M-S-H-V+T-,Low Priority,0.20683585081402528,0.1077368736210808,0.09909897719294448,0.5226904701174081,0.0628903159468635,0.2669454510816844,0.1078534320645833,0.9022815945459892,30900806.64,87650397,-0.0256181856804077,0.0
266,2754,부천종합운동장,7호선,Low Demand / Peripheral,Low Visual / Low Hidden,Stable Low-Intensity Area,M-S-H-V-T-,Low Priority,0.12679817162310703,0.0277488089939699,0.09904936262913713,0.5226551285654663,0.0,0.2657710748247704,0.0,0.6035540291691444,658370.1799999999,22577867,-0.02774880899397,0.0
267,2545,군자(능동),5호선,Transit-Dominant / Transfer-Oriented,Visually Dense but Transit-Captured,Stable Dense Urban Area,M-S+H-V+T-,Transit-Dominant Demand,0.24028926515772384,0.1466518478035858,0.09363741735413803,0.5188000801610151,0.1328457530054499,0.2776356514593527,0.160066254763116,0.7908651248781001,52374963.39,119308818,-0.0062233877890012,0.0
268,2645,석계,6호선,Transit-Dominant / Transfer-Oriented,Visually Dense but Transit-Captured,Stable Dense Urban Area,M-S+H-V+T-,Transit-Dominant Demand,0.23598570940941183,0.1433005814549735,0.09268512795443831,0.5181217433441506,0.1348949351482432,0.283288667062125,0.1597604217804942,0.7250873747107229,54917832.81,116582469,0.004032649630257,0.0
269,421,동대문,4호선,Transit-Dominant / Transfer-Oriented,Visually Dense but Transit-Captured,Stable Dense Urban Area,M-S+H-V+T-,Transit-Dominant Demand,0.3021397813225988,0.2095585371722615,0.09258124415033728,0.5180477446111815,0.2149594580119482,0.311884619925692,0.2647526246211147,0.7448634531157613,98425519.35,170485171,0.055913129575202,0.0
270,208,왕십리(성동구청),2호선,Transit-Dominant / Transfer-Oriented,Visually Dense but Transit-Captured,Stable Dense Urban Area,M-S+H-V+T-,Transit-Dominant Demand,0.2653870651010594,0.1753766858991086,0.09001037920195082,0.5162164606063118,0.1559391354775306,0.2911803660708189,0.2057165862776273,0.8127604536294045,72003570.48,142677278,0.0183502397488824,0.0
271,156,신설동,1호선,Transit-Dominant / Transfer-Oriented,Visually Dense but Transit-Captured,Stable Dense Urban Area,M-S+H-V+T-,Transit-Dominant Demand,0.20833647039129427,0.1234060159825083,0.08493045440878597,0.512597917739833,0.0779551705146559,0.2639010360476114,0.114832365885121,0.8431491147077205,34637266.84,100397683,-0.0311415446631588,0.0
272,319,종로3가,3호선,Low Demand / Peripheral,Visually Dense but Transit-Captured,Stable Dense Urban Area,M-S-H-V+T-,Low Priority,0.18193237387740469,0.0977291946843717,0.08420317919303298,0.5120798635065359,0.0427311408994788,0.2596797215923722,0.0692309202879444,0.8393724601695727,22360607.59,79508870,-0.0388001046342577,0.0
273,2712,도봉산,7호선,Low Demand / Peripheral,Low Visual / Low Hidden,Stable Low-Intensity Area,M-S-H-V-T-,Low Priority,0.20155325600870708,0.1175770045440735,0.08397625146463358,0.5119182178629014,0.1488708022507287,0.2919781134470346,0.1480111636749398,0.3196463389913253,51250283.66,95655619,0.0197975605271182,0.0
274,426,서울역,4호선,Transit-Dominant / Transfer-Oriented,Low Visual / Low Hidden,Stable Low-Intensity Area,M-S+H-V-T-,Transit-Dominant Demand,0.24876050740757738,0.1666805414196458,0.08207996598793157,0.5105674517464895,0.1656667827963138,0.290635508507203,0.2094556102886297,0.5966045596470948,68301765.66,135602721,0.0169947022075224,0.00026464030359
275,218,종합운동장,2호선,Transit-Dominant / Transfer-Oriented,Visually Dense but Transit-Captured,Stable Dense Urban Area,M-S+H-V+T-,Transit-Dominant Demand,0.2279982794893681,0.1507764630748166,0.0772218164145515,0.5071068842777162,0.1275125219693383,0.2654627387937093,0.1317457400256729,0.7790281189960395,45760629.33,122664308,-0.0283082105761481,0.0
276,2623,합정,6호선,Transit-Dominant / Transfer-Oriented,Low Visual / Low Hidden,Stable Low-Intensity Area,M-S+H-V-T-,Transit-Dominant Demand,0.24382416545335747,0.168633960362645,0.07519020509071248,0.5056597225651597,0.1663641112739583,0.2761139717634275,0.1618971216694597,0.6755239810532743,59453762.39,137191882,-0.0089841096758967,0.0
277,414,수유(강북구청),4호선,Observed Core Demand,Behavioral Hidden Demand,Dynamic Behavioral Area,M+S+H+V-T+,Already Captured Core Demand,0.493453630844655,0.4220697680549524,0.0713838627897026,0.5029483806966287,0.5208143240582848,0.4024266786007852,0.5461496200384295,0.4925059136054465,203488513.32,343369007,0.1286843106220707,0.0659722319013107
278,2722,상봉(시외버스터미널),7호선,Transit-Dominant / Transfer-Oriented,Visually Dense but Transit-Captured,Stable Dense Urban Area,M-S+H-V+T-,Transit-Dominant Demand,0.2645700036720984,0.1933005447629358,0.07126945890916259,0.5028668882803665,0.148992400558212,0.2687133676962549,0.1850999113260661,0.93325099231626,63593185.77,157258839,-0.0224107261177148,0.0
279,210,뚝섬,2호선,Transit-Dominant / Transfer-Oriented,Visually Dense but Transit-Captured,Dynamic Dense Urban Area,M-S+H-V+T+,Transit-Dominant Demand,0.3139122729396406,0.2437537758150442,0.07015849712459638,0.5020755256117928,0.2275459495066505,0.2871067177749741,0.282195574263246,0.8330080136525514,94463480.91,198303955,0.0109595845144281,0.0
280,2732,강남구청,7호선,Transit-Dominant / Transfer-Oriented,Visually Dense but Transit-Captured,Stable Dense Urban Area,M-S+H-V+T-,Transit-Dominant Demand,0.24594748908434763,0.176957799277804,0.06898968980654363,0.5012429582893949,0.1236286267202128,0.2645691561886324,0.1688310641811014,0.904061051768735,54805569.73,143963558,-0.0299294013314633,0.0
281,227,낙성대,2호선,Observed Core Demand,Low Visual / Low Hidden,Dynamic Behavioral Area,M+S+H-V-T+,Already Captured Core Demand,0.3918101863835773,0.3241584849845063,0.06765170139907101,0.5002898795324405,0.4231722014016678,0.3596924976130726,0.4133134314549643,0.2879688505856578,149104979.81,263715437,0.0789254672023567,0.0459474001386808
282,236,영등포구청,2호선,Transit-Dominant / Transfer-Oriented,Visually Dense but Transit-Captured,Stable Dense Urban Area,M-S+H-V+T-,Transit-Dominant Demand,0.2875864432219316,0.2269014338544024,0.060685009367529213,0.4953273506013804,0.1918455616668898,0.278244911083657,0.2456682010635619,0.8256107248820458,82336129.35,184594103,-0.005118032710582,0.0
283,339,수서,3호선,Transit-Dominant / Transfer-Oriented,Visually Dense but Transit-Captured,Stable Dense Urban Area,M-S+H-V+T-,Transit-Dominant Demand,0.28301040889012113,0.223946059228248,0.05906434966187313,0.4941729188222363,0.1922248251130374,0.2777354267113916,0.2356401022484607,0.7994736046171428,80907320.25,182189823,-0.0060423695873312,0.0
284,2535,종로3가,5호선,Transit-Dominant / Transfer-Oriented,Visually Dense but Transit-Captured,Stable Dense Urban Area,M-S+H-V+T-,Transit-Dominant Demand,0.22825994651953357,0.1696857705070474,0.058574176012486184,0.4938237572825396,0.1213498998934374,0.2713610920474059,0.1517427991765286,0.7546365872032956,56665481.88000001,138047559,-0.0176070669861234,0.0
285,2738,이수,7호선,Transit-Dominant / Transfer-Oriented,Visually Dense but Transit-Captured,Stable Dense Urban Area,M-S+H-V+T-,Transit-Dominant Demand,0.23624561390081422,0.182364927263837,0.05388068663697723,0.4904804809172096,0.1446457603386721,0.2692402905513428,0.1789480721590939,0.680553346787573,59917911.39,148362408,-0.021454751307351,0.0
286,241,이대,2호선,Transit-Dominant / Transfer-Oriented,Low Visual / Low Hidden,Stable Low-Intensity Area,M-S+H-V-T-,Transit-Dominant Demand,0.24434765953783555,0.1917100696904473,0.052637589847388255,0.4895949955599535,0.1633687418385009,0.2750064748252414,0.1966841508753721,0.6274327682912536,67212191.75,155964943,-0.0109933965482309,0.0
287,202,을지로입구,2호선,Observed Core Demand,Morphology-Supported Hidden Demand,Dynamic Dense Urban Area,M+S+H+V+T+,Morphology-Supported Hidden Demand,0.5659304407770858,0.5134405042485588,0.05248993652852696,0.48948981883284987,0.5389963515322589,0.3728426565522557,0.7174314101033331,0.866851364288387,251067436.83,417701659,0.1665068283330752,0.0
288,243,충정로(경기대입구),2호선,Low Demand / Peripheral,Visually Dense but Transit-Captured,Stable Dense Urban Area,M-S-H-V+T-,Low Priority,0.17235028901515653,0.1200385485934296,0.05231174042172693,0.48936288580188,0.0391617414396738,0.2403724654661211,0.0759912880470597,0.7943613139136111,17676483.33,97658154,-0.0738284780208315,0.0
289,2619,디지털미디어시티,6호선,Transit-Dominant / Transfer-Oriented,Visually Dense but Transit-Captured,Stable Dense Urban Area,M-S+H-V+T-,Transit-Dominant Demand,0.205244680865719,0.155163275837451,0.05008140502826802,0.4877741685360821,0.0889574057600725,0.2446386290241804,0.1094546301285664,0.82163264991928,33462556.41,126233103,-0.066088550137619,0.0
290,2715,노원,7호선,Transit-Dominant / Transfer-Oriented,Visually Dense but Transit-Captured,Stable Dense Urban Area,M-S+H-V+T-,Transit-Dominant Demand,0.2960062838402465,0.246075038275542,0.04993124556470452,0.48766720662663743,0.2168409812868583,0.2813312447871657,0.2491218879089233,0.7827065348258421,91459464.65,200192367,0.0004813776175942,0.0
291,224,서초,2호선,Transit-Dominant / Transfer-Oriented,Low Visual / Low Hidden,Stable Low-Intensity Area,M-S+H-V-T-,Transit-Dominant Demand,0.2901639812239459,0.240448491903592,0.049715489320353884,0.4875135186783544,0.2304314451697234,0.2842206869094328,0.2675587799339637,0.619029031834194,91317917.89,195615014,0.0057235755185197,0.0
292,233,대림(구로구청),2호선,Observed Core Demand,Visually Dense but Transit-Captured,Dynamic Dense Urban Area,M+S+H-V+T+,Already Captured Core Demand,0.3339899579032628,0.2884187709153911,0.045571186987871715,0.4845614403991813,0.2785053515510377,0.2868443113544977,0.3115780394713796,0.7463586397239547,110737251.13,234640179,0.0104835111658705,0.0
293,2527,여의도,5호선,Transit-Dominant / Transfer-Oriented,Visually Dense but Transit-Captured,Dynamic Dense Urban Area,M-S+H-V+T+,Transit-Dominant Demand,0.32387097038994606,0.2845299508481452,0.03934101954180086,0.480123554232189,0.220951112593038,0.2776398160305419,0.328554100960319,0.8932219552337967,103155100.96,231476515,-0.0062158321760413,0.0
294,205,동대문역사문화공원,2호선,Transit-Dominant / Transfer-Oriented,Visually Dense but Transit-Captured,Stable Dense Urban Area,M-S+H-V+T-,Transit-Dominant Demand,0.22725572607974884,0.1881870182274747,0.03906870785227415,0.4799295805885394,0.1129965872849244,0.2560206912340801,0.1447861662390851,0.834448557451958,53229374.81,153098842,-0.0454385353250277,0.0
295,429,신용산,4호선,Transit-Dominant / Transfer-Oriented,Visually Dense but Transit-Captured,Stable Dense Urban Area,M-S+H-V+T-,Transit-Dominant Demand,0.23044404162295554,0.1916529727003359,0.03879106892261963,0.47973181223383665,0.1271951494076503,0.2559331831883862,0.1595876665414468,0.7730539528412697,54447338.12,155918493,-0.0455972976307047,0.0
296,201,시청,2호선,Transit-Dominant / Transfer-Oriented,Visually Dense but Transit-Captured,Stable Dense Urban Area,M-S+H-V+T-,Transit-Dominant Demand,0.2951322074453719,0.2647195484287679,0.030412659016604005,0.4737636854145891,0.1909790879054393,0.2643355474036643,0.2726639097060621,0.8857494909579572,86970130.91,215360198,-0.030353228295416,0.0
297,153,종로3가,1호선,Transit-Dominant / Transfer-Oriented,Visually Dense but Transit-Captured,Stable Dense Urban Area,M-S+H-V+T-,Transit-Dominant Demand,0.25792750461796016,0.2335381396837164,0.024389364934243762,0.46947315972339076,0.1403171677221145,0.2538669026622477,0.1961718720356552,0.9208367907031564,68492102.08000001,189993249,-0.0493460667627708,0.0
298,433,사당,4호선,Transit-Dominant / Transfer-Oriented,Low Visual / Low Hidden,Dynamic Behavioral Area,M-S+H-V-T+,Transit-Dominant Demand,0.28799181145197417,0.2698679563697916,0.01812385508218256,0.4650100983783617,0.2250721858319529,0.2782050758395561,0.2733728306489247,0.6248349273792139,98133101.93,219548572,-0.0051903041817421,0.0
299,312,불광,3호선,Transit-Dominant / Transfer-Oriented,Low Visual / Low Hidden,Stable Low-Intensity Area,M-S+H-V-T-,Transit-Dominant Demand,0.20496963371880755,0.1912063869634716,0.013763246755335967,0.461903940551803,0.1634922187732161,0.2665964638744714,0.1786309106916973,0.2902283716390303,61007530.3,155555183,-0.0273375183314502,0.0007831815148891
300,420,혜화,4호선,Observed Core Demand,Behavioral Hidden Demand,Dynamic Behavioral Area,M+S+H+V-T+,Already Captured Core Demand,0.4091897234720782,0.4029770852495934,0.006212638222484801,0.4565254749727682,0.45183187321005,0.3719448403296703,0.4653674625112227,0.198056779428936,181611425.6,327836575,0.0883731242350262,0.0551632418329521
301,323,약수,3호선,Transit-Dominant / Transfer-Oriented,Low Visual / Low Hidden,Stable Low-Intensity Area,M-S+H-V-T-,Transit-Dominant Demand,0.15573419578141917,0.1531934714718859,0.002540724309533282,0.45390988942041655,0.0527479175678937,0.2318852604943317,0.0846930683273362,0.5708770408681684,24215955.07,124630612,-0.0892264705069833,0.0
302,232,구로디지털단지,2호선,Observed Core Demand,Behavioral Hidden Demand,Dynamic Behavioral Area,M+S+H+V-T+,Already Captured Core Demand,0.6502089931339649,0.6482028915349057,0.002006101599059118,0.45352906583069597,0.721419817784511,0.4069236706484934,0.8333528855554645,0.5716858035771865,290029165.87,527334634,0.1375390278319765,0.0654703815495271
303,418,성신여대입구(돈암),4호선,Transit-Dominant / Transfer-Oriented,Low Visual / Low Hidden,Stable Low-Intensity Area,M-S+H-V-T-,Transit-Dominant Demand,0.26154587536728047,0.2599051548068603,0.0016407205604201947,0.4532687968297272,0.2019868331516609,0.2624469648735731,0.2399385936387593,0.570523405028879,83935242.7,211443554,-0.0337796071450469,0.0
304,203,을지로3가,2호선,Transit-Dominant / Transfer-Oriented,Visually Dense but Transit-Captured,Stable Dense Urban Area,M-S+H-V+T-,Transit-Dominant Demand,0.24724782750056756,0.2468314215865886,0.00041640591397895665,0.45239669040874897,0.1214359806297433,0.2328246386749141,0.1967202663894886,0.950514232705568,59328318.43,200807706,-0.0875221946924672,0.0
305,2812,천호(풍납토성),8호선,Transit-Dominant / Transfer-Oriented,Visually Dense but Transit-Captured,Stable Dense Urban Area,M-S+H-V+T-,Transit-Dominant Demand,0.20904724470900643,0.2104603020810358,-0.0014130573720293749,0.4510935232177745,0.1027356043222421,0.2257789666088619,0.1258398515861928,0.8120351079454342,41226098.03,171218782,-0.1003048723694608,0.0
306,223,교대(법원.검찰청),2호선,Observed Core Demand,Visually Dense but Transit-Captured,Dynamic Dense Urban Area,M+S+H-V+T+,Already Captured Core Demand,0.36915768904588087,0.3949034995534394,-0.02574581050755853,0.4337607645913416,0.3196316252273894,0.27090243438848,0.3922641958559964,0.7914500992523639,139301573.28,321268487,-0.0184391910139197,0.0
307,2627,공덕,6호선,Transit-Dominant / Transfer-Oriented,Visually Dense but Transit-Captured,Stable Dense Urban Area,M-S+H-V+T-,Transit-Dominant Demand,0.14083604756982357,0.1806181010879211,-0.03978205351809752,0.42376243802432456,0.0055902444259471,0.1904619460229329,0.0407219202186995,0.8256056702867424,6638818.28,146941316,-0.1643791134680297,0.0
308,422,동대문역사문화공원,4호선,Transit-Dominant / Transfer-Oriented,Visually Dense but Transit-Captured,Stable Dense Urban Area,M-S+H-V+T-,Transit-Dominant Demand,0.16109078939316335,0.2046626331410694,-0.04357184374790604,0.42106288656246504,0.0304131479078744,0.1926754092875834,0.0638033110095289,0.8647535831081823,16972796.259999998,166502216,-0.1603633166502611,0.0
309,240,신촌,2호선,Observed Core Demand,Visually Dense but Transit-Captured,Dynamic Dense Urban Area,M+S+H-V+T+,Already Captured Core Demand,0.39852264101309653,0.4505864252389091,-0.05206378422581259,0.4150138894040352,0.3657537031904949,0.2760792023795012,0.422093474520743,0.8049497907834998,163267181.77,366568106,-0.0090471903619677,0.0
310,237,당산,2호선,Transit-Dominant / Transfer-Oriented,Low Visual / Low Hidden,Stable Low-Intensity Area,M-S+H-V-T-,Transit-Dominant Demand,0.1860651914533462,0.2403693108548297,-0.0543041194014835,0.4134180490720379,0.1047664033042747,0.2044691977652904,0.1040762054941347,0.6698776942627307,38002773.48,195550598,-0.1389663235333729,0.0
311,228,서울대입구(관악구청),2호선,Observed Core Demand,Low Visual / Low Hidden,Dynamic Behavioral Area,M+S+H-V-T+,Already Captured Core Demand,0.5017281288665502,0.5610823188424332,-0.05935418997588304,0.40982077202636275,0.5532568426676316,0.3097856445164663,0.6169044462497189,0.5193524928705554,226481265.15,456459609,0.0521050434399781,0.0
312,214,강변(동서울터미널),2호선,Observed Core Demand,Visually Dense but Transit-Captured,Dynamic Dense Urban Area,M+S+H-V+T+,Already Captured Core Demand,0.3745370998425147,0.442346115102416,-0.0678090152599013,0.4037982128420272,0.3691806756622038,0.2476266536980109,0.3704185608657052,0.7241542019687924,137671871.79,359864383,-0.0703070104736582,0.0069504990203053
313,238,합정,2호선,Transit-Dominant / Transfer-Oriented,Visually Dense but Transit-Captured,Stable Dense Urban Area,M-S+H-V+T-,Transit-Dominant Demand,0.27250822700276534,0.3629695979596385,-0.09046137095687318,0.3876624385040866,0.1890620668383169,0.2088197712038977,0.2417530552174162,0.8687474308106509,86060495.03999999,295289364,-0.1310732542201189,0.0
314,332,양재(서초구청),3호선,Observed Core Demand,Visually Dense but Transit-Captured,Dynamic Dense Urban Area,M+S+H-V+T+,Already Captured Core Demand,0.35172553949802454,0.4439547960633984,-0.09222925656537384,0.3864031344557278,0.3233515936747345,0.2346518858750962,0.387900973971943,0.6997415608123133,133145229.05,361173090,-0.0842070940495268,0.0
315,423,충무로,4호선,Transit-Dominant / Transfer-Oriented,Low Visual / Low Hidden,Stable Low-Intensity Area,M-S+H-V-T-,Transit-Dominant Demand,0.19313136037104017,0.3033984520633529,-0.11026709169231275,0.3735543852551238,0.150383617961012,0.1945080348287642,0.1606633952613758,0.4469904452911857,54473814.41,246826569,-0.1572708846976359,0.0001675893289074
316,212,건대입구,2호선,Observed Core Demand,Visually Dense but Transit-Captured,Dynamic Dense Urban Area,M+S+H-V+T+,Already Captured Core Demand,0.3531765084455389,0.4983681919922911,-0.14519168354675221,0.3486768254751823,0.3141887669606898,0.2082069879930058,0.3642081282386619,0.8689819066724461,135515272.23,405439911,-0.1321850019990776,0.0
317,219,삼성(무역센터),2호선,Observed Core Demand,Visually Dense but Transit-Captured,Dynamic Dense Urban Area,M+S+H-V+T+,Already Captured Core Demand,0.43889306376900034,0.5994875773156705,-0.16059451354667015,0.33770504874833346,0.4077669800342157,0.2212956611780601,0.5235819880821625,0.9535760984265572,181500432.71,487703362,-0.1084387519642239,0.0
318,220,선릉,2호선,Observed Core Demand,Visually Dense but Transit-Captured,Dynamic Dense Urban Area,M+S+H-V+T+,Already Captured Core Demand,0.36394325740349226,0.5355617109757564,-0.17161845357226418,0.3298524522701775,0.3140358503437032,0.1975600741166231,0.4096884415726884,0.9129941790513236,142099056.42,435697880,-0.1515012669430928,0.0
319,311,연신내,3호선,Transit-Dominant / Transfer-Oriented,Low Visual / Low Hidden,Stable Low-Intensity Area,M-S+H-V-T-,Transit-Dominant Demand,0.21244595236874045,0.4037003338681655,-0.19125438149942506,0.3158653461966538,0.2064949888757551,0.2198753927275538,0.2107413757456301,0.2240608404363618,72975649.59,328424958,-0.2073338768056563,0.069449659968419
320,239,홍대입구,2호선,Observed Core Demand,Visually Dense but Transit-Captured,Dynamic Dense Urban Area,M+S+H-V+T+,Already Captured Core Demand,0.48824422991075234,0.7374715070807821,-0.2492272771700298,0.27456996946976875,0.5184272268369563,0.2212620296545459,0.6009936336910565,0.7943774368227415,232294290.37,599957152,-0.1084997682762007,0.0
321,226,사당,2호선,Transit-Dominant / Transfer-Oriented,Low Visual / Low Hidden,Stable Low-Intensity Area,M-S+H-V-T-,Transit-Dominant Demand,0.22605731808499838,0.4909176567650443,-0.2648603386800459,0.2634341937424573,0.2414055420961703,0.1386586166643208,0.2435797462043155,0.3404422073477844,85434779.17,399378692,-0.2607203482978983,0.00169917358493
322,329,고속터미널,3호선,Observed Core Demand,Visually Dense but Transit-Captured,Dynamic Dense Urban Area,M+S+H-V+T+,Already Captured Core Demand,0.32447265818133264,0.5923324836723474,-0.2678598254910147,0.26129759289798565,0.2710560071094491,0.1567974124438487,0.3389549937481272,0.955071031214929,135770848.99,481882493,-0.2254553142695354,0.0
323,150,서울역,1호선,Transit-Dominant / Transfer-Oriented,Visually Dense but Transit-Captured,Stable Dense Urban Area,M-S+H-V+T-,Transit-Dominant Demand,0.11115896318657716,0.4142077018155775,-0.30304873862900034,0.23623175121742992,0.0074547598782023,0.0631608466112424,0.0341466943654422,0.8518477071548708,7608259.34,336972996,-0.3953363460004744,0.0
324,234,신도림,2호선,Transit-Dominant / Transfer-Oriented,Visually Dense but Transit-Captured,Stable Dense Urban Area,M-S+H-V+T-,Transit-Dominant Demand,0.17966412503212567,0.5210464600642379,-0.34138233503211224,0.20892588204440646,0.125352467566315,0.0688448558289216,0.1556728956370295,0.7490972154264761,50752305.51,423889317,-0.3850240781200641,0.0
325,216,잠실(송파구청),2호선,Observed Core Demand,Visually Dense but Transit-Captured,Dynamic Dense Urban Area,M+S+H-V+T+,Already Captured Core Demand,0.5345717559031331,0.9368482741965178,-0.40227651829338473,0.16554960750848946,0.592774866769703,0.1541573911529855,0.686080776616661,0.9206756274518816,260884211.79,762155734,-0.2302449980506048,0.0
326,230,신림,2호선,Transit-Dominant / Transfer-Oriented,Low Visual / Low Hidden,Dynamic Behavioral Area,M-S+H-V-T+,Transit-Dominant Demand,0.22860971090140655,0.7119743722845718,-0.48336466138316525,0.10778872842454292,0.2392140376508583,0.0421476192018913,0.272758743454289,0.5587474046718969,98414593.26,579214519,-0.4465323736551617,0.0094258865405181
327,222,강남,2호선,Observed Core Demand,Visually Dense but Transit-Captured,Dynamic Dense Urban Area,M+S+H-V+T+,Already Captured Core Demand,0.36531513759891016,1.0,-0.6346848624010899,0.0,0.3922185451174605,0.0,0.5084562872551294,0.8712553484502703,181141237.6,813531431,-0.5099265137614228,0.0
