station_id,nearest_station,nearest_line,reconstruction_label,hidden_demand_reconstruction_score_norm,quad_mobility_subway_label,quad_hidden_visual_label,quad_temporal_visual_label,sem_dense_residential,sem_low_density_residential,sem_commercial_downtown,sem_mixed_use,sem_suburban_peripheral,sem_transit_hub,sem_low_transit_access,sem_road_oriented,sem_pedestrian_friendly,sem_green_mountain_area,sem_river_or_waterfront,sem_industrial_office,sem_university_area,sem_nightlife_entertainment,sem_traditional_market,top_semantic_1,top_semantic_1_score,top_semantic_3
2561,마천,5호선,High Priority Hidden Demand,1.0,Hidden Transit Demand,Behavioral Hidden Demand,Dynamic Behavioral Area,0.26058036,0.28698123,0.23419356,0.26537034,0.29037142,0.25393623,0.2699685,0.26519305,0.25566664,0.28852448,0.28476512,0.25017303,0.26810077,0.24859734,0.20995222,suburban_peripheral,0.29037142,suburban_peripheral; green_mountain_area; low_density_residential
2824,단대오거리,8호선,High Priority Hidden Demand,0.9212346761137288,Hidden Transit Demand,Behavioral Hidden Demand,Dynamic Behavioral Area,0.26630664,0.2867027,0.24836445,0.26836294,0.28767496,0.24917331,0.2749884,0.27747995,0.2555979,0.2829437,0.28198338,0.27118883,0.28655288,0.2644822,0.23697826,suburban_peripheral,0.28767496,suburban_peripheral; low_density_residential; university_area
249,신정네거리,2호선,High Priority Hidden Demand,0.8756569727643005,Hidden Transit Demand,Behavioral Hidden Demand,Dynamic Behavioral Area,0.28166628,0.30441666,0.24358934,0.27256864,0.3026784,0.24173148,0.27341932,0.27340603,0.27927026,0.25992215,0.28711423,0.24997042,0.28643578,0.24460012,0.22508174,low_density_residential,0.30441666,low_density_residential; suburban_peripheral; river_or_waterfront
2519,까치산,5호선,Potential Hidden Demand,0.8543343788529321,Observed Core Demand,Behavioral Hidden Demand,Dynamic Behavioral Area,0.2732649,0.296813,0.2573805,0.27364725,0.2939334,0.2609113,0.28517088,0.27824146,0.27282876,0.26303953,0.28703308,0.2530655,0.2838116,0.25420776,0.2343456,low_density_residential,0.296813,low_density_residential; suburban_peripheral; river_or_waterfront
2757,부천시청,7호선,High Priority Hidden Demand,0.8509471495617229,Hidden Transit Demand,Morphology-Supported Hidden Demand,Dynamic Dense Urban Area,0.27415085,0.2885512,0.25751585,0.27322233,0.290304,0.26363435,0.2789981,0.2883833,0.2621966,0.26076293,0.29539785,0.264586,0.28148022,0.2588089,0.23711167,river_or_waterfront,0.29539785,river_or_waterfront; suburban_peripheral; low_density_residential
2823,남한산성입구(성남법원.검찰청),8호선,Potential Hidden Demand,0.8478488583749231,Observed Core Demand,Behavioral Hidden Demand,Dynamic Behavioral Area,0.2338657,0.2613051,0.21307293,0.23943895,0.27396095,0.23954098,0.25231886,0.24798018,0.23534262,0.28526428,0.26422492,0.24306151,0.25200227,0.24042383,0.20113134,green_mountain_area,0.28526428,green_mountain_area; suburban_peripheral; river_or_waterfront
2560,거여,5호선,High Priority Hidden Demand,0.8388228202539413,Hidden Transit Demand,Behavioral Hidden Demand,Dynamic Behavioral Area,0.27237165,0.29670024,0.25059253,0.27609345,0.29873022,0.2689642,0.2888974,0.28779864,0.27458984,0.26742834,0.29848588,0.26193765,0.27837414,0.24923934,0.22848009,suburban_peripheral,0.29873022,suburban_peripheral; river_or_waterfront; low_density_residential
4709,북한산보국문,우이신설선,High Priority Hidden Demand,0.8075373414025647,Hidden Transit Demand,Behavioral Hidden Demand,Dynamic Behavioral Area,0.24338302,0.26637137,0.21872097,0.24888618,0.27896094,0.24674278,0.26083082,0.2483589,0.23409323,0.2935333,0.2753517,0.24615458,0.2578341,0.24550459,0.20456415,green_mountain_area,0.2935333,green_mountain_area; suburban_peripheral; river_or_waterfront
4107,가양,9호선,Potential Hidden Demand,0.7896203144703628,Observed Core Demand,Behavioral Hidden Demand,Dynamic Behavioral Area,0.23210326,0.25543803,0.21595204,0.24622662,0.2706282,0.24944812,0.2643539,0.2564923,0.24180385,0.25878724,0.31644148,0.2459521,0.24965897,0.23431343,0.20135334,river_or_waterfront,0.31644148,river_or_waterfront; suburban_peripheral; low_transit_access
248,양천구청,2호선,High Priority Hidden Demand,0.7835695714342912,Hidden Transit Demand,Behavioral Hidden Demand,Dynamic Behavioral Area,0.2663496,0.28286135,0.24294044,0.27285838,0.2876502,0.25866216,0.27685428,0.2828805,0.25960308,0.2640791,0.29806936,0.26174644,0.27943712,0.24310069,0.22063634,river_or_waterfront,0.29806936,river_or_waterfront; suburban_peripheral; road_oriented
314,홍제,3호선,Potential Hidden Demand,0.776948773855855,Observed Core Demand,Behavioral Hidden Demand,Dynamic Behavioral Area,0.25444883,0.27653596,0.22784743,0.2584153,0.28890455,0.25017053,0.27049217,0.26026967,0.24908036,0.28776968,0.27632976,0.24790043,0.26749566,0.24863195,0.21039143,suburban_peripheral,0.28890455,suburban_peripheral; green_mountain_area; low_density_residential
2716,중계,7호선,Potential Hidden Demand,0.7718094675166568,Observed Core Demand,Behavioral Hidden Demand,Dynamic Behavioral Area,0.28499573,0.29933822,0.2476141,0.27879143,0.29842353,0.2515516,0.27488753,0.27438542,0.26530072,0.28414798,0.29169315,0.25893492,0.29006335,0.25487816,0.2330881,low_density_residential,0.29933822,low_density_residential; suburban_peripheral; river_or_waterfront
2826,수진,8호선,High Priority Hidden Demand,0.7702199263982012,Hidden Transit Demand,Behavioral Hidden Demand,Dynamic Behavioral Area,0.26231652,0.2798314,0.24405178,0.26891804,0.2806979,0.2634488,0.27539054,0.28261197,0.25998497,0.26381302,0.2861015,0.26131994,0.27695018,0.25378522,0.21870458,river_or_waterfront,0.2861015,river_or_waterfront; road_oriented; suburban_peripheral
2750,광명사거리,7호선,Potential Hidden Demand,0.7680293178091324,Observed Core Demand,Behavioral Hidden Demand,Dynamic Behavioral Area,0.25799417,0.27619824,0.23302203,0.26303777,0.2886812,0.2506404,0.27168876,0.2698657,0.24487592,0.2835852,0.2793369,0.25982016,0.27373648,0.2517796,0.21818587,suburban_peripheral,0.2886812,suburban_peripheral; green_mountain_area; river_or_waterfront
2820,장지,8호선,Potential Hidden Demand,0.7604512988206732,Observed Core Demand,Behavioral Hidden Demand,Dynamic Behavioral Area,0.28264442,0.29797995,0.24963357,0.28156,0.30185628,0.26662645,0.2783509,0.29938847,0.27353474,0.26156142,0.29598296,0.25854117,0.27637303,0.24613786,0.22398898,suburban_peripheral,0.30185628,suburban_peripheral; road_oriented; low_density_residential
4138,중앙보훈병원,9호선(연장),High Priority Hidden Demand,0.7594595394192527,Hidden Transit Demand,Behavioral Hidden Demand,Dynamic Behavioral Area,0.25603482,0.27461216,0.23180354,0.25540105,0.2808973,0.24805996,0.2668713,0.26800638,0.248811,0.28630316,0.28289965,0.2530048,0.26834065,0.2511962,0.21379247,green_mountain_area,0.28630316,green_mountain_area; river_or_waterfront; suburban_peripheral
2611,응암,6호선,Potential Hidden Demand,0.7580054284376951,Observed Core Demand,Behavioral Hidden Demand,Dynamic Behavioral Area,0.27018964,0.2888976,0.24784547,0.26963207,0.29211906,0.25366646,0.27857944,0.27435642,0.2559759,0.27175725,0.29657435,0.25706518,0.2833442,0.25724322,0.2313135,river_or_waterfront,0.29657435,river_or_waterfront; suburban_peripheral; low_density_residential
4111,신목동,9호선,High Priority Hidden Demand,0.7516874100422541,Hidden Transit Demand,Behavioral Hidden Demand,Dynamic Behavioral Area,0.2376436,0.25406414,0.22497942,0.25139847,0.2695523,0.26408297,0.26882446,0.26976272,0.24131317,0.24741916,0.31412962,0.25937313,0.25253817,0.24331123,0.2045946,river_or_waterfront,0.31412962,river_or_waterfront; road_oriented; suburban_peripheral
2756,신중동,7호선,High Priority Hidden Demand,0.7516667150055841,Hidden Transit Demand,Morphology-Supported Hidden Demand,Dynamic Dense Urban Area,0.2725888,0.2923153,0.2515489,0.26755625,0.29039147,0.2725695,0.28502646,0.28972027,0.26583654,0.2685288,0.2970286,0.25851035,0.27681774,0.2550093,0.23708093,river_or_waterfront,0.2970286,river_or_waterfront; low_density_residential; suburban_peripheral
2749,철산,7호선,Already Captured Core Demand,0.7416891889187672,Observed Core Demand,Behavioral Hidden Demand,Dynamic Behavioral Area,0.26447093,0.28496787,0.24650982,0.27109018,0.2885185,0.24758255,0.27125564,0.27342424,0.2528823,0.27631274,0.28769815,0.26507384,0.27920517,0.24930751,0.22422667,suburban_peripheral,0.2885185,suburban_peripheral; river_or_waterfront; low_density_residential
4109,등촌,9호선,High Priority Hidden Demand,0.7411607108302896,Hidden Transit Demand,Behavioral Hidden Demand,Dynamic Behavioral Area,0.26067856,0.28208783,0.23681772,0.26197785,0.28475726,0.2432426,0.2735783,0.26864076,0.25663236,0.25981247,0.29978544,0.25332075,0.27826786,0.2498343,0.21402997,river_or_waterfront,0.29978544,river_or_waterfront; suburban_peripheral; low_density_residential
338,일원,3호선,High Priority Hidden Demand,0.7310476964866612,Hidden Transit Demand,Behavioral Hidden Demand,Dynamic Behavioral Area,0.26408342,0.28048927,0.2359401,0.26821256,0.2882361,0.24476686,0.26883894,0.27295023,0.2538389,0.28329796,0.2862925,0.26277238,0.27955958,0.24878854,0.2223913,suburban_peripheral,0.2882361,suburban_peripheral; river_or_waterfront; green_mountain_area
333,매봉,3호선,Morphology-Supported Hidden Demand,0.730270676986447,Observed Core Demand,Morphology-Supported Hidden Demand,Dynamic Dense Urban Area,0.280697,0.2961756,0.25302055,0.28335822,0.3013569,0.26444975,0.28268257,0.2903711,0.26876706,0.28203896,0.30983597,0.27030802,0.28770804,0.25764218,0.23668295,river_or_waterfront,0.30983597,river_or_waterfront; suburban_peripheral; low_density_residential
2825,신흥,8호선,High Priority Hidden Demand,0.7284037440857478,Hidden Transit Demand,Behavioral Hidden Demand,Dynamic Behavioral Area,0.2692712,0.2852109,0.24951135,0.27939948,0.2877302,0.2641952,0.28115147,0.28528264,0.2561304,0.27499312,0.29207763,0.26747483,0.283971,0.25843802,0.22694439,river_or_waterfront,0.29207763,river_or_waterfront; suburban_peripheral; road_oriented
2725,용마산,7호선,High Priority Hidden Demand,0.7274652997784844,Hidden Transit Demand,Behavioral Hidden Demand,Dynamic Behavioral Area,0.26607063,0.28190762,0.24457937,0.2695881,0.28864416,0.24985515,0.2665478,0.27229577,0.2507657,0.28314802,0.29240686,0.2616912,0.27665046,0.26017863,0.22793482,river_or_waterfront,0.29240686,river_or_waterfront; suburban_peripheral; green_mountain_area
4101,개화,9호선,Low Priority,0.7269992565268274,Low Demand / Peripheral,Behavioral Hidden Demand,Stable Low-Intensity Area,0.2519108,0.26932406,0.23377573,0.26813364,0.2898359,0.27152905,0.2778127,0.28143805,0.24650444,0.26773745,0.30873257,0.27515388,0.2661822,0.24935278,0.21210845,river_or_waterfront,0.30873257,river_or_waterfront; suburban_peripheral; road_oriented
4701,북한산우이,우이신설선,High Priority Hidden Demand,0.7233260634401836,Hidden Transit Demand,Behavioral Hidden Demand,Stable Low-Intensity Area,0.21109402,0.24367866,0.19101937,0.22154567,0.26131615,0.22266881,0.23518808,0.22100341,0.22163886,0.29510942,0.25060087,0.22015342,0.23441584,0.22726034,0.1881803,green_mountain_area,0.29510942,green_mountain_area; suburban_peripheral; river_or_waterfront
2544,장한평,5호선,Morphology-Supported Hidden Demand,0.721211712944233,Observed Core Demand,Morphology-Supported Hidden Demand,Dynamic Dense Urban Area,0.2692548,0.28461966,0.2565271,0.2758154,0.28490573,0.27591825,0.27932972,0.28962052,0.25820625,0.264185,0.30226102,0.26821426,0.26905495,0.25195366,0.23535877,river_or_waterfront,0.30226102,river_or_waterfront; road_oriented; suburban_peripheral
310,구파발,3호선,Already Captured Core Demand,0.7204579998620114,Observed Core Demand,Behavioral Hidden Demand,Dynamic Behavioral Area,0.25237063,0.27615,0.2323471,0.257093,0.28368527,0.2524902,0.2697934,0.27178165,0.24374881,0.29160753,0.2819535,0.25564706,0.26647633,0.2505434,0.21813281,green_mountain_area,0.29160753,green_mountain_area; suburban_peripheral; river_or_waterfront
4106,양천향교,9호선,High Priority Hidden Demand,0.7199032516508522,Hidden Transit Demand,Behavioral Hidden Demand,Dynamic Behavioral Area,0.23204365,0.2566526,0.21132278,0.2442563,0.2732468,0.23977932,0.25716084,0.24293417,0.24070027,0.25066686,0.30914557,0.24467194,0.2499103,0.23481014,0.19283533,river_or_waterfront,0.30914557,river_or_waterfront; suburban_peripheral; low_transit_access
2821,복정,8호선,High Priority Hidden Demand,0.7194360772643268,Hidden Transit Demand,Behavioral Hidden Demand,Dynamic Behavioral Area,0.25577816,0.28105572,0.24506101,0.26963213,0.29350683,0.27308288,0.2787449,0.28649592,0.2620419,0.25720435,0.28519002,0.2571857,0.26816505,0.24945112,0.2149108,suburban_peripheral,0.29350683,suburban_peripheral; road_oriented; river_or_waterfront
2554,상일동,5호선,Already Captured Core Demand,0.719231212855992,Observed Core Demand,Behavioral Hidden Demand,Dynamic Behavioral Area,0.26616067,0.2876557,0.24118748,0.2740973,0.29034954,0.27161428,0.2786025,0.28915998,0.25880605,0.26190078,0.30461663,0.2682109,0.2646044,0.24745592,0.20799059,river_or_waterfront,0.30461663,river_or_waterfront; suburban_peripheral; road_oriented
4132,석촌고분,9호선(연장),High Priority Hidden Demand,0.7186906626089533,Hidden Transit Demand,Morphology-Supported Hidden Demand,Dynamic Dense Urban Area,0.27646786,0.30277157,0.25674778,0.27311912,0.29530382,0.2610971,0.28221905,0.27857244,0.2869574,0.2565671,0.30208644,0.2570194,0.27819937,0.2549662,0.23726748,low_density_residential,0.30277157,low_density_residential; river_or_waterfront; suburban_peripheral
2553,고덕,5호선,High Priority Hidden Demand,0.7171859154194962,Hidden Transit Demand,Behavioral Hidden Demand,Dynamic Behavioral Area,0.2687934,0.28517497,0.24387228,0.27324224,0.28986952,0.25922215,0.27597588,0.28187644,0.2564364,0.2663498,0.3003988,0.2715982,0.27432266,0.2501407,0.22085565,river_or_waterfront,0.3003988,river_or_waterfront; suburban_peripheral; low_density_residential
2626,대흥(서강대앞),6호선,High Priority Hidden Demand,0.7165912483191108,Hidden Transit Demand,Behavioral Hidden Demand,Dynamic Behavioral Area,0.25813624,0.2769209,0.23991242,0.2679723,0.28059497,0.2603819,0.2804342,0.28005475,0.2629187,0.26737952,0.2913583,0.25138313,0.27585953,0.25168297,0.22635823,river_or_waterfront,0.2913583,river_or_waterfront; suburban_peripheral; low_transit_access
2517,우장산,5호선,Already Captured Core Demand,0.7128586488710935,Observed Core Demand,Behavioral Hidden Demand,Dynamic Behavioral Area,0.26475957,0.2869438,0.2414693,0.26700506,0.293539,0.258048,0.2738647,0.27135593,0.26365715,0.26293576,0.28686726,0.25508055,0.27616572,0.25318417,0.22224778,suburban_peripheral,0.293539,suburban_peripheral; low_density_residential; river_or_waterfront
341,경찰병원,3호선,High Priority Hidden Demand,0.7078735117541605,Hidden Transit Demand,Morphology-Supported Hidden Demand,Dynamic Dense Urban Area,0.2733833,0.2926264,0.25500172,0.2806791,0.28634715,0.26148945,0.28250724,0.28299794,0.27380037,0.25669372,0.2825992,0.2547305,0.28227854,0.24956805,0.23128292,low_density_residential,0.2926264,low_density_residential; suburban_peripheral; road_oriented
4114,국회의사당,9호선,High Priority Hidden Demand,0.7073724861509011,Hidden Transit Demand,Morphology-Supported Hidden Demand,Dynamic Dense Urban Area,0.24843995,0.26189312,0.2377289,0.2601246,0.26764554,0.27234656,0.2760469,0.2785206,0.25115782,0.24956195,0.3100279,0.26371428,0.25538313,0.24251139,0.21177599,river_or_waterfront,0.3100279,river_or_waterfront; road_oriented; low_transit_access
2616,구산,6호선,High Priority Hidden Demand,0.7057542051522193,Hidden Transit Demand,Behavioral Hidden Demand,Dynamic Behavioral Area,0.26451662,0.284106,0.24231513,0.26699257,0.28988403,0.24633732,0.26913378,0.26730302,0.25321892,0.277992,0.28466102,0.25767288,0.27862275,0.25472066,0.21783742,suburban_peripheral,0.28988403,suburban_peripheral; river_or_waterfront; low_density_residential
2618,증산(명지대앞),6호선,High Priority Hidden Demand,0.7040586304518878,Hidden Transit Demand,Behavioral Hidden Demand,Dynamic Behavioral Area,0.28281006,0.30060798,0.2516682,0.2754974,0.3003529,0.26351392,0.28645724,0.28911653,0.2659814,0.27851138,0.2934236,0.2657975,0.29385304,0.26181483,0.23665673,low_density_residential,0.30060798,low_density_residential; suburban_peripheral; university_area
2755,춘의,7호선,Morphology-Supported Hidden Demand,0.7030467903330531,Low Demand / Peripheral,Morphology-Supported Hidden Demand,Stable Dense Urban Area,0.27735823,0.29342914,0.26146212,0.27683884,0.28912318,0.27288115,0.28153455,0.28663713,0.2661077,0.26848423,0.2935782,0.26546013,0.27045584,0.25505516,0.23682268,river_or_waterfront,0.2935782,river_or_waterfront; low_density_residential; suburban_peripheral
4110,염창,9호선,High Priority Hidden Demand,0.7026908633340146,Hidden Transit Demand,Behavioral Hidden Demand,Dynamic Behavioral Area,0.24934384,0.26875964,0.23252468,0.2587098,0.28092247,0.2518183,0.27271625,0.2743138,0.24895415,0.25491267,0.3112517,0.2591523,0.26855513,0.2534039,0.2164202,river_or_waterfront,0.3112517,river_or_waterfront; suburban_peripheral; road_oriented
2525,영등포시장,5호선,Morphology-Supported Hidden Demand,0.7014481550256653,Observed Core Demand,Morphology-Supported Hidden Demand,Dynamic Dense Urban Area,0.26125556,0.27629656,0.25478905,0.26758277,0.2760716,0.25417483,0.27635297,0.27274778,0.2619933,0.26069862,0.28359002,0.25300008,0.27448004,0.25125015,0.2373565,river_or_waterfront,0.28359002,river_or_waterfront; low_transit_access; low_density_residential
213,구의(광진구청),2호선,Morphology-Supported Hidden Demand,0.6979287975654592,Observed Core Demand,Morphology-Supported Hidden Demand,Dynamic Dense Urban Area,0.27017236,0.29154983,0.24889696,0.2665164,0.28223062,0.26104173,0.27896,0.28305066,0.26471758,0.25330207,0.31375974,0.26015937,0.27543092,0.25192708,0.22616835,river_or_waterfront,0.31375974,river_or_waterfront; low_density_residential; road_oriented
2515,마곡,5호선,High Priority Hidden Demand,0.6959083890029542,Hidden Transit Demand,Morphology-Supported Hidden Demand,Dynamic Dense Urban Area,0.27724692,0.29657587,0.26391283,0.2797283,0.28693444,0.27094993,0.28502506,0.28204405,0.27758738,0.26055747,0.28575015,0.2630283,0.2833621,0.25597644,0.24380782,low_density_residential,0.29657587,low_density_residential; suburban_peripheral; river_or_waterfront
2739,남성,7호선,Already Captured Core Demand,0.6906136769529289,Observed Core Demand,Behavioral Hidden Demand,Dynamic Behavioral Area,0.2746022,0.2921793,0.25032607,0.2754866,0.29222977,0.26393747,0.28865725,0.28362018,0.26587993,0.27086776,0.2994706,0.2698867,0.28755984,0.25247908,0.23163113,river_or_waterfront,0.2994706,river_or_waterfront; suburban_peripheral; low_density_residential
428,삼각지,4호선,High Priority Hidden Demand,0.6889077378665411,Hidden Transit Demand,Morphology-Supported Hidden Demand,Dynamic Dense Urban Area,0.26181632,0.27262753,0.25808263,0.2711805,0.2705802,0.26034376,0.27313522,0.2756607,0.25565305,0.25356755,0.2778151,0.26688367,0.27926272,0.25556785,0.24348976,university_area,0.27926272,university_area; river_or_waterfront; road_oriented
2550,길동,5호선,High Priority Hidden Demand,0.6856570012036122,Hidden Transit Demand,Behavioral Hidden Demand,Dynamic Behavioral Area,0.2723779,0.29222065,0.25242507,0.27558815,0.286142,0.2526012,0.27918968,0.27960837,0.2697968,0.2713026,0.28737655,0.24933979,0.2847168,0.25725263,0.23910369,low_density_residential,0.29222065,low_density_residential; river_or_waterfront; suburban_peripheral
2617,새절(신사),6호선,Already Captured Core Demand,0.6853243973789865,Observed Core Demand,Behavioral Hidden Demand,Dynamic Behavioral Area,0.271231,0.28858376,0.24928808,0.27239463,0.29564053,0.2532322,0.27837786,0.27419978,0.25919354,0.2800005,0.28691497,0.2624231,0.2859668,0.25923818,0.23409995,suburban_peripheral,0.29564053,suburban_peripheral; low_density_residential; river_or_waterfront
4124,사평,9호선,Morphology-Supported Hidden Demand,0.6852384820962064,Low Demand / Peripheral,Morphology-Supported Hidden Demand,Dynamic Dense Urban Area,0.28392273,0.30072695,0.2663814,0.28548872,0.29491678,0.27755266,0.2889564,0.29206204,0.28257802,0.264933,0.28813985,0.26620096,0.28764847,0.26520815,0.25002035,low_density_residential,0.30072695,low_density_residential; suburban_peripheral; road_oriented
4108,증미,9호선,High Priority Hidden Demand,0.684731494777743,Hidden Transit Demand,Behavioral Hidden Demand,Dynamic Behavioral Area,0.24932659,0.26249802,0.22971685,0.2572141,0.27716464,0.25517008,0.27201024,0.27222785,0.24571478,0.26285672,0.32340336,0.265895,0.26443627,0.25032547,0.21275082,river_or_waterfront,0.32340336,river_or_waterfront; suburban_peripheral; road_oriented
410,상계,4호선,Already Captured Core Demand,0.6806919194356742,Observed Core Demand,Behavioral Hidden Demand,Dynamic Behavioral Area,0.2623785,0.28554907,0.23568623,0.26621363,0.29412204,0.2584157,0.28165337,0.2639513,0.25645307,0.28287852,0.2788444,0.25120637,0.2799936,0.25414026,0.22207324,suburban_peripheral,0.29412204,suburban_peripheral; low_density_residential; green_mountain_area
4118,노들,9호선,High Priority Hidden Demand,0.6801791033162498,Hidden Transit Demand,Behavioral Hidden Demand,Stable Low-Intensity Area,0.24198705,0.26156422,0.22343877,0.25823092,0.26775086,0.2732892,0.27225077,0.28612924,0.2522644,0.2504803,0.30424258,0.25036716,0.25094405,0.24363999,0.20051268,river_or_waterfront,0.30424258,river_or_waterfront; road_oriented; transit_hub
247,도림천,2호선,Morphology-Supported Hidden Demand,0.6801155043015065,Low Demand / Peripheral,Morphology-Supported Hidden Demand,Stable Dense Urban Area,0.25659654,0.27025932,0.24466814,0.2704838,0.2787418,0.275406,0.2822613,0.30344307,0.25903362,0.2563877,0.30323666,0.2597477,0.26649886,0.24797112,0.22884694,road_oriented,0.30344307,road_oriented; river_or_waterfront; low_transit_access
313,녹번,3호선,Already Captured Core Demand,0.678698097452277,Observed Core Demand,Behavioral Hidden Demand,Dynamic Behavioral Area,0.25555283,0.27338862,0.22610635,0.2585287,0.28217983,0.24412665,0.26787364,0.26322114,0.24343127,0.2879721,0.2796395,0.2481809,0.2680135,0.24531034,0.21089925,green_mountain_area,0.2879721,green_mountain_area; suburban_peripheral; river_or_waterfront
2551,굽은다리(강동구민회관앞),5호선,High Priority Hidden Demand,0.677049244376362,Hidden Transit Demand,Behavioral Hidden Demand,Dynamic Behavioral Area,0.27268636,0.29329094,0.24586129,0.27674335,0.29455853,0.25152302,0.27679458,0.28089413,0.26845172,0.28072655,0.29791144,0.25221413,0.29210386,0.25876904,0.23038954,river_or_waterfront,0.29791144,river_or_waterfront; suburban_peripheral; low_density_residential
4129,봉은사,9호선(연장),Morphology-Supported Hidden Demand,0.6765557210488992,Observed Core Demand,Morphology-Supported Hidden Demand,Dynamic Dense Urban Area,0.2438024,0.25991088,0.23943377,0.26215965,0.26537403,0.27635086,0.27710468,0.27278948,0.25236723,0.24121028,0.30159602,0.26231015,0.25380415,0.24946466,0.22062904,river_or_waterfront,0.30159602,river_or_waterfront; low_transit_access; transit_hub
2813,강동구청,8호선,Already Captured Core Demand,0.6764935205864518,Observed Core Demand,Behavioral Hidden Demand,Dynamic Behavioral Area,0.24914335,0.26723617,0.24023354,0.26291883,0.26956767,0.26750073,0.2724479,0.27023196,0.25488335,0.24336074,0.30330357,0.255169,0.25939995,0.25158727,0.2116479,river_or_waterfront,0.30330357,river_or_waterfront; low_transit_access; road_oriented
4710,정릉,우이신설선,High Priority Hidden Demand,0.6754096049042086,Hidden Transit Demand,Behavioral Hidden Demand,Dynamic Behavioral Area,0.25015602,0.27506563,0.2184189,0.2571926,0.29218292,0.25433853,0.27235726,0.26050472,0.24744049,0.281676,0.2847495,0.24615937,0.27170378,0.25090367,0.2052443,suburban_peripheral,0.29218292,suburban_peripheral; river_or_waterfront; green_mountain_area
4137,둔촌오륜,9호선(연장),High Priority Hidden Demand,0.6752347451670093,Hidden Transit Demand,Behavioral Hidden Demand,Stable Low-Intensity Area,0.26832056,0.28900293,0.2496536,0.27388722,0.2885619,0.26826406,0.28041732,0.2759633,0.2699942,0.27054635,0.2879456,0.25581878,0.27670062,0.25676188,0.21868788,low_density_residential,0.28900293,low_density_residential; suburban_peripheral; river_or_waterfront
2528,여의나루,5호선,Already Captured Core Demand,0.6748173594267726,Observed Core Demand,Behavioral Hidden Demand,Dynamic Behavioral Area,0.24725476,0.26496136,0.2347468,0.25817752,0.27314088,0.26815444,0.27101487,0.26724842,0.24801871,0.25850964,0.31135565,0.26363838,0.25795817,0.24485722,0.20640212,river_or_waterfront,0.31135565,river_or_waterfront; suburban_peripheral; low_transit_access
2518,화곡,5호선,Already Captured Core Demand,0.6737673990818737,Observed Core Demand,Behavioral Hidden Demand,Dynamic Behavioral Area,0.28073242,0.30244866,0.25909638,0.28067568,0.30200815,0.26090693,0.2895619,0.2881608,0.27693814,0.27461964,0.28981167,0.26287264,0.29347628,0.25900352,0.24271622,low_density_residential,0.30244866,low_density_residential; suburban_peripheral; university_area
4702,솔밭공원,우이신설선,Low Priority,0.6730528825212564,Low Demand / Peripheral,Behavioral Hidden Demand,Stable Low-Intensity Area,0.24952626,0.26453722,0.2233652,0.24437279,0.27331033,0.23929442,0.2535226,0.25539055,0.24381594,0.2845706,0.27477407,0.22852811,0.253753,0.24198385,0.21558523,green_mountain_area,0.2845706,green_mountain_area; river_or_waterfront; suburban_peripheral
315,무악재,3호선,High Priority Hidden Demand,0.6709728737434902,Hidden Transit Demand,Behavioral Hidden Demand,Stable Low-Intensity Area,0.25289974,0.27825058,0.22772631,0.25998464,0.29109874,0.24882519,0.27388385,0.26131457,0.25243893,0.27919596,0.2737029,0.24607468,0.2708795,0.24680367,0.20693982,suburban_peripheral,0.29109874,suburban_peripheral; green_mountain_area; low_density_residential
4128,삼성중앙,9호선(연장),High Priority Hidden Demand,0.6697910353792008,Hidden Transit Demand,Morphology-Supported Hidden Demand,Dynamic Dense Urban Area,0.27545404,0.29028994,0.26871747,0.28087574,0.27916935,0.27171716,0.2899891,0.28873372,0.27546525,0.26048896,0.28801018,0.26410466,0.28844792,0.25983936,0.24822316,low_density_residential,0.29028994,low_density_residential; low_transit_access; road_oriented
4122,신반포,9호선,Morphology-Supported Hidden Demand,0.668754866028035,Low Demand / Peripheral,Morphology-Supported Hidden Demand,Stable Dense Urban Area,0.27465996,0.28836972,0.25196004,0.27775735,0.28926173,0.27640396,0.2893477,0.29226884,0.26049715,0.2649298,0.32137257,0.28129837,0.28015968,0.2591274,0.23030703,river_or_waterfront,0.32137257,river_or_waterfront; road_oriented; low_transit_access
2559,개롱,5호선,High Priority Hidden Demand,0.6677744948650232,Hidden Transit Demand,Behavioral Hidden Demand,Dynamic Behavioral Area,0.26986048,0.28863952,0.24627736,0.27190006,0.28953385,0.25797853,0.2769904,0.2858445,0.26996073,0.2607476,0.2857368,0.2558753,0.2764999,0.24778685,0.2221895,suburban_peripheral,0.28953385,suburban_peripheral; low_density_residential; road_oriented
2615,연신내,6호선,Low Priority,0.6676903088066604,Low Demand / Peripheral,Behavioral Hidden Demand,Stable Low-Intensity Area,0.2584488,0.27838686,0.22814968,0.26063836,0.29032642,0.246397,0.26728147,0.26480326,0.2483179,0.28437206,0.28803837,0.24685709,0.27029663,0.24701002,0.21334389,suburban_peripheral,0.29032642,suburban_peripheral; river_or_waterfront; green_mountain_area
2614,독바위,6호선,High Priority Hidden Demand,0.6654387419460293,Hidden Transit Demand,Behavioral Hidden Demand,Stable Low-Intensity Area,0.23202932,0.2559133,0.20933503,0.23716031,0.27342904,0.23179185,0.24690199,0.23667614,0.22822209,0.29160196,0.2626176,0.2352187,0.24921215,0.23634389,0.20294383,green_mountain_area,0.29160196,green_mountain_area; suburban_peripheral; river_or_waterfront
4134,송파나루,9호선(연장),Morphology-Supported Hidden Demand,0.6649151661718943,Low Demand / Peripheral,Morphology-Supported Hidden Demand,Dynamic Dense Urban Area,0.28333056,0.3052922,0.25810224,0.27857727,0.2932306,0.25953114,0.2826985,0.28168133,0.28728193,0.25737855,0.29321718,0.2546224,0.28392237,0.2534953,0.24077295,low_density_residential,0.3052922,low_density_residential; suburban_peripheral; river_or_waterfront
2747,남구로,7호선,Already Captured Core Demand,0.6648629107819866,Observed Core Demand,Behavioral Hidden Demand,Dynamic Behavioral Area,0.27129292,0.28802264,0.2544458,0.27617496,0.29174024,0.26451033,0.28665483,0.28788447,0.26328343,0.26446542,0.29818028,0.26316044,0.28011432,0.2549896,0.2406635,river_or_waterfront,0.29818028,river_or_waterfront; suburban_peripheral; low_density_residential
2817,송파,8호선,High Priority Hidden Demand,0.6629308268006613,Hidden Transit Demand,Morphology-Supported Hidden Demand,Dynamic Dense Urban Area,0.28456685,0.30388704,0.26070625,0.28063944,0.2862981,0.26017395,0.27547103,0.28005466,0.28397733,0.2495086,0.279101,0.25744587,0.27666175,0.24831516,0.23717406,low_density_residential,0.30388704,low_density_residential; suburban_peripheral; dense_residential
2746,대림(구로구청),7호선,High Priority Hidden Demand,0.6608209816381992,Hidden Transit Demand,Morphology-Supported Hidden Demand,Dynamic Dense Urban Area,0.27064162,0.29145035,0.26095316,0.2769717,0.28747088,0.26344213,0.28515187,0.29037675,0.26594993,0.26471668,0.29802442,0.26606262,0.27827808,0.2534663,0.24796006,river_or_waterfront,0.29802442,river_or_waterfront; low_density_residential; road_oriented
4130,종합운동장,9호선(연장),Morphology-Supported Hidden Demand,0.6602509096290445,Low Demand / Peripheral,Morphology-Supported Hidden Demand,Stable Dense Urban Area,0.25962076,0.27319422,0.2491169,0.27366462,0.2775221,0.2832882,0.27651435,0.286662,0.25613922,0.26168117,0.30061507,0.27020943,0.27094063,0.25627863,0.22107346,river_or_waterfront,0.30061507,river_or_waterfront; road_oriented; transit_hub
4704,가오리,우이신설선,High Priority Hidden Demand,0.6586750172101082,Hidden Transit Demand,Behavioral Hidden Demand,Stable Low-Intensity Area,0.25427133,0.27391055,0.22898915,0.25314984,0.28786847,0.24611321,0.26354113,0.2615211,0.24452952,0.2922637,0.28737378,0.24390657,0.26859093,0.2541623,0.21975628,green_mountain_area,0.2922637,green_mountain_area; suburban_peripheral; river_or_waterfront
2516,발산,5호선,Morphology-Supported Hidden Demand,0.6568621270760433,Observed Core Demand,Morphology-Supported Hidden Demand,Dynamic Dense Urban Area,0.26694334,0.28501153,0.25276265,0.27617496,0.28396645,0.26300174,0.2784832,0.2736528,0.26640278,0.26641774,0.29314783,0.252846,0.2776273,0.25176954,0.23489235,river_or_waterfront,0.29314783,river_or_waterfront; low_density_residential; suburban_peripheral
4131,삼전,9호선(연장),Morphology-Supported Hidden Demand,0.6567333318679662,Low Demand / Peripheral,Morphology-Supported Hidden Demand,Dynamic Dense Urban Area,0.2681269,0.28561455,0.25195825,0.27283084,0.28998822,0.26490116,0.28137928,0.28767526,0.2763236,0.26440877,0.31094635,0.26208505,0.27598542,0.26117268,0.23663001,river_or_waterfront,0.31094635,river_or_waterfront; suburban_peripheral; road_oriented
309,지축,3호선,High Priority Hidden Demand,0.6565258366968659,Hidden Transit Demand,Behavioral Hidden Demand,Stable Low-Intensity Area,0.23994726,0.26288438,0.2133793,0.24338144,0.27427638,0.23736855,0.25406554,0.26145533,0.23295182,0.28661382,0.27559546,0.24656394,0.25573564,0.23888901,0.2019844,green_mountain_area,0.28661382,green_mountain_area; river_or_waterfront; suburban_peripheral
2557,방이,5호선,High Priority Hidden Demand,0.6564659685459048,Hidden Transit Demand,Behavioral Hidden Demand,Dynamic Behavioral Area,0.28170043,0.30014253,0.25683552,0.28069064,0.29051366,0.26076072,0.27981773,0.28383258,0.28378356,0.25788853,0.28670982,0.25667447,0.28224084,0.25450987,0.23423329,low_density_residential,0.30014253,low_density_residential; suburban_peripheral; river_or_waterfront
2537,동대문역사문화공원,5호선,Morphology-Supported Hidden Demand,0.6563800164756312,Low Demand / Peripheral,Morphology-Supported Hidden Demand,Stable Dense Urban Area,0.27539995,0.29190442,0.26790598,0.27752227,0.27877018,0.26527944,0.28838915,0.28040993,0.27618492,0.2653091,0.2881028,0.26043087,0.2836453,0.26168388,0.2528867,low_density_residential,0.29190442,low_density_residential; low_transit_access; river_or_waterfront
2624,상수,6호선,Already Captured Core Demand,0.6552425850555685,Observed Core Demand,Behavioral Hidden Demand,Dynamic Behavioral Area,0.26051477,0.28150412,0.24476475,0.27179244,0.27866438,0.26933864,0.28138724,0.28442842,0.2617478,0.25931,0.31283143,0.2625233,0.2700065,0.26198405,0.22283962,river_or_waterfront,0.31283143,river_or_waterfront; road_oriented; low_density_residential
2644,돌곶이,6호선,High Priority Hidden Demand,0.6547812467180891,Hidden Transit Demand,Behavioral Hidden Demand,Dynamic Behavioral Area,0.2824446,0.30362916,0.25225383,0.27723292,0.29764348,0.263772,0.28843567,0.2889486,0.2723723,0.27006787,0.29345414,0.2640773,0.29039386,0.25878575,0.23260155,low_density_residential,0.30362916,low_density_residential; suburban_peripheral; river_or_waterfront
336,학여울,3호선,Morphology-Supported Hidden Demand,0.6547468520500035,Low Demand / Peripheral,Morphology-Supported Hidden Demand,Stable Dense Urban Area,0.271115,0.28120616,0.25447553,0.2807278,0.28345633,0.27908644,0.28079963,0.30107233,0.27044436,0.2553233,0.30382007,0.27074787,0.2694311,0.25688064,0.2316646,river_or_waterfront,0.30382007,river_or_waterfront; road_oriented; suburban_peripheral
2612,역촌,6호선,Morphology-Supported Hidden Demand,0.6538556269850548,Low Demand / Peripheral,Morphology-Supported Hidden Demand,Stable Dense Urban Area,0.26565546,0.28465736,0.25072965,0.26727712,0.28596035,0.25264782,0.2789329,0.28179368,0.26266897,0.26785642,0.29162127,0.251275,0.28245422,0.25715294,0.24300388,river_or_waterfront,0.29162127,river_or_waterfront; suburban_peripheral; low_density_residential
2819,문정,8호선,Already Captured Core Demand,0.6527372772033584,Observed Core Demand,Behavioral Hidden Demand,Dynamic Behavioral Area,0.27857512,0.2938642,0.25219533,0.27957362,0.29357696,0.2648337,0.2801261,0.28965235,0.27316052,0.25595802,0.2934084,0.2600428,0.27916628,0.24922106,0.23125425,low_density_residential,0.2938642,low_density_residential; suburban_peripheral; river_or_waterfront
419,한성대입구(삼선교),4호선,Already Captured Core Demand,0.6521588270241364,Observed Core Demand,Behavioral Hidden Demand,Dynamic Behavioral Area,0.25375137,0.2722427,0.22312254,0.25715837,0.28326952,0.24043538,0.26626775,0.25830746,0.23774502,0.2890772,0.27880862,0.24778774,0.26950234,0.24735501,0.21490982,green_mountain_area,0.2890772,green_mountain_area; suburban_peripheral; river_or_waterfront
4119,흑석(중앙대입구),9호선,High Priority Hidden Demand,0.6509305399215526,Hidden Transit Demand,Behavioral Hidden Demand,Stable Low-Intensity Area,0.25039482,0.26836193,0.22917242,0.2556532,0.27042443,0.25072342,0.2667327,0.2583276,0.24308653,0.25212204,0.30408967,0.25831032,0.2631148,0.24648164,0.20285441,river_or_waterfront,0.30408967,river_or_waterfront; suburban_peripheral; low_density_residential
2740,숭실대입구(살피재),7호선,Already Captured Core Demand,0.650017453632345,Observed Core Demand,Behavioral Hidden Demand,Dynamic Behavioral Area,0.27879286,0.2964366,0.24012293,0.27179232,0.29119053,0.25547647,0.27685326,0.27057868,0.26529104,0.27978033,0.29374403,0.25042588,0.27752197,0.24975015,0.22296312,low_density_residential,0.2964366,low_density_residential; river_or_waterfront; suburban_peripheral
2758,상동,7호선,Morphology-Supported Hidden Demand,0.6486786337794166,Low Demand / Peripheral,Morphology-Supported Hidden Demand,Dynamic Dense Urban Area,0.28002697,0.29073513,0.2615874,0.27610826,0.27919802,0.26900035,0.27376977,0.27985218,0.26744622,0.25525892,0.284144,0.26444533,0.2748526,0.25557047,0.24317682,low_density_residential,0.29073513,low_density_residential; river_or_waterfront; dense_residential
4112,선유도,9호선,Morphology-Supported Hidden Demand,0.6478858600295493,Low Demand / Peripheral,Morphology-Supported Hidden Demand,Stable Dense Urban Area,0.2460095,0.25879413,0.23141938,0.25811774,0.2716699,0.25858885,0.26882783,0.2741437,0.24494156,0.25055504,0.3137773,0.25630063,0.25654668,0.24364392,0.20939496,river_or_waterfront,0.3137773,river_or_waterfront; road_oriented; suburban_peripheral
2815,잠실(송파구청),8호선,Morphology-Supported Hidden Demand,0.6468546162829037,Observed Core Demand,Morphology-Supported Hidden Demand,Dynamic Dense Urban Area,0.26690224,0.28716013,0.25956124,0.2784188,0.27633744,0.2672016,0.27821296,0.27496278,0.28039163,0.25639737,0.29104495,0.25702706,0.27674055,0.25548664,0.23107307,river_or_waterfront,0.29104495,river_or_waterfront; low_density_residential; pedestrian_friendly
4104,신방화,9호선,Morphology-Supported Hidden Demand,0.6460133645530922,Low Demand / Peripheral,Morphology-Supported Hidden Demand,Stable Dense Urban Area,0.27477372,0.29388654,0.25439307,0.2748552,0.28948307,0.25414565,0.28065002,0.28253597,0.2774656,0.26759064,0.28672552,0.2548475,0.2897158,0.26187193,0.24525237,low_density_residential,0.29388654,low_density_residential; university_area; suburban_peripheral
2521,목동,5호선,Morphology-Supported Hidden Demand,0.6452974729635069,Observed Core Demand,Morphology-Supported Hidden Demand,Dynamic Dense Urban Area,0.27899802,0.2933324,0.25576514,0.27519515,0.29088637,0.25896445,0.2830158,0.2896831,0.26889262,0.2635014,0.29103273,0.25743335,0.28297958,0.2565065,0.24474064,low_density_residential,0.2933324,low_density_residential; river_or_waterfront; suburban_peripheral
2523,양평,5호선,Morphology-Supported Hidden Demand,0.6434914284928166,Low Demand / Peripheral,Morphology-Supported Hidden Demand,Dynamic Dense Urban Area,0.2506858,0.27312028,0.23671046,0.260862,0.2720627,0.27742684,0.27507627,0.2863348,0.26488978,0.24941985,0.29072624,0.23824796,0.26288792,0.23822662,0.21244526,river_or_waterfront,0.29072624,river_or_waterfront; road_oriented; transit_hub
2745,신풍,7호선,Morphology-Supported Hidden Demand,0.6434436062577465,Observed Core Demand,Morphology-Supported Hidden Demand,Dynamic Dense Urban Area,0.27216512,0.29002744,0.25619993,0.2803128,0.28806502,0.25994825,0.28491837,0.28837925,0.26821858,0.26562384,0.29156756,0.2621136,0.28411627,0.25341082,0.23720008,river_or_waterfront,0.29156756,river_or_waterfront; low_density_residential; road_oriented
2728,어린이대공원(세종대),7호선,Already Captured Core Demand,0.643139460609298,Observed Core Demand,Behavioral Hidden Demand,Dynamic Behavioral Area,0.26434863,0.28435174,0.24587454,0.2674857,0.27977842,0.26459914,0.28062665,0.26672822,0.26319996,0.26737952,0.29736438,0.2561564,0.28038123,0.262486,0.22313106,river_or_waterfront,0.29736438,river_or_waterfront; low_density_residential; low_transit_access
2622,망원,6호선,Already Captured Core Demand,0.6431116400339275,Observed Core Demand,Behavioral Hidden Demand,Dynamic Behavioral Area,0.26381594,0.2810783,0.25436777,0.27009887,0.2778144,0.2652067,0.28397,0.28327924,0.26060224,0.26175487,0.31640714,0.2703091,0.2744523,0.2609663,0.23271069,river_or_waterfront,0.31640714,river_or_waterfront; low_transit_access; road_oriented
2543,답십리,5호선,Already Captured Core Demand,0.6419829997115183,Observed Core Demand,Behavioral Hidden Demand,Dynamic Behavioral Area,0.2622146,0.2825856,0.24588709,0.27201056,0.28565073,0.25586998,0.27573633,0.28370163,0.2642056,0.26454902,0.2936899,0.25155616,0.27624112,0.24912664,0.22885858,river_or_waterfront,0.2936899,river_or_waterfront; suburban_peripheral; road_oriented
2759,삼산체육관,7호선,Low Priority,0.640033741793742,Low Demand / Peripheral,Visually Dense but Transit-Captured,Stable Dense Urban Area,0.2673935,0.28017145,0.25697184,0.2743079,0.26972717,0.26871237,0.27693155,0.27590665,0.26437306,0.2577506,0.27967438,0.2601226,0.28362527,0.2590439,0.23554823,university_area,0.28362527,university_area; low_density_residential; river_or_waterfront
2641,고려대(종암),6호선,High Priority Hidden Demand,0.6395914255105856,Hidden Transit Demand,Behavioral Hidden Demand,Dynamic Behavioral Area,0.26375782,0.28272218,0.24492796,0.26906043,0.28981364,0.2629669,0.28244254,0.28496468,0.26836812,0.26756367,0.28280637,0.2522223,0.28161752,0.25392404,0.22664168,suburban_peripheral,0.28981364,suburban_peripheral; road_oriented; river_or_waterfront
154,종로5가,1호선,Morphology-Supported Hidden Demand,0.6395141661191109,Observed Core Demand,Morphology-Supported Hidden Demand,Dynamic Dense Urban Area,0.26397553,0.27840832,0.25267956,0.27130955,0.27577493,0.25786954,0.2805224,0.28326917,0.25780794,0.2677578,0.28603765,0.25983334,0.28476837,0.2597832,0.23661265,river_or_waterfront,0.28603765,river_or_waterfront; university_area; road_oriented
4121,구반포,9호선,Low Priority,0.639477854022946,Low Demand / Peripheral,Low Visual / Low Hidden,Stable Low-Intensity Area,0.26072568,0.27989367,0.23864883,0.27347106,0.2859334,0.27317905,0.282145,0.28447348,0.2599108,0.2539052,0.31170404,0.26504093,0.26902765,0.24522421,0.21446264,river_or_waterfront,0.31170404,river_or_waterfront; suburban_peripheral; road_oriented
2539,신금호,5호선,High Priority Hidden Demand,0.6382445394766595,Hidden Transit Demand,Behavioral Hidden Demand,Dynamic Behavioral Area,0.27466154,0.299842,0.24119645,0.27512574,0.29899573,0.25037304,0.27436015,0.28183365,0.27683818,0.28348878,0.28439742,0.24774635,0.2905752,0.2486245,0.22463158,low_density_residential,0.299842,low_density_residential; suburban_peripheral; university_area
413,쌍문,4호선,Already Captured Core Demand,0.6382304735786313,Observed Core Demand,Behavioral Hidden Demand,Dynamic Behavioral Area,0.2690418,0.29067343,0.24400422,0.27216548,0.29862413,0.26506102,0.28727257,0.28413373,0.26571938,0.27258217,0.2969894,0.2534988,0.28402182,0.25453788,0.22954555,suburban_peripheral,0.29862413,suburban_peripheral; river_or_waterfront; low_density_residential
415,미아(서울사이버대학),4호선,Already Captured Core Demand,0.6374847738806622,Observed Core Demand,Behavioral Hidden Demand,Dynamic Behavioral Area,0.27272192,0.29379016,0.24063182,0.27638212,0.2990747,0.25173488,0.27185243,0.27039477,0.26637203,0.27960333,0.28749645,0.2546548,0.27878922,0.25410187,0.21873406,suburban_peripheral,0.2990747,suburban_peripheral; low_density_residential; river_or_waterfront
4705,화계,우이신설선,Low Priority,0.6355904481800569,Low Demand / Peripheral,Behavioral Hidden Demand,Stable Low-Intensity Area,0.24008438,0.26147294,0.21793869,0.24211133,0.28086028,0.23412138,0.25155002,0.2496638,0.23516664,0.28716713,0.27194998,0.23190778,0.25478405,0.2389409,0.2082423,green_mountain_area,0.28716713,green_mountain_area; suburban_peripheral; river_or_waterfront
4707,삼양사거리,우이신설선,Low Priority,0.6340854971395664,Low Demand / Peripheral,Visually Dense but Transit-Captured,Stable Dense Urban Area,0.28186992,0.30023617,0.25106114,0.27592087,0.29811504,0.2647386,0.29066777,0.29255104,0.27292436,0.2686088,0.29754764,0.2599818,0.28603938,0.2523153,0.23966679,low_density_residential,0.30023617,low_density_residential; suburban_peripheral; river_or_waterfront
2555,둔촌동,5호선,High Priority Hidden Demand,0.6317791294748949,Hidden Transit Demand,Morphology-Supported Hidden Demand,Dynamic Dense Urban Area,0.2840488,0.29804265,0.26644674,0.28133634,0.2865219,0.25596392,0.27921385,0.28608805,0.27676797,0.26822725,0.29041523,0.26143602,0.2876002,0.2684067,0.24781655,low_density_residential,0.29804265,low_density_residential; river_or_waterfront; university_area
2729,건대입구,7호선,Morphology-Supported Hidden Demand,0.6304531095120283,Observed Core Demand,Morphology-Supported Hidden Demand,Dynamic Dense Urban Area,0.26394337,0.2781585,0.2590661,0.27410012,0.26937336,0.27145952,0.28245652,0.2717601,0.26198548,0.26559693,0.2982725,0.26584423,0.28063998,0.2632637,0.23572421,river_or_waterfront,0.2982725,river_or_waterfront; low_transit_access; university_area
2529,마포,5호선,Already Captured Core Demand,0.6300820395023584,Observed Core Demand,Behavioral Hidden Demand,Dynamic Behavioral Area,0.24932131,0.26388168,0.22893581,0.25471002,0.26583353,0.25992703,0.266651,0.26611683,0.24081627,0.2547376,0.30540454,0.25446004,0.26131684,0.25032198,0.20890646,river_or_waterfront,0.30540454,river_or_waterfront; low_transit_access; road_oriented
2642,월곡(동덕여대),6호선,Already Captured Core Demand,0.6295382106714542,Observed Core Demand,Behavioral Hidden Demand,Dynamic Behavioral Area,0.27824897,0.2911598,0.2551721,0.2795384,0.2896145,0.27094936,0.29043034,0.29267627,0.2652694,0.28014502,0.3030883,0.27196085,0.28824195,0.26455405,0.23644465,river_or_waterfront,0.3030883,river_or_waterfront; road_oriented; low_density_residential
2522,오목교(목동운동장앞),5호선,Already Captured Core Demand,0.6294714766511661,Observed Core Demand,Behavioral Hidden Demand,Dynamic Behavioral Area,0.26145318,0.27817005,0.2438076,0.27380544,0.28399286,0.2718562,0.28109044,0.28911504,0.25810105,0.26564342,0.29964548,0.25666085,0.27440512,0.2467759,0.22740138,river_or_waterfront,0.29964548,river_or_waterfront; road_oriented; suburban_peripheral
2546,아차산(어린이대공원후문),5호선,Already Captured Core Demand,0.6283592872568267,Observed Core Demand,Behavioral Hidden Demand,Dynamic Behavioral Area,0.26274064,0.28613573,0.23790313,0.26404658,0.28819102,0.24569148,0.2689765,0.25856376,0.25821894,0.27138057,0.27026913,0.24779838,0.2773903,0.2553788,0.21819043,suburban_peripheral,0.28819102,suburban_peripheral; low_density_residential; university_area
4126,언주,9호선(연장),Morphology-Supported Hidden Demand,0.6280918201641824,Low Demand / Peripheral,Morphology-Supported Hidden Demand,Dynamic Dense Urban Area,0.2798911,0.2940723,0.26984754,0.28118253,0.2857874,0.26745066,0.28942025,0.29012102,0.27715805,0.2678683,0.2954124,0.26107448,0.28336495,0.26402456,0.2520056,river_or_waterfront,0.2954124,river_or_waterfront; low_density_residential; road_oriented
2714,마들,7호선,Already Captured Core Demand,0.6273911733735058,Observed Core Demand,Behavioral Hidden Demand,Dynamic Behavioral Area,0.2719383,0.2901116,0.24718538,0.27430534,0.2963466,0.25615948,0.27981564,0.28366536,0.26861718,0.2692381,0.30681193,0.26203567,0.28425,0.25543377,0.23375386,river_or_waterfront,0.30681193,river_or_waterfront; suburban_peripheral; low_density_residential
2730,뚝섬유원지,7호선,High Priority Hidden Demand,0.6272498085975877,Hidden Transit Demand,Visually Dense but Transit-Captured,Stable Dense Urban Area,0.24779278,0.2663628,0.23902723,0.2608149,0.26858115,0.26697272,0.27495694,0.26592165,0.25027597,0.2537055,0.31824768,0.26354933,0.26131868,0.25766596,0.21586657,river_or_waterfront,0.31824768,river_or_waterfront; low_transit_access; suburban_peripheral
4703,4.19민주묘지,우이신설선,High Priority Hidden Demand,0.6271794517310875,Hidden Transit Demand,Behavioral Hidden Demand,Stable Low-Intensity Area,0.2296817,0.2524324,0.20593193,0.23542221,0.27428973,0.22689255,0.24163526,0.23781997,0.22254738,0.28634214,0.2688846,0.22609586,0.24422441,0.2304817,0.19499795,green_mountain_area,0.28634214,green_mountain_area; suburban_peripheral; river_or_waterfront
2726,중곡,7호선,High Priority Hidden Demand,0.6268503134584684,Hidden Transit Demand,Behavioral Hidden Demand,Dynamic Behavioral Area,0.26610693,0.2838872,0.24236229,0.2676779,0.29151943,0.25922084,0.27256775,0.26992115,0.25553438,0.2833698,0.3001033,0.26112452,0.2779739,0.25745735,0.22933067,river_or_waterfront,0.3001033,river_or_waterfront; suburban_peripheral; low_density_residential
211,성수,2호선,Morphology-Supported Hidden Demand,0.625877982349186,Observed Core Demand,Morphology-Supported Hidden Demand,Dynamic Dense Urban Area,0.26847172,0.28420034,0.26132905,0.27218202,0.27387062,0.269726,0.28005198,0.27932346,0.26276636,0.25775138,0.30196115,0.26757354,0.26984394,0.2656497,0.24123755,river_or_waterfront,0.30196115,river_or_waterfront; low_density_residential; low_transit_access
250,용두(동대문구청),2호선,Low Priority,0.6253064930563715,Low Demand / Peripheral,Visually Dense but Transit-Captured,Stable Dense Urban Area,0.2699383,0.2902172,0.2578199,0.27696043,0.28475955,0.27441585,0.28476298,0.2845146,0.27666909,0.25246894,0.2906674,0.25624275,0.27359077,0.2583564,0.23667002,river_or_waterfront,0.2906674,river_or_waterfront; low_density_residential; low_transit_access
2742,장승배기,7호선,High Priority Hidden Demand,0.6237187052736537,Hidden Transit Demand,Behavioral Hidden Demand,Dynamic Behavioral Area,0.27053845,0.2891037,0.25082162,0.27782586,0.2923747,0.26356977,0.28992936,0.2886058,0.26650923,0.27542967,0.29437009,0.25894567,0.2851827,0.25479403,0.2373901,river_or_waterfront,0.29437009,river_or_waterfront; suburban_peripheral; low_transit_access
335,대치,3호선,Morphology-Supported Hidden Demand,0.6227910798111642,Observed Core Demand,Morphology-Supported Hidden Demand,Dynamic Dense Urban Area,0.28763887,0.30535352,0.2653691,0.28201964,0.28873044,0.27051347,0.2898329,0.28451687,0.28783914,0.2641986,0.2907344,0.26641992,0.28677976,0.26040417,0.2436522,low_density_residential,0.30535352,low_density_residential; river_or_waterfront; low_transit_access
225,방배,2호선,Already Captured Core Demand,0.6212724455232768,Observed Core Demand,Behavioral Hidden Demand,Dynamic Behavioral Area,0.27326515,0.2922063,0.2456672,0.2727166,0.2932394,0.24515563,0.2739705,0.28297186,0.26578325,0.27944458,0.28890276,0.26288337,0.28383976,0.24395123,0.23428328,suburban_peripheral,0.2932394,suburban_peripheral; low_density_residential; river_or_waterfront
4711,성신여대입구(돈암),우이신설선,Low Priority,0.6211768692808843,Low Demand / Peripheral,Low Visual / Low Hidden,Stable Low-Intensity Area,0.27714336,0.29082173,0.25071374,0.2768514,0.2923504,0.25491914,0.28185606,0.28059617,0.26428413,0.27714038,0.2959261,0.2581383,0.28675497,0.2567791,0.23626992,river_or_waterfront,0.2959261,river_or_waterfront; suburban_peripheral; low_density_residential
2552,명일,5호선,High Priority Hidden Demand,0.620759250445482,Hidden Transit Demand,Morphology-Supported Hidden Demand,Dynamic Dense Urban Area,0.27927673,0.30076826,0.25987926,0.27820665,0.29465657,0.2558454,0.2858789,0.28775853,0.27679753,0.26752722,0.29633498,0.26071388,0.29747233,0.2594924,0.24823004,low_density_residential,0.30076826,low_density_residential; university_area; river_or_waterfront
245,신답,2호선,Low Priority,0.6205390930230755,Low Demand / Peripheral,Visually Dense but Transit-Captured,Stable Dense Urban Area,0.26865312,0.28810227,0.2516446,0.27271712,0.28748587,0.27719992,0.28318542,0.28932503,0.27375758,0.2564636,0.2953184,0.25998843,0.27154264,0.25694785,0.23095612,river_or_waterfront,0.2953184,river_or_waterfront; road_oriented; low_density_residential
2814,몽촌토성(평화의문),8호선,Low Priority,0.6195224339900398,Low Demand / Peripheral,Visually Dense but Transit-Captured,Stable Dense Urban Area,0.273822,0.29276156,0.24557997,0.2725268,0.2814213,0.26058632,0.27454376,0.27309164,0.27636465,0.2522993,0.29162586,0.24788126,0.27287894,0.24995106,0.2257453,low_density_residential,0.29276156,low_density_residential; river_or_waterfront; suburban_peripheral
2718,공릉(서울과학기술대),7호선,Already Captured Core Demand,0.6194260144692337,Observed Core Demand,Behavioral Hidden Demand,Dynamic Behavioral Area,0.27137023,0.2863415,0.24958387,0.2801042,0.29442137,0.2520352,0.27919853,0.28416327,0.2614077,0.26399323,0.2960737,0.2675643,0.28937232,0.25655186,0.23400947,river_or_waterfront,0.2960737,river_or_waterfront; suburban_peripheral; university_area
215,잠실나루,2호선,Morphology-Supported Hidden Demand,0.6177544091521187,Observed Core Demand,Morphology-Supported Hidden Demand,Dynamic Dense Urban Area,0.24476574,0.26122785,0.23437679,0.25784153,0.26923382,0.26790452,0.270933,0.26757222,0.24768874,0.24425463,0.30812627,0.2568178,0.25018114,0.24178423,0.20963192,river_or_waterfront,0.30812627,river_or_waterfront; low_transit_access; suburban_peripheral
2753,까치울,7호선,Low Priority,0.6169001359543673,Low Demand / Peripheral,Behavioral Hidden Demand,Stable Low-Intensity Area,0.26360217,0.28918585,0.23359716,0.26586545,0.29380652,0.23702686,0.26409808,0.26616427,0.2659277,0.27006698,0.270352,0.2534973,0.27922925,0.24418658,0.21462592,suburban_peripheral,0.29380652,suburban_peripheral; low_density_residential; university_area
2640,안암(고대병원앞),6호선,Already Captured Core Demand,0.6160699651094227,Observed Core Demand,Behavioral Hidden Demand,Dynamic Behavioral Area,0.270488,0.29012,0.24912515,0.27309218,0.29057246,0.2585596,0.2789093,0.27815714,0.26483613,0.27147782,0.28370357,0.2585279,0.2867678,0.25798747,0.22745329,suburban_peripheral,0.29057246,suburban_peripheral; low_density_residential; university_area
2630,녹사평(용산구청),6호선,Low Priority,0.6150995107744491,Low Demand / Peripheral,Behavioral Hidden Demand,Stable Low-Intensity Area,0.2545779,0.26795506,0.24853784,0.27168944,0.27848798,0.26858947,0.28040385,0.27583936,0.24474508,0.26493108,0.29079866,0.26675433,0.27956042,0.2580797,0.2333809,river_or_waterfront,0.29079866,river_or_waterfront; low_transit_access; university_area
2540,행당,5호선,Low Priority,0.6140710552656983,Low Demand / Peripheral,Behavioral Hidden Demand,Dynamic Behavioral Area,0.2682426,0.2865703,0.24030739,0.27262866,0.295396,0.2556491,0.27751693,0.2773818,0.26582253,0.28319776,0.28851104,0.25057006,0.28424412,0.25525784,0.2245739,suburban_peripheral,0.295396,suburban_peripheral; river_or_waterfront; low_density_residential
231,신대방,2호선,Already Captured Core Demand,0.6127821398520189,Observed Core Demand,Behavioral Hidden Demand,Dynamic Behavioral Area,0.26718533,0.28483814,0.24384786,0.2720199,0.2965404,0.2694112,0.28630266,0.28909904,0.26130044,0.2670946,0.29235253,0.25591275,0.27810532,0.2480614,0.22573182,suburban_peripheral,0.2965404,suburban_peripheral; river_or_waterfront; road_oriented
321,충무로,3호선,Low Priority,0.6119484754144012,Low Demand / Peripheral,Visually Dense but Transit-Captured,Stable Dense Urban Area,0.26234722,0.2790524,0.24698097,0.26588526,0.27813566,0.25060797,0.26768714,0.26292595,0.2618695,0.26756263,0.28109783,0.24343869,0.26529816,0.2514674,0.2333748,river_or_waterfront,0.28109783,river_or_waterfront; low_density_residential; suburban_peripheral
2511,방화,5호선,High Priority Hidden Demand,0.611248525682275,Hidden Transit Demand,Behavioral Hidden Demand,Stable Low-Intensity Area,0.24205494,0.26878938,0.22474942,0.25403595,0.2833728,0.25869405,0.26809496,0.2544776,0.24456812,0.2634292,0.29993847,0.25015414,0.25023282,0.23418441,0.193752,river_or_waterfront,0.29993847,river_or_waterfront; suburban_peripheral; low_density_residential
2547,광나루(장신대),5호선,Already Captured Core Demand,0.6100012053363317,Observed Core Demand,Behavioral Hidden Demand,Dynamic Behavioral Area,0.24560755,0.2640612,0.2257297,0.25202262,0.27306235,0.24925667,0.2632639,0.26442838,0.24052563,0.2783003,0.302553,0.25582695,0.26608697,0.25367805,0.21213286,river_or_waterfront,0.302553,river_or_waterfront; green_mountain_area; suburban_peripheral
2549,강동,5호선,Morphology-Supported Hidden Demand,0.6093689242453805,Observed Core Demand,Morphology-Supported Hidden Demand,Dynamic Dense Urban Area,0.27486247,0.28916332,0.26068223,0.2751857,0.28419554,0.2676515,0.287247,0.28403556,0.2684533,0.26832458,0.2880969,0.2589327,0.2755035,0.25688362,0.24086303,low_density_residential,0.28916332,low_density_residential; river_or_waterfront; low_transit_access
2723,면목,7호선,Already Captured Core Demand,0.6091861469884623,Observed Core Demand,Behavioral Hidden Demand,Dynamic Behavioral Area,0.27143887,0.28951868,0.24045904,0.26330233,0.29235986,0.26334506,0.28095788,0.27869493,0.26359355,0.27525482,0.28928947,0.24544635,0.2743937,0.24961582,0.23239422,suburban_peripheral,0.29235986,suburban_peripheral; low_density_residential; river_or_waterfront
2613,불광,6호선,Low Priority,0.6088823141687789,Low Demand / Peripheral,Visually Dense but Transit-Captured,Stable Dense Urban Area,0.27062723,0.29551747,0.25789422,0.27868012,0.28899246,0.2573749,0.28760973,0.28338504,0.27878746,0.27432638,0.28642762,0.25339147,0.2930407,0.25771117,0.24277619,low_density_residential,0.29551747,low_density_residential; university_area; suburban_peripheral
244,용답,2호선,Low Priority,0.6086208064078666,Low Demand / Peripheral,Visually Dense but Transit-Captured,Stable Dense Urban Area,0.26346594,0.27719504,0.25228384,0.27632776,0.27711982,0.28242776,0.28565574,0.29602534,0.26036835,0.25979257,0.30142498,0.26879972,0.27508682,0.25745967,0.23478872,river_or_waterfront,0.30142498,river_or_waterfront; road_oriented; low_transit_access
4105,마곡나루,9호선,Low Priority,0.6078659665865537,Low Demand / Peripheral,Visually Dense but Transit-Captured,Stable Dense Urban Area,0.26044133,0.2782055,0.24744767,0.26887646,0.27690768,0.26722872,0.27686635,0.27622804,0.2558844,0.26491562,0.30940658,0.2757442,0.2778209,0.25272584,0.22912721,river_or_waterfront,0.30940658,river_or_waterfront; low_density_residential; university_area
246,신설동,2호선,Low Priority,0.6072755884211305,Low Demand / Peripheral,Visually Dense but Transit-Captured,Stable Dense Urban Area,0.26760203,0.28235787,0.25886795,0.27531734,0.2754467,0.26426518,0.27869096,0.27496496,0.2679199,0.25818112,0.28672668,0.25218192,0.27029037,0.2519628,0.23972845,river_or_waterfront,0.28672668,river_or_waterfront; low_density_residential; low_transit_access
328,잠원,3호선,Low Priority,0.6072465550872433,Low Demand / Peripheral,Low Visual / Low Hidden,Stable Low-Intensity Area,0.2647699,0.28051972,0.23918079,0.26751837,0.2838326,0.25443143,0.27248693,0.27313083,0.25856453,0.2559123,0.31089866,0.26142853,0.26766568,0.24735513,0.21550599,river_or_waterfront,0.31089866,river_or_waterfront; suburban_peripheral; low_density_residential
2632,한강진,6호선,High Priority Hidden Demand,0.6072099022848475,Hidden Transit Demand,Behavioral Hidden Demand,Dynamic Behavioral Area,0.26623112,0.28378004,0.23892042,0.2725433,0.29390937,0.26284358,0.28259057,0.2765328,0.25820777,0.2804793,0.2891861,0.26115134,0.28412864,0.25660896,0.22128934,suburban_peripheral,0.29390937,suburban_peripheral; river_or_waterfront; university_area
2532,충정로(경기대입구),5호선,Low Priority,0.6070528897136027,Low Demand / Peripheral,Low Visual / Low Hidden,Stable Low-Intensity Area,0.26373157,0.2834642,0.24807459,0.2715518,0.2858495,0.2509387,0.27937087,0.27876586,0.26027226,0.27057377,0.2825135,0.25336638,0.2886683,0.253119,0.23619089,university_area,0.2886683,university_area; suburban_peripheral; low_density_residential
317,경복궁(정부서울청사),3호선,Already Captured Core Demand,0.6064885463297314,Observed Core Demand,Behavioral Hidden Demand,Dynamic Behavioral Area,0.24240634,0.26233438,0.22399363,0.25118336,0.2746299,0.24041507,0.2552568,0.24777752,0.23063922,0.28559315,0.27274597,0.24738303,0.26284587,0.24565431,0.20560695,green_mountain_area,0.28559315,green_mountain_area; suburban_peripheral; river_or_waterfront
4115,여의도,9호선,Transit-Dominant Demand,0.605655632654855,Transit-Dominant / Transfer-Oriented,Visually Dense but Transit-Captured,Dynamic Dense Urban Area,0.26790336,0.27706555,0.2594283,0.27697006,0.265076,0.27035534,0.26922444,0.2786083,0.26198578,0.254424,0.28616172,0.2720886,0.2785955,0.26064762,0.23321314,river_or_waterfront,0.28616172,river_or_waterfront; road_oriented; university_area
2514,송정,5호선,Morphology-Supported Hidden Demand,0.6050667827620305,Low Demand / Peripheral,Morphology-Supported Hidden Demand,Stable Dense Urban Area,0.27073377,0.2821029,0.2720108,0.28272063,0.27780902,0.2786735,0.28135958,0.29772037,0.2630052,0.2584997,0.28780186,0.28707224,0.2820357,0.25945953,0.24958676,road_oriented,0.29772037,road_oriented; river_or_waterfront; industrial_office
2531,애오개,5호선,Low Priority,0.6040590129355047,Low Demand / Peripheral,Low Visual / Low Hidden,Stable Low-Intensity Area,0.26567417,0.29056382,0.23991972,0.26938206,0.29124334,0.25383446,0.27956867,0.2796076,0.27570212,0.26740623,0.28248912,0.24364531,0.2842325,0.24670029,0.22839715,suburban_peripheral,0.29124334,suburban_peripheral; low_density_residential; university_area
4135,한성백제,9호선(연장),Low Priority,0.6037497202565794,Low Demand / Peripheral,Low Visual / Low Hidden,Stable Low-Intensity Area,0.26038578,0.2867697,0.23453268,0.2668666,0.28176647,0.26642293,0.27698696,0.26358575,0.27226487,0.2636798,0.28765255,0.24146366,0.2728326,0.2460944,0.21278316,river_or_waterfront,0.28765255,river_or_waterfront; low_density_residential; suburban_peripheral
2822,산성,8호선,Low Priority,0.6027813472835597,Low Demand / Peripheral,Behavioral Hidden Demand,Stable Low-Intensity Area,0.26353714,0.2890851,0.23808521,0.26574305,0.29497796,0.25045204,0.27344373,0.26887774,0.27083045,0.2685638,0.28118986,0.25221702,0.27082148,0.24159616,0.2156015,suburban_peripheral,0.29497796,suburban_peripheral; low_density_residential; river_or_waterfront
2621,마포구청,6호선,Already Captured Core Demand,0.6027438439505904,Observed Core Demand,Behavioral Hidden Demand,Dynamic Behavioral Area,0.26001272,0.27740824,0.25134903,0.27261746,0.28373194,0.27205685,0.27821678,0.28442052,0.2630968,0.26699704,0.31360692,0.2692257,0.2736833,0.25818196,0.22459248,river_or_waterfront,0.31360692,river_or_waterfront; road_oriented; suburban_peripheral
4708,솔샘,우이신설선,Low Priority,0.6017586018739335,Low Demand / Peripheral,Behavioral Hidden Demand,Stable Low-Intensity Area,0.24816784,0.27276954,0.22367272,0.25208074,0.28264123,0.24139662,0.25950173,0.2508425,0.23531334,0.2976742,0.2766652,0.24650386,0.2598485,0.24619755,0.21058403,green_mountain_area,0.2976742,green_mountain_area; suburban_peripheral; river_or_waterfront
2524,영등포구청,5호선,Low Priority,0.6010707511329952,Low Demand / Peripheral,Visually Dense but Transit-Captured,Stable Dense Urban Area,0.26599735,0.28292474,0.263948,0.27002883,0.27085352,0.25666735,0.2783517,0.26794633,0.26813227,0.2566027,0.27702084,0.24984357,0.27193168,0.25735402,0.24245268,low_density_residential,0.28292474,low_density_residential; low_transit_access; river_or_waterfront
4116,샛강,9호선,Low Priority,0.6005180561339454,Low Demand / Peripheral,Visually Dense but Transit-Captured,Stable Dense Urban Area,0.26160064,0.27482998,0.25342602,0.27653655,0.26937097,0.25979432,0.2697042,0.27317265,0.2604608,0.24847129,0.28654313,0.2559208,0.27006844,0.2502877,0.2329354,river_or_waterfront,0.28654313,river_or_waterfront; mixed_use; low_density_residential
334,도곡,3호선,Low Priority,0.6002578956163965,Low Demand / Peripheral,Visually Dense but Transit-Captured,Stable Dense Urban Area,0.27009642,0.28393918,0.25148395,0.27792656,0.28202268,0.27254844,0.2787869,0.27896488,0.27078366,0.2537705,0.29195145,0.25797713,0.27460238,0.251063,0.22654533,river_or_waterfront,0.29195145,river_or_waterfront; low_density_residential; suburban_peripheral
4123,고속터미널,9호선,Transit-Dominant Demand,0.6001629872637343,Transit-Dominant / Transfer-Oriented,Visually Dense but Transit-Captured,Stable Dense Urban Area,0.27055293,0.28901416,0.25203627,0.27307355,0.281277,0.26816106,0.2786418,0.27523452,0.27347803,0.25367892,0.30242333,0.2628917,0.26901194,0.25291622,0.22888085,river_or_waterfront,0.30242333,river_or_waterfront; low_density_residential; suburban_peripheral
2717,하계,7호선,Already Captured Core Demand,0.5985945706083782,Observed Core Demand,Behavioral Hidden Demand,Dynamic Behavioral Area,0.2662453,0.2893731,0.23879819,0.2699886,0.29028976,0.24540931,0.2674077,0.25978827,0.26080817,0.2699538,0.28013346,0.25436446,0.27623883,0.2510169,0.21575195,suburban_peripheral,0.29028976,suburban_peripheral; low_density_residential; river_or_waterfront
337,대청,3호선,Morphology-Supported Hidden Demand,0.5981290727100619,Low Demand / Peripheral,Morphology-Supported Hidden Demand,Stable Dense Urban Area,0.2775814,0.2938696,0.26132336,0.281996,0.29260948,0.27028388,0.28589392,0.29209828,0.2747859,0.2605002,0.31032288,0.27996328,0.28148305,0.2568461,0.24218899,river_or_waterfront,0.31032288,river_or_waterfront; low_density_residential; suburban_peripheral
2733,학동,7호선,Morphology-Supported Hidden Demand,0.5976963183388392,Observed Core Demand,Morphology-Supported Hidden Demand,Dynamic Dense Urban Area,0.27922457,0.2904537,0.26102522,0.27747378,0.28547174,0.26236844,0.2874006,0.2864284,0.26817828,0.26627165,0.29371083,0.25948372,0.2803412,0.2604917,0.24433804,river_or_waterfront,0.29371083,river_or_waterfront; low_density_residential; low_transit_access
2638,창신,6호선,Low Priority,0.5976599561500959,Low Demand / Peripheral,Low Visual / Low Hidden,Stable Low-Intensity Area,0.2678874,0.28993553,0.23680954,0.27119642,0.2891057,0.25177288,0.2738679,0.27361107,0.2676672,0.2778424,0.2895349,0.24646753,0.28511554,0.25425866,0.22060096,low_density_residential,0.28993553,low_density_residential; river_or_waterfront; suburban_peripheral
2633,버티고개,6호선,Low Priority,0.5955985904250344,Low Demand / Peripheral,Low Visual / Low Hidden,Stable Low-Intensity Area,0.2718378,0.29152992,0.23568918,0.26930892,0.29275596,0.26071268,0.276334,0.27545676,0.2666952,0.27743155,0.2833706,0.25682193,0.28011173,0.25239506,0.21411388,suburban_peripheral,0.29275596,suburban_peripheral; low_density_residential; river_or_waterfront
326,압구정,3호선,Morphology-Supported Hidden Demand,0.595277791433399,Observed Core Demand,Morphology-Supported Hidden Demand,Dynamic Dense Urban Area,0.26163065,0.28008687,0.25506043,0.2699332,0.27754146,0.26996946,0.2830292,0.28247005,0.26205185,0.25290942,0.31377685,0.27228612,0.2680648,0.25949624,0.2313036,river_or_waterfront,0.31377685,river_or_waterfront; low_transit_access; road_oriented
2647,화랑대(서울여대입구),6호선,Already Captured Core Demand,0.5948130264711702,Observed Core Demand,Behavioral Hidden Demand,Dynamic Behavioral Area,0.26698202,0.28153887,0.2486685,0.2763768,0.29118448,0.25952572,0.27660435,0.28652728,0.2544175,0.27204856,0.2910319,0.27751967,0.28859603,0.25700948,0.22963013,suburban_peripheral,0.29118448,suburban_peripheral; river_or_waterfront; university_area
4713,신설동,우이신설선,Low Priority,0.5946754897671078,Low Demand / Peripheral,Visually Dense but Transit-Captured,Stable Dense Urban Area,0.27464098,0.29135174,0.25900543,0.27714062,0.28552976,0.25484034,0.27990943,0.2901719,0.2650117,0.27752805,0.29328707,0.26353902,0.28701624,0.25902364,0.2403416,river_or_waterfront,0.29328707,river_or_waterfront; low_density_residential; road_oriented
4113,당산,9호선,Low Priority,0.5945673837629957,Low Demand / Peripheral,Visually Dense but Transit-Captured,Dynamic Dense Urban Area,0.26361847,0.2776323,0.24153087,0.27345577,0.28640231,0.27304602,0.27946717,0.28453276,0.25644565,0.2623983,0.3004501,0.2535828,0.2689276,0.24684691,0.2204729,river_or_waterfront,0.3004501,river_or_waterfront; suburban_peripheral; road_oriented
2741,상도,7호선,Already Captured Core Demand,0.5940241345663824,Observed Core Demand,Low Visual / Low Hidden,Dynamic Behavioral Area,0.26933014,0.2901507,0.2399857,0.27148026,0.2920847,0.26032183,0.285517,0.28152114,0.26834893,0.26706982,0.28608015,0.25297588,0.2841195,0.2505673,0.2268424,suburban_peripheral,0.2920847,suburban_peripheral; low_density_residential; river_or_waterfront
417,길음,4호선,Already Captured Core Demand,0.5930913824547518,Observed Core Demand,Behavioral Hidden Demand,Dynamic Behavioral Area,0.28237623,0.30062297,0.24939491,0.2830145,0.30325902,0.2639965,0.2875287,0.29742718,0.27739745,0.28149158,0.2982177,0.2551314,0.2842322,0.252964,0.23223482,suburban_peripheral,0.30325902,suburban_peripheral; low_density_residential; river_or_waterfront
2827,모란,8호선,Low Priority,0.5893956246820804,Low Demand / Peripheral,Visually Dense but Transit-Captured,Stable Dense Urban Area,0.27637112,0.28958997,0.25805086,0.28094462,0.28401807,0.26943153,0.27968037,0.29076374,0.27401376,0.26525885,0.29300177,0.25990793,0.28281432,0.25877535,0.23394231,river_or_waterfront,0.29300177,river_or_waterfront; road_oriented; low_density_residential
4706,삼양,우이신설선,Low Priority,0.5893256437386295,Low Demand / Peripheral,Low Visual / Low Hidden,Stable Low-Intensity Area,0.27146268,0.28665307,0.24483678,0.27584714,0.2922987,0.24499452,0.27431577,0.27106506,0.2544554,0.28422046,0.29306242,0.25729087,0.28860557,0.2630928,0.23554328,river_or_waterfront,0.29306242,river_or_waterfront; suburban_peripheral; university_area
221,역삼,2호선,Morphology-Supported Hidden Demand,0.5890937006849993,Observed Core Demand,Morphology-Supported Hidden Demand,Dynamic Dense Urban Area,0.28674486,0.30505615,0.26814285,0.2792506,0.2887384,0.26513577,0.2902854,0.29394087,0.28098762,0.26577365,0.29206353,0.26381397,0.28777823,0.2624622,0.25248405,low_density_residential,0.30505615,low_density_residential; road_oriented; river_or_waterfront
2620,월드컵경기장(성산),6호선,Low Priority,0.5884479095709331,Low Demand / Peripheral,Low Visual / Low Hidden,Stable Low-Intensity Area,0.24622513,0.2636041,0.23148553,0.26028672,0.27243304,0.26780802,0.25999314,0.26404887,0.24412216,0.26101682,0.2902519,0.25544143,0.26351815,0.25509915,0.20322466,river_or_waterfront,0.2902519,river_or_waterfront; suburban_peripheral; transit_hub
2628,효창공원앞,6호선,Low Priority,0.588266839138481,Low Demand / Peripheral,Low Visual / Low Hidden,Stable Low-Intensity Area,0.26062894,0.2774988,0.23911306,0.26799536,0.2800273,0.25699374,0.27727818,0.2750363,0.25543216,0.26788557,0.28647566,0.24639356,0.28020537,0.24726057,0.22725478,river_or_waterfront,0.28647566,river_or_waterfront; university_area; suburban_peripheral
207,상왕십리,2호선,Already Captured Core Demand,0.5877541615828373,Observed Core Demand,Visually Dense but Transit-Captured,Dynamic Dense Urban Area,0.27468443,0.29399514,0.2591393,0.27611357,0.28843808,0.26690194,0.28514567,0.28388962,0.2780182,0.26461944,0.2878189,0.25451973,0.2808792,0.26202786,0.24609685,low_density_residential,0.29399514,low_density_residential; suburban_peripheral; river_or_waterfront
318,안국,3호선,Already Captured Core Demand,0.587080346135984,Observed Core Demand,Behavioral Hidden Demand,Dynamic Behavioral Area,0.2351634,0.25278264,0.21694961,0.24281229,0.27146816,0.23356418,0.25330245,0.24335614,0.22229822,0.28670132,0.26827866,0.23969585,0.26112574,0.24464294,0.20652013,green_mountain_area,0.28670132,green_mountain_area; suburban_peripheral; river_or_waterfront
2631,이태원,6호선,Already Captured Core Demand,0.5865621533749841,Observed Core Demand,Behavioral Hidden Demand,Dynamic Behavioral Area,0.2645303,0.27700707,0.24205983,0.27192152,0.28648627,0.26320964,0.2799458,0.28368407,0.24911968,0.2710442,0.2938024,0.26295432,0.28229398,0.2547644,0.22841531,river_or_waterfront,0.2938024,river_or_waterfront; suburban_peripheral; road_oriented
4103,공항시장,9호선,Low Priority,0.5864487419622054,Low Demand / Peripheral,Visually Dense but Transit-Captured,Stable Dense Urban Area,0.26589045,0.2879496,0.2639844,0.27522194,0.2835294,0.2586396,0.2871596,0.29134855,0.2751477,0.26490226,0.28872672,0.257832,0.2923336,0.26734555,0.24881348,university_area,0.2923336,university_area; road_oriented; river_or_waterfront
2811,암사,8호선,Already Captured Core Demand,0.5862463085143285,Observed Core Demand,Behavioral Hidden Demand,Dynamic Behavioral Area,0.24206665,0.26593775,0.2286288,0.2520828,0.27349365,0.25060102,0.26326635,0.25486207,0.24934879,0.26332143,0.30784845,0.25508517,0.256371,0.24626917,0.20092082,river_or_waterfront,0.30784845,river_or_waterfront; suburban_peripheral; low_density_residential
4712,보문,우이신설선,Low Priority,0.5842886981608999,Low Demand / Peripheral,Visually Dense but Transit-Captured,Stable Dense Urban Area,0.27410582,0.29159784,0.2614703,0.2798495,0.2929445,0.2595767,0.2834881,0.29041338,0.26939434,0.27064353,0.29399213,0.26737103,0.28810143,0.26035905,0.24268991,river_or_waterfront,0.29399213,river_or_waterfront; suburban_peripheral; low_density_residential
2751,천왕,7호선,High Priority Hidden Demand,0.5835391886290144,Hidden Transit Demand,Low Visual / Low Hidden,Stable Low-Intensity Area,0.2576793,0.26908833,0.23010357,0.26203683,0.28554812,0.24587485,0.26702565,0.26699942,0.24133414,0.2834043,0.28351286,0.2596628,0.27358815,0.24671449,0.21933173,suburban_peripheral,0.28554812,suburban_peripheral; river_or_waterfront; green_mountain_area
412,창동,4호선,Morphology-Supported Hidden Demand,0.5815878225168338,Observed Core Demand,Morphology-Supported Hidden Demand,Dynamic Dense Urban Area,0.27095038,0.2812027,0.24927376,0.27750337,0.28499806,0.26115224,0.2784509,0.28700987,0.25785854,0.25711936,0.2989411,0.2662156,0.28077027,0.25375703,0.2362718,river_or_waterfront,0.2989411,river_or_waterfront; road_oriented; suburban_peripheral
2737,내방,7호선,Already Captured Core Demand,0.580380315046791,Observed Core Demand,Low Visual / Low Hidden,Dynamic Behavioral Area,0.2745593,0.29884383,0.24679285,0.26991734,0.29338032,0.25577688,0.28287238,0.28567952,0.27815822,0.26802918,0.2977663,0.25290632,0.2865471,0.25184,0.23394796,low_density_residential,0.29884383,low_density_residential; river_or_waterfront; suburban_peripheral
242,아현,2호선,Low Priority,0.5800983318790306,Low Demand / Peripheral,Low Visual / Low Hidden,Stable Low-Intensity Area,0.27220774,0.28999275,0.2472812,0.27457014,0.2935401,0.25103915,0.27880335,0.28235647,0.26603797,0.270603,0.2880943,0.255481,0.285073,0.24674575,0.23331738,suburban_peripheral,0.2935401,suburban_peripheral; low_density_residential; river_or_waterfront
4133,석촌,9호선(연장),Low Priority,0.5795272330384509,Low Demand / Peripheral,Visually Dense but Transit-Captured,Stable Dense Urban Area,0.28981382,0.30928254,0.26855227,0.28296548,0.29448318,0.25864363,0.28169042,0.28904685,0.28973183,0.2549609,0.28197676,0.26161826,0.28630668,0.25268537,0.24183556,low_density_residential,0.30928254,low_density_residential; suburban_peripheral; dense_residential
2643,상월곡(한국과학기술연구원),6호선,Low Priority,0.5793289307493912,Low Demand / Peripheral,Behavioral Hidden Demand,Stable Low-Intensity Area,0.28437704,0.30134967,0.2489255,0.27594003,0.29471418,0.26086146,0.28456458,0.28687122,0.27044335,0.2813241,0.29892796,0.26082373,0.29165643,0.25968826,0.23491652,low_density_residential,0.30134967,low_density_residential; river_or_waterfront; suburban_peripheral
2634,약수,6호선,Low Priority,0.579325153446247,Low Demand / Peripheral,Low Visual / Low Hidden,Stable Low-Intensity Area,0.27840638,0.29537493,0.25053233,0.28115645,0.29130346,0.2429758,0.27209178,0.27739227,0.2718552,0.27147406,0.29011637,0.25650316,0.2967409,0.26342395,0.23681796,university_area,0.2967409,university_area; low_density_residential; suburban_peripheral
2635,청구,6호선,Low Priority,0.5790641043060235,Low Demand / Peripheral,Visually Dense but Transit-Captured,Stable Dense Urban Area,0.27154517,0.28773376,0.25944242,0.277655,0.2830308,0.25719848,0.28176576,0.28187823,0.26768672,0.2684394,0.29101562,0.2528459,0.28528434,0.26410216,0.24769047,river_or_waterfront,0.29101562,river_or_waterfront; low_density_residential; university_area
2558,오금,5호선,Low Priority,0.579036859238755,Low Demand / Peripheral,Visually Dense but Transit-Captured,Stable Dense Urban Area,0.27499533,0.2948929,0.2552132,0.27827132,0.28617698,0.2528122,0.27573135,0.2787904,0.27990684,0.258254,0.27914128,0.25361893,0.28498277,0.25324926,0.23044503,low_density_residential,0.2948929,low_density_residential; suburban_peripheral; university_area
416,미아사거리,4호선,Already Captured Core Demand,0.5782830726317109,Observed Core Demand,Behavioral Hidden Demand,Dynamic Behavioral Area,0.26678255,0.28746888,0.23856106,0.26955488,0.2961186,0.25262576,0.276626,0.27733073,0.2608332,0.278294,0.2851875,0.24924684,0.28020668,0.25446576,0.218813,suburban_peripheral,0.2961186,suburban_peripheral; low_density_residential; river_or_waterfront
152,종각,1호선,Morphology-Supported Hidden Demand,0.577908549042255,Observed Core Demand,Morphology-Supported Hidden Demand,Dynamic Dense Urban Area,0.27978957,0.2949065,0.2666506,0.27880862,0.27876496,0.26218554,0.28091136,0.27877498,0.27772367,0.26434332,0.28890926,0.25538486,0.28355446,0.26723865,0.24768454,low_density_residential,0.2949065,low_density_residential; river_or_waterfront; university_area
209,한양대,2호선,Low Priority,0.5778297800015858,Low Demand / Peripheral,Visually Dense but Transit-Captured,Stable Dense Urban Area,0.26544008,0.2788853,0.24468625,0.27562457,0.27949825,0.27627993,0.28134596,0.29350817,0.25781375,0.26346013,0.30610216,0.26410365,0.27335185,0.2537852,0.2216297,river_or_waterfront,0.30610216,river_or_waterfront; road_oriented; low_transit_access
2724,사가정,7호선,Already Captured Core Demand,0.5777800353893895,Observed Core Demand,Behavioral Hidden Demand,Dynamic Behavioral Area,0.26813406,0.28807306,0.24975303,0.27387857,0.29114318,0.259584,0.27549514,0.27498913,0.2583323,0.27208972,0.292828,0.26012143,0.27781525,0.256058,0.22874796,river_or_waterfront,0.292828,river_or_waterfront; suburban_peripheral; low_density_residential
424,명동,4호선,Already Captured Core Demand,0.5773406759265521,Observed Core Demand,Behavioral Hidden Demand,Dynamic Behavioral Area,0.25652847,0.2735588,0.23460758,0.26180285,0.27486145,0.25014943,0.26788116,0.26113772,0.24378037,0.28941897,0.29277855,0.25149557,0.27382547,0.25219572,0.22511187,river_or_waterfront,0.29277855,river_or_waterfront; green_mountain_area; suburban_peripheral
411,노원,4호선,Already Captured Core Demand,0.5760295076764612,Observed Core Demand,Behavioral Hidden Demand,Dynamic Behavioral Area,0.2737426,0.2928676,0.25200224,0.27647495,0.29558015,0.26053318,0.28745472,0.2886788,0.26986384,0.26593885,0.29596832,0.2572224,0.28783348,0.255684,0.24562497,river_or_waterfront,0.29596832,river_or_waterfront; suburban_peripheral; low_density_residential
2743,신대방삼거리,7호선,Already Captured Core Demand,0.575488010531943,Observed Core Demand,Behavioral Hidden Demand,Dynamic Behavioral Area,0.2680546,0.29534715,0.2418322,0.2726288,0.29941767,0.253045,0.28526896,0.27747,0.2673763,0.2628023,0.28333414,0.24932289,0.2887169,0.24400942,0.23002413,suburban_peripheral,0.29941767,suburban_peripheral; low_density_residential; university_area
2533,서대문,5호선,Already Captured Core Demand,0.573611971043812,Observed Core Demand,Low Visual / Low Hidden,Dynamic Behavioral Area,0.26766035,0.28168845,0.24952435,0.2746087,0.2845803,0.24931456,0.27735323,0.27784026,0.2553367,0.27505606,0.28619245,0.26082784,0.28862786,0.2550469,0.2397972,university_area,0.28862786,university_area; river_or_waterfront; suburban_peripheral
2727,군자(능동),7호선,Transit-Dominant Demand,0.572284785407955,Transit-Dominant / Transfer-Oriented,Visually Dense but Transit-Captured,Stable Dense Urban Area,0.27275187,0.29044488,0.25325155,0.27398306,0.28639165,0.26619643,0.28333142,0.28510806,0.27025014,0.2658955,0.29509795,0.25964004,0.2798634,0.26232266,0.23802918,river_or_waterfront,0.29509795,river_or_waterfront; low_density_residential; suburban_peripheral
2760,굴포천,7호선,Low Priority,0.5715889741123837,Low Demand / Peripheral,Visually Dense but Transit-Captured,Stable Dense Urban Area,0.27989978,0.2956288,0.27071658,0.28308693,0.28988475,0.28042763,0.2952408,0.28920004,0.27858812,0.25933897,0.29268444,0.2731838,0.28422266,0.2623152,0.2550585,low_density_residential,0.2956288,low_density_residential; low_transit_access; river_or_waterfront
2541,왕십리(성동구청),5호선,Low Priority,0.5704650241293819,Low Demand / Peripheral,Visually Dense but Transit-Captured,Stable Dense Urban Area,0.25935426,0.27461556,0.2665293,0.27760142,0.26986387,0.2655912,0.2782623,0.2780617,0.26858574,0.25491711,0.2820807,0.25263703,0.28166538,0.26581207,0.25258675,river_or_waterfront,0.2820807,river_or_waterfront; university_area; low_transit_access
2761,부평구청,7호선,Low Priority,0.5694512136879007,Low Demand / Peripheral,Visually Dense but Transit-Captured,Stable Dense Urban Area,0.26733115,0.28384617,0.2628919,0.27435723,0.28334686,0.27308908,0.28996116,0.2900461,0.27208194,0.25360984,0.28851116,0.26446512,0.2884102,0.25659174,0.24644339,road_oriented,0.2900461,road_oriented; low_transit_access; river_or_waterfront
331,남부터미널(예술의전당),3호선,Already Captured Core Demand,0.5692079395370727,Observed Core Demand,Behavioral Hidden Demand,Dynamic Behavioral Area,0.26211005,0.27905673,0.23821813,0.26361966,0.2874471,0.25294954,0.27013552,0.2746411,0.25307232,0.2840609,0.29560685,0.25491,0.27067035,0.24920192,0.22033852,river_or_waterfront,0.29560685,river_or_waterfront; suburban_peripheral; green_mountain_area
4136,올림픽공원(한국체대),9호선(연장),Low Priority,0.5690571376572257,Low Demand / Peripheral,Visually Dense but Transit-Captured,Stable Dense Urban Area,0.24487302,0.26906443,0.2280567,0.2614714,0.26817793,0.26066184,0.26019704,0.2487611,0.26548818,0.25483373,0.27517414,0.23451465,0.27300125,0.2502935,0.20289865,river_or_waterfront,0.27517414,river_or_waterfront; university_area; low_density_residential
322,동대입구,3호선,Low Priority,0.5685529343264601,Low Demand / Peripheral,Visually Dense but Transit-Captured,Stable Dense Urban Area,0.27199733,0.28113514,0.2505849,0.27605665,0.28095493,0.25998673,0.27707666,0.27434823,0.2595464,0.2731074,0.29835242,0.2656624,0.28714073,0.2585465,0.23270413,river_or_waterfront,0.29835242,river_or_waterfront; university_area; low_density_residential
2636,신당,6호선,Low Priority,0.5683316432862928,Low Demand / Peripheral,Visually Dense but Transit-Captured,Stable Dense Urban Area,0.27508038,0.2898092,0.27063787,0.28037623,0.27585348,0.26315665,0.28373495,0.28256965,0.2750263,0.26657215,0.29032952,0.25846094,0.2865799,0.26554057,0.2533697,river_or_waterfront,0.29032952,river_or_waterfront; low_density_residential; university_area
2711,장암,7호선,Low Priority,0.5680781979299573,Low Demand / Peripheral,Low Visual / Low Hidden,Stable Low-Intensity Area,0.24826194,0.26977235,0.23051733,0.2536093,0.27724573,0.25125244,0.26126525,0.2643581,0.24197924,0.28331542,0.27668238,0.2584889,0.25796485,0.24824022,0.2153106,green_mountain_area,0.28331542,green_mountain_area; suburban_peripheral; river_or_waterfront
327,신사,3호선,Morphology-Supported Hidden Demand,0.5670682638583955,Observed Core Demand,Morphology-Supported Hidden Demand,Dynamic Dense Urban Area,0.270183,0.28618696,0.2559697,0.273304,0.28482428,0.2639044,0.281938,0.28739,0.26627436,0.26520613,0.30447662,0.26359394,0.28179848,0.26057172,0.23910359,river_or_waterfront,0.30447662,river_or_waterfront; road_oriented; low_density_residential
316,독립문,3호선,Low Priority,0.56688491112339,Low Demand / Peripheral,Low Visual / Low Hidden,Stable Low-Intensity Area,0.26630172,0.2849498,0.24175017,0.27039853,0.2890237,0.24703652,0.2776195,0.2770927,0.25411782,0.28452912,0.2821801,0.26978967,0.2873521,0.25010896,0.22463581,suburban_peripheral,0.2890237,suburban_peripheral; university_area; low_density_residential
2735,반포,7호선,Low Priority,0.566674201230307,Low Demand / Peripheral,Visually Dense but Transit-Captured,Stable Dense Urban Area,0.27903837,0.2927615,0.2660098,0.28194284,0.280772,0.2764175,0.28553993,0.28776237,0.27555895,0.25865754,0.28300178,0.26118502,0.27917162,0.26216656,0.24547294,low_density_residential,0.2927615,low_density_residential; road_oriented; low_transit_access
2520,신정(은행정),5호선,Transit-Dominant Demand,0.5651419224300801,Transit-Dominant / Transfer-Oriented,Visually Dense but Transit-Captured,Stable Dense Urban Area,0.26958668,0.29031757,0.2552271,0.2692637,0.28303862,0.26023307,0.28384295,0.28224388,0.2736636,0.25791875,0.28181607,0.24676903,0.27487445,0.25421694,0.24151315,low_density_residential,0.29031757,low_density_residential; low_transit_access; suburban_peripheral
2818,가락시장,8호선,Low Priority,0.5646765388572894,Low Demand / Peripheral,Visually Dense but Transit-Captured,Stable Dense Urban Area,0.2655782,0.28572148,0.25679097,0.27483702,0.27120587,0.27255073,0.27845502,0.27298713,0.27412522,0.2446495,0.2760915,0.25635016,0.27360964,0.2569702,0.2347875,low_density_residential,0.28572148,low_density_residential; low_transit_access; river_or_waterfront
2816,석촌,8호선,Low Priority,0.5644612368139328,Low Demand / Peripheral,Visually Dense but Transit-Captured,Stable Dense Urban Area,0.27535146,0.29895303,0.25785118,0.27753216,0.2875746,0.25713536,0.27962536,0.27776095,0.2844807,0.25601208,0.28973892,0.2522726,0.2837128,0.25603545,0.24010387,low_density_residential,0.29895303,low_density_residential; river_or_waterfront; suburban_peripheral
229,봉천,2호선,Already Captured Core Demand,0.5630329135643025,Observed Core Demand,Low Visual / Low Hidden,Dynamic Behavioral Area,0.28495908,0.30989903,0.25994107,0.28204864,0.3025194,0.2730795,0.2966696,0.29330695,0.28116834,0.26915464,0.29457626,0.26091194,0.29277527,0.2554866,0.23994271,low_density_residential,0.30989903,low_density_residential; suburban_peripheral; low_transit_access
2526,신길,5호선,Low Priority,0.5628437911429836,Low Demand / Peripheral,Visually Dense but Transit-Captured,Stable Dense Urban Area,0.26657388,0.2764254,0.26256245,0.2840674,0.28245682,0.28403118,0.28926063,0.29411894,0.2593864,0.2690297,0.29467353,0.2723737,0.27725232,0.2618092,0.23312701,river_or_waterfront,0.29467353,river_or_waterfront; road_oriented; low_transit_access
2512,개화산,5호선,Low Priority,0.5621907016216903,Low Demand / Peripheral,Low Visual / Low Hidden,Stable Low-Intensity Area,0.27469736,0.28513741,0.26267275,0.2789245,0.2860784,0.26100016,0.28194433,0.28627235,0.2716571,0.26118034,0.2908666,0.27238205,0.2885604,0.26177293,0.24449298,river_or_waterfront,0.2908666,river_or_waterfront; university_area; road_oriented
432,총신대입구(이수),4호선,Already Captured Core Demand,0.5613312468333895,Observed Core Demand,Low Visual / Low Hidden,Dynamic Behavioral Area,0.2893457,0.30974454,0.25744677,0.28598887,0.30552232,0.25749725,0.2890535,0.29544538,0.28184435,0.27627325,0.30017027,0.26117933,0.30100107,0.25937366,0.24771273,low_density_residential,0.30974454,low_density_residential; suburban_peripheral; university_area
324,금호,3호선,Low Priority,0.5580788983625115,Low Demand / Peripheral,Low Visual / Low Hidden,Stable Low-Intensity Area,0.27455282,0.28926587,0.24810311,0.27860212,0.29070717,0.2595464,0.2827171,0.28159955,0.2673064,0.27616978,0.2968694,0.25985026,0.28634608,0.26104906,0.22756885,river_or_waterfront,0.2968694,river_or_waterfront; suburban_peripheral; low_density_residential
2548,천호(풍납토성),5호선,Already Captured Core Demand,0.5577983923601033,Observed Core Demand,Visually Dense but Transit-Captured,Dynamic Dense Urban Area,0.25637242,0.27251393,0.24799487,0.26458988,0.26961756,0.26576346,0.27320194,0.27313298,0.25742137,0.2570648,0.3099636,0.26150167,0.26322174,0.26000142,0.23085052,river_or_waterfront,0.3099636,river_or_waterfront; low_transit_access; road_oriented
2542,마장,5호선,Low Priority,0.5571129222201419,Low Demand / Peripheral,Visually Dense but Transit-Captured,Stable Dense Urban Area,0.25969964,0.2742538,0.25230107,0.2721524,0.2790767,0.26531827,0.28137293,0.28155094,0.2600959,0.25639266,0.2889345,0.26129743,0.27582306,0.25649324,0.23520297,river_or_waterfront,0.2889345,river_or_waterfront; road_oriented; low_transit_access
157,제기동,1호선,Transit-Dominant Demand,0.5559165122579327,Transit-Dominant / Transfer-Oriented,Visually Dense but Transit-Captured,Stable Dense Urban Area,0.27543703,0.28783187,0.26889628,0.2804011,0.28138304,0.27470666,0.2848658,0.29084,0.278008,0.25803745,0.28856897,0.26556212,0.2766254,0.26364702,0.24770743,road_oriented,0.29084,road_oriented; river_or_waterfront; low_density_residential
431,동작(현충원),4호선,Low Priority,0.5556422612124912,Low Demand / Peripheral,Low Visual / Low Hidden,Stable Low-Intensity Area,0.24676827,0.26307425,0.23530966,0.26017633,0.2759241,0.27670938,0.27208668,0.2939852,0.2498889,0.2555616,0.30120406,0.2619484,0.25593394,0.24686441,0.21344331,river_or_waterfront,0.30120406,river_or_waterfront; road_oriented; transit_hub
2720,먹골,7호선,Low Priority,0.5555695133223947,Low Demand / Peripheral,Low Visual / Low Hidden,Stable Low-Intensity Area,0.2787261,0.2909854,0.25472966,0.2784763,0.29458362,0.2678409,0.28018245,0.28695312,0.26710257,0.28097355,0.298004,0.26755735,0.27894443,0.25945306,0.22881651,river_or_waterfront,0.298004,river_or_waterfront; suburban_peripheral; low_density_residential
158,청량리(서울시립대입구),1호선,Transit-Dominant Demand,0.5553887946632925,Transit-Dominant / Transfer-Oriented,Visually Dense but Transit-Captured,Stable Dense Urban Area,0.2781438,0.29599878,0.26865298,0.27757844,0.28320122,0.28402802,0.29106742,0.2826823,0.28105247,0.25658914,0.28632414,0.26189318,0.27485418,0.25946248,0.24750975,low_density_residential,0.29599878,low_density_residential; low_transit_access; river_or_waterfront
2648,봉화산(서울의료원),6호선,Low Priority,0.5552956910621845,Low Demand / Peripheral,Behavioral Hidden Demand,Stable Low-Intensity Area,0.2625294,0.28010622,0.24645941,0.27679023,0.29452354,0.2552219,0.27278847,0.2846597,0.24771693,0.2767863,0.28695,0.27738667,0.28136873,0.24462074,0.23239377,suburban_peripheral,0.29452354,suburban_peripheral; river_or_waterfront; road_oriented
434,남태령,4호선,Low Priority,0.5530349493712966,Low Demand / Peripheral,Low Visual / Low Hidden,Stable Low-Intensity Area,0.24869983,0.27108884,0.22651923,0.251854,0.28180718,0.23899977,0.26106775,0.25593975,0.24332012,0.29125497,0.2730596,0.2503127,0.26390433,0.24630547,0.21595971,green_mountain_area,0.29125497,green_mountain_area; suburban_peripheral; river_or_waterfront
409,불암산,4호선,Already Captured Core Demand,0.552350808796694,Observed Core Demand,Behavioral Hidden Demand,Stable Low-Intensity Area,0.25013742,0.27120572,0.22893876,0.24896419,0.28598717,0.25135794,0.26600754,0.2602611,0.24007627,0.2970091,0.2809896,0.26452112,0.27087867,0.25398618,0.2227464,green_mountain_area,0.2970091,green_mountain_area; suburban_peripheral; river_or_waterfront
2625,광흥창(서강),6호선,Low Priority,0.5519319264144126,Low Demand / Peripheral,Visually Dense but Transit-Captured,Stable Dense Urban Area,0.26838174,0.2823916,0.2517104,0.27402127,0.27430102,0.2695564,0.2836859,0.2868326,0.25764102,0.2623758,0.3106562,0.27108586,0.2697667,0.26424277,0.22514749,river_or_waterfront,0.3106562,river_or_waterfront; road_oriented; low_transit_access
2530,공덕,5호선,Transit-Dominant Demand,0.5517264512135935,Transit-Dominant / Transfer-Oriented,Visually Dense but Transit-Captured,Stable Dense Urban Area,0.2666633,0.281725,0.2465564,0.27143222,0.28549168,0.25691837,0.2783323,0.27585125,0.260702,0.27342594,0.29378206,0.2554019,0.2775953,0.2546508,0.22964065,river_or_waterfront,0.29378206,river_or_waterfront; suburban_peripheral; low_density_residential
2536,을지로4가,5호선,Low Priority,0.5508520023269772,Low Demand / Peripheral,Visually Dense but Transit-Captured,Stable Dense Urban Area,0.2617699,0.28049737,0.26449835,0.27296203,0.2717625,0.26603535,0.28494707,0.28375664,0.27122533,0.25451165,0.28272855,0.2558369,0.27976963,0.25910142,0.24856624,low_transit_access,0.28494707,low_transit_access; road_oriented; river_or_waterfront
2731,청담,7호선,Already Captured Core Demand,0.5495197378670251,Observed Core Demand,Low Visual / Low Hidden,Dynamic Behavioral Area,0.26184273,0.27638707,0.24762169,0.26882154,0.28510416,0.25990868,0.27841508,0.27883428,0.25882265,0.26584658,0.3156334,0.27109337,0.2759644,0.2631049,0.23245955,river_or_waterfront,0.3156334,river_or_waterfront; suburban_peripheral; road_oriented
159,동묘앞,1호선,Low Priority,0.5495006875299926,Low Demand / Peripheral,Visually Dense but Transit-Captured,Stable Dense Urban Area,0.2555452,0.27484837,0.25020924,0.27145466,0.2751179,0.26099604,0.27990296,0.2753247,0.2569281,0.2683978,0.2948104,0.25373876,0.27475655,0.2646135,0.23294523,river_or_waterfront,0.2948104,river_or_waterfront; low_transit_access; road_oriented
330,교대(법원.검찰청),3호선,Transit-Dominant Demand,0.5489464448033871,Transit-Dominant / Transfer-Oriented,Visually Dense but Transit-Captured,Stable Dense Urban Area,0.27060038,0.28747123,0.25778306,0.2735899,0.28389513,0.2555743,0.28704616,0.2804777,0.27281675,0.26601365,0.2875957,0.2533933,0.2879296,0.26050967,0.2477888,university_area,0.2879296,university_area; river_or_waterfront; low_density_residential
340,가락시장,3호선,Low Priority,0.5484488799820227,Low Demand / Peripheral,Visually Dense but Transit-Captured,Stable Dense Urban Area,0.27606618,0.2895404,0.26744527,0.28189105,0.27174726,0.27516913,0.2849043,0.28359058,0.27854878,0.24312402,0.28630567,0.26994812,0.27471054,0.25000405,0.24242494,low_density_residential,0.2895404,low_density_residential; river_or_waterfront; low_transit_access
4117,노량진,9호선,Transit-Dominant Demand,0.5467087167617719,Transit-Dominant / Transfer-Oriented,Visually Dense but Transit-Captured,Stable Dense Urban Area,0.25082082,0.26838917,0.24150927,0.26524985,0.275612,0.28930384,0.2776178,0.27806994,0.26015753,0.24216017,0.28220916,0.24921095,0.25079387,0.23544809,0.2119057,transit_hub,0.28930384,transit_hub; river_or_waterfront; road_oriented
235,문래,2호선,Already Captured Core Demand,0.5466764974421325,Observed Core Demand,Visually Dense but Transit-Captured,Dynamic Dense Urban Area,0.2697546,0.28316984,0.26240033,0.27687454,0.27614614,0.2696557,0.2854677,0.28255597,0.26698363,0.251364,0.29170504,0.26229963,0.2743801,0.25608993,0.24020427,river_or_waterfront,0.29170504,river_or_waterfront; low_transit_access; low_density_residential
2719,태릉입구,7호선,Low Priority,0.5466345098701118,Low Demand / Peripheral,Visually Dense but Transit-Captured,Stable Dense Urban Area,0.2612622,0.27415764,0.255296,0.27116293,0.27565122,0.26220798,0.27810326,0.27904382,0.26242542,0.25810054,0.29871282,0.260931,0.27452728,0.25806528,0.2403489,river_or_waterfront,0.29871282,river_or_waterfront; road_oriented; low_transit_access
430,이촌(국립중앙박물관),4호선,Low Priority,0.5465107417697004,Low Demand / Peripheral,Visually Dense but Transit-Captured,Stable Dense Urban Area,0.26613346,0.27375337,0.2587418,0.273449,0.26844987,0.27097154,0.27187538,0.29154712,0.24686791,0.2573238,0.30911505,0.28128564,0.27144185,0.2537291,0.23074782,river_or_waterfront,0.30911505,river_or_waterfront; road_oriented; industrial_office
4120,동작(현충원),9호선,Low Priority,0.5448092567745235,Low Demand / Peripheral,Low Visual / Low Hidden,Stable Low-Intensity Area,0.23594654,0.2590812,0.22570124,0.24567905,0.26693958,0.2580221,0.2634803,0.26026443,0.24244632,0.25676844,0.29246873,0.25316545,0.24961975,0.24307775,0.20060538,river_or_waterfront,0.29246873,river_or_waterfront; suburban_peripheral; low_transit_access
2637,동묘앞,6호선,Low Priority,0.5447404365772853,Low Demand / Peripheral,Visually Dense but Transit-Captured,Stable Dense Urban Area,0.26456407,0.27507466,0.26119784,0.2736969,0.26519817,0.25590724,0.27258116,0.27914146,0.2591009,0.25574967,0.27812487,0.25569752,0.2798804,0.26445603,0.25295454,university_area,0.2798804,university_area; road_oriented; river_or_waterfront
206,신당,2호선,Transit-Dominant Demand,0.544672020253645,Transit-Dominant / Transfer-Oriented,Visually Dense but Transit-Captured,Stable Dense Urban Area,0.28607863,0.3077124,0.25793976,0.28254765,0.29751003,0.2637778,0.28638473,0.29100993,0.278256,0.26941538,0.29952523,0.2557047,0.2897126,0.25944978,0.24663687,low_density_residential,0.3077124,low_density_residential; river_or_waterfront; suburban_peripheral
342,오금,3호선,Low Priority,0.5445485081260153,Low Demand / Peripheral,Visually Dense but Transit-Captured,Stable Dense Urban Area,0.28284994,0.30580616,0.25437152,0.28194436,0.29654294,0.25548568,0.28183883,0.28379485,0.2931827,0.2679379,0.288508,0.24990009,0.29100716,0.25541997,0.2309103,low_density_residential,0.30580616,low_density_residential; suburban_peripheral; pedestrian_friendly
2721,중화,7호선,Transit-Dominant Demand,0.5437275030009181,Transit-Dominant / Transfer-Oriented,Low Visual / Low Hidden,Stable Low-Intensity Area,0.27222395,0.2860126,0.2577532,0.27518585,0.2844101,0.2621957,0.28399128,0.28220028,0.26439962,0.27223355,0.29451022,0.2673034,0.28438056,0.26728895,0.23767078,river_or_waterfront,0.29451022,river_or_waterfront; low_density_residential; suburban_peripheral
2538,청구,5호선,Low Priority,0.5427546144383133,Low Demand / Peripheral,Visually Dense but Transit-Captured,Stable Dense Urban Area,0.2802724,0.29842588,0.2665333,0.2819912,0.2884513,0.25288844,0.28023773,0.2860875,0.2784783,0.27596867,0.29251507,0.25850224,0.29662383,0.27038777,0.25220993,low_density_residential,0.29842588,low_density_residential; university_area; river_or_waterfront
2646,태릉입구,6호선,Low Priority,0.5410956268680011,Low Demand / Peripheral,Visually Dense but Transit-Captured,Stable Dense Urban Area,0.267537,0.28011334,0.25648743,0.27824053,0.28332168,0.27613726,0.28717712,0.29624233,0.26603863,0.26131567,0.30232707,0.26532775,0.27458128,0.26153183,0.23669471,river_or_waterfront,0.30232707,river_or_waterfront; road_oriented; low_transit_access
217,잠실새내,2호선,Already Captured Core Demand,0.5404602327575941,Observed Core Demand,Visually Dense but Transit-Captured,Dynamic Dense Urban Area,0.2652095,0.28540766,0.24425934,0.26612735,0.27858892,0.27211356,0.2777949,0.28963172,0.27069452,0.25273582,0.30893534,0.25504422,0.2626753,0.24832225,0.22595799,river_or_waterfront,0.30893534,river_or_waterfront; road_oriented; low_density_residential
2639,보문,6호선,Low Priority,0.5399412647998546,Low Demand / Peripheral,Visually Dense but Transit-Captured,Stable Dense Urban Area,0.26305166,0.28288302,0.25160536,0.27363557,0.28607926,0.25028327,0.27341318,0.274369,0.263912,0.2619909,0.28308725,0.25105858,0.278967,0.25081813,0.23422754,suburban_peripheral,0.28607926,suburban_peripheral; river_or_waterfront; low_density_residential
2713,수락산,7호선,Already Captured Core Demand,0.5378293611180694,Observed Core Demand,Low Visual / Low Hidden,Stable Low-Intensity Area,0.25373602,0.2778441,0.22951533,0.25773948,0.28916788,0.23908743,0.25942653,0.26257107,0.25018322,0.2801193,0.2781149,0.2584514,0.2727718,0.24799827,0.21691088,suburban_peripheral,0.28916788,suburban_peripheral; green_mountain_area; river_or_waterfront
155,동대문,1호선,Low Priority,0.5373237739630269,Low Demand / Peripheral,Visually Dense but Transit-Captured,Stable Dense Urban Area,0.2679065,0.2850719,0.24610803,0.26888186,0.28534627,0.26445168,0.2779871,0.27896458,0.26455924,0.2662596,0.29108754,0.24763624,0.27748436,0.25878185,0.23626292,river_or_waterfront,0.29108754,river_or_waterfront; suburban_peripheral; low_density_residential
2736,고속터미널,7호선,Transit-Dominant Demand,0.5372927507794732,Transit-Dominant / Transfer-Oriented,Visually Dense but Transit-Captured,Stable Dense Urban Area,0.28295863,0.29290825,0.26153988,0.2825194,0.28643012,0.25942785,0.2830348,0.28395426,0.2731334,0.26796943,0.28995427,0.26700738,0.29868957,0.25885683,0.2382931,university_area,0.29868957,university_area; low_density_residential; river_or_waterfront
425,회현(남대문시장),4호선,Already Captured Core Demand,0.5365435331879364,Observed Core Demand,Low Visual / Low Hidden,Dynamic Behavioral Area,0.25989532,0.27428478,0.23796803,0.26766792,0.27829736,0.25923747,0.27670833,0.27463824,0.2516111,0.27816764,0.2969828,0.2539362,0.2807917,0.25350142,0.22622621,river_or_waterfront,0.2969828,river_or_waterfront; university_area; suburban_peripheral
2556,올림픽공원(한국체대),5호선,Low Priority,0.5363292256641686,Low Demand / Peripheral,Visually Dense but Transit-Captured,Stable Dense Urban Area,0.27000552,0.29058105,0.2502461,0.2785366,0.2864778,0.26303697,0.27607784,0.2787578,0.2778678,0.2575262,0.28420824,0.2524727,0.2865387,0.25424954,0.22196119,low_density_residential,0.29058105,low_density_residential; university_area; suburban_peripheral
325,옥수,3호선,Low Priority,0.5352380003941942,Low Demand / Peripheral,Low Visual / Low Hidden,Stable Low-Intensity Area,0.2531293,0.27844223,0.23117119,0.26231086,0.2823378,0.25213727,0.26627898,0.2715564,0.26317698,0.26108414,0.30099073,0.2463598,0.26389667,0.24749878,0.20738976,river_or_waterfront,0.30099073,river_or_waterfront; suburban_peripheral; low_density_residential
4127,선정릉,9호선(연장),Low Priority,0.5350381598816927,Low Demand / Peripheral,Visually Dense but Transit-Captured,Stable Dense Urban Area,0.2598772,0.28103855,0.24173582,0.2667373,0.276869,0.24965496,0.2698356,0.26327765,0.26361924,0.2760133,0.28749797,0.24646717,0.27999124,0.25349718,0.22809368,river_or_waterfront,0.28749797,river_or_waterfront; low_density_residential; university_area
2734,논현,7호선,Transit-Dominant Demand,0.5330570163295743,Transit-Dominant / Transfer-Oriented,Visually Dense but Transit-Captured,Dynamic Dense Urban Area,0.27651972,0.2936916,0.25999844,0.27657324,0.2898865,0.26553142,0.2847309,0.29027477,0.2730704,0.27346498,0.2970469,0.26184148,0.28408086,0.2674231,0.24754757,river_or_waterfront,0.2970469,river_or_waterfront; low_density_residential; road_oriented
2534,광화문(세종문화회관),5호선,Morphology-Supported Hidden Demand,0.5315920780654587,Observed Core Demand,Morphology-Supported Hidden Demand,Dynamic Dense Urban Area,0.2767811,0.28814313,0.26163894,0.27632052,0.28279144,0.25722203,0.27934188,0.28163138,0.26718494,0.26674625,0.28790864,0.26636755,0.2894496,0.26408973,0.2437003,university_area,0.2894496,university_area; low_density_residential; river_or_waterfront
2513,김포공항,5호선,Low Priority,0.5288921694819586,Low Demand / Peripheral,Low Visual / Low Hidden,Stable Low-Intensity Area,0.23698176,0.2569197,0.22239819,0.25036946,0.26882055,0.27386865,0.2621566,0.2691671,0.241186,0.24874848,0.27729076,0.25290117,0.24793889,0.23217782,0.20581514,river_or_waterfront,0.27729076,river_or_waterfront; transit_hub; road_oriented
427,숙대입구(갈월),4호선,Transit-Dominant Demand,0.5276812039956716,Transit-Dominant / Transfer-Oriented,Behavioral Hidden Demand,Stable Low-Intensity Area,0.2705844,0.28292382,0.25417393,0.27811408,0.28730193,0.2579017,0.2779149,0.28397405,0.25068223,0.2753813,0.29451507,0.2655406,0.28955474,0.26443455,0.23850602,river_or_waterfront,0.29451507,river_or_waterfront; university_area; suburban_peripheral
204,을지로4가,2호선,Transit-Dominant Demand,0.5267390342972041,Transit-Dominant / Transfer-Oriented,Visually Dense but Transit-Captured,Stable Dense Urban Area,0.26286125,0.27970323,0.2510162,0.26297092,0.2657475,0.25377318,0.2740358,0.2609055,0.26802805,0.26090717,0.2798053,0.24487689,0.26921,0.25903678,0.24368966,river_or_waterfront,0.2798053,river_or_waterfront; low_density_residential; low_transit_access
2752,온수(성공회대입구),7호선,Low Priority,0.5263323486267848,Low Demand / Peripheral,Low Visual / Low Hidden,Stable Low-Intensity Area,0.26832202,0.2861598,0.24778171,0.27293694,0.2826369,0.25801075,0.27488992,0.277333,0.25615028,0.27637583,0.28609407,0.27233523,0.29044634,0.2543887,0.23126554,university_area,0.29044634,university_area; low_density_residential; river_or_waterfront
2744,보라매,7호선,Low Priority,0.5255109642008298,Low Demand / Peripheral,Visually Dense but Transit-Captured,Stable Dense Urban Area,0.2732242,0.28907943,0.26493332,0.2759786,0.28088063,0.24977785,0.27928093,0.28462812,0.2715905,0.26668027,0.28490794,0.25699517,0.29878655,0.26427096,0.2489877,university_area,0.29878655,university_area; low_density_residential; river_or_waterfront
2748,가산디지털단지,7호선,Already Captured Core Demand,0.5248076447361799,Observed Core Demand,Visually Dense but Transit-Captured,Dynamic Dense Urban Area,0.2694634,0.28877258,0.25534517,0.27773872,0.2897751,0.26332325,0.28015918,0.28748712,0.26771232,0.26443043,0.3016903,0.2622246,0.2779803,0.2515964,0.238009,river_or_waterfront,0.3016903,river_or_waterfront; suburban_peripheral; low_density_residential
2629,삼각지,6호선,Low Priority,0.5246420658319346,Low Demand / Peripheral,Visually Dense but Transit-Captured,Stable Dense Urban Area,0.2565116,0.26790744,0.25889012,0.271023,0.2689066,0.2696477,0.2787682,0.27394202,0.25744706,0.25239927,0.28113914,0.26415658,0.2747393,0.25690645,0.2409423,river_or_waterfront,0.28113914,river_or_waterfront; low_transit_access; university_area
4102,김포공항,9호선,Low Priority,0.524258995930793,Low Demand / Peripheral,Visually Dense but Transit-Captured,Stable Dense Urban Area,0.2521339,0.27111074,0.2507835,0.2688838,0.26309237,0.2677566,0.2651176,0.27275687,0.26260385,0.25267285,0.26900652,0.25363916,0.2778141,0.24622206,0.22470236,university_area,0.2778141,university_area; road_oriented; low_density_residential
151,시청,1호선,Transit-Dominant Demand,0.5239592035910512,Transit-Dominant / Transfer-Oriented,Visually Dense but Transit-Captured,Stable Dense Urban Area,0.2664916,0.28172854,0.25774544,0.272874,0.2774538,0.25129452,0.27393478,0.27221227,0.26686633,0.2622205,0.28513387,0.25865167,0.2840912,0.25660184,0.23657611,river_or_waterfront,0.28513387,river_or_waterfront; university_area; low_density_residential
320,을지로3가,3호선,Low Priority,0.5226904701174081,Low Demand / Peripheral,Visually Dense but Transit-Captured,Stable Dense Urban Area,0.2667171,0.27996132,0.2665019,0.2759636,0.27537805,0.2530021,0.27795526,0.2795297,0.26393318,0.2571747,0.27986044,0.2541386,0.2853,0.26300624,0.25806934,university_area,0.2853,university_area; low_density_residential; river_or_waterfront
2754,부천종합운동장,7호선,Low Priority,0.5226551285654663,Low Demand / Peripheral,Low Visual / Low Hidden,Stable Low-Intensity Area,0.22187817,0.2539618,0.21947657,0.24242628,0.25729096,0.25236464,0.25145543,0.2428414,0.24111187,0.2650708,0.25801444,0.22555003,0.2594871,0.24286582,0.19619834,green_mountain_area,0.2650708,green_mountain_area; university_area; river_or_waterfront
2545,군자(능동),5호선,Transit-Dominant Demand,0.5188000801610151,Transit-Dominant / Transfer-Oriented,Visually Dense but Transit-Captured,Stable Dense Urban Area,0.27844656,0.29562435,0.2617298,0.27784523,0.2903655,0.26620093,0.28574437,0.28390002,0.27081117,0.26830924,0.3012797,0.264113,0.28575173,0.2649194,0.24847904,river_or_waterfront,0.3012797,river_or_waterfront; low_density_residential; suburban_peripheral
2645,석계,6호선,Transit-Dominant Demand,0.5181217433441506,Transit-Dominant / Transfer-Oriented,Visually Dense but Transit-Captured,Stable Dense Urban Area,0.26515037,0.2804674,0.2530812,0.27953044,0.28547317,0.26959544,0.2848197,0.2931891,0.26824313,0.25672346,0.2998675,0.26265085,0.2768296,0.2579142,0.23847213,river_or_waterfront,0.2998675,river_or_waterfront; road_oriented; suburban_peripheral
421,동대문,4호선,Transit-Dominant Demand,0.5180477446111815,Transit-Dominant / Transfer-Oriented,Visually Dense but Transit-Captured,Stable Dense Urban Area,0.25951275,0.27227938,0.253211,0.27054662,0.28054443,0.2613162,0.2753299,0.28591293,0.25749275,0.2644194,0.29382333,0.26512107,0.2772429,0.2599628,0.23814829,river_or_waterfront,0.29382333,river_or_waterfront; road_oriented; suburban_peripheral
208,왕십리(성동구청),2호선,Transit-Dominant Demand,0.5162164606063118,Transit-Dominant / Transfer-Oriented,Visually Dense but Transit-Captured,Stable Dense Urban Area,0.264657,0.28009576,0.26437837,0.2795339,0.2817291,0.27131703,0.2848519,0.28520554,0.26771504,0.27434236,0.29532003,0.26587456,0.2862811,0.26364085,0.24090862,river_or_waterfront,0.29532003,river_or_waterfront; university_area; road_oriented
156,신설동,1호선,Transit-Dominant Demand,0.512597917739833,Transit-Dominant / Transfer-Oriented,Visually Dense but Transit-Captured,Stable Dense Urban Area,0.26794174,0.28572226,0.25870022,0.27717614,0.28497347,0.2661379,0.28732997,0.28839764,0.27064157,0.26979423,0.28927794,0.25895897,0.28684098,0.2633229,0.24073377,river_or_waterfront,0.28927794,river_or_waterfront; road_oriented; low_transit_access
319,종로3가,3호선,Low Priority,0.5120798635065359,Low Demand / Peripheral,Visually Dense but Transit-Captured,Stable Dense Urban Area,0.2530798,0.2751911,0.2445181,0.26169717,0.2737609,0.24816543,0.2753038,0.2719764,0.26069254,0.2650592,0.29041663,0.24632055,0.2891227,0.2491814,0.2321433,river_or_waterfront,0.29041663,river_or_waterfront; university_area; low_transit_access
2712,도봉산,7호선,Low Priority,0.5119182178629014,Low Demand / Peripheral,Low Visual / Low Hidden,Stable Low-Intensity Area,0.2683702,0.28540766,0.24495192,0.27360806,0.28708082,0.2675854,0.2786292,0.2886055,0.2656437,0.2718239,0.28746337,0.2636848,0.27477497,0.25476915,0.2153357,road_oriented,0.2886055,road_oriented; river_or_waterfront; suburban_peripheral
426,서울역,4호선,Transit-Dominant Demand,0.5105674517464895,Transit-Dominant / Transfer-Oriented,Low Visual / Low Hidden,Stable Low-Intensity Area,0.27899954,0.28979236,0.25772595,0.27701658,0.28418756,0.2698487,0.28049558,0.2855129,0.27026165,0.27487433,0.30478466,0.2686083,0.28661814,0.26576623,0.24575922,river_or_waterfront,0.30478466,river_or_waterfront; low_density_residential; university_area
218,종합운동장,2호선,Transit-Dominant Demand,0.5071068842777162,Transit-Dominant / Transfer-Oriented,Visually Dense but Transit-Captured,Stable Dense Urban Area,0.24235763,0.2621226,0.23203447,0.26142204,0.2700834,0.28696704,0.2712423,0.27720475,0.24664226,0.25503165,0.28808522,0.25964525,0.25506076,0.2397701,0.20708835,river_or_waterfront,0.28808522,river_or_waterfront; transit_hub; road_oriented
2623,합정,6호선,Transit-Dominant Demand,0.5056597225651597,Transit-Dominant / Transfer-Oriented,Low Visual / Low Hidden,Stable Low-Intensity Area,0.24156263,0.26068366,0.2304649,0.25177824,0.26624164,0.26023185,0.2676389,0.2681597,0.2493554,0.2519838,0.31540498,0.25709996,0.2561599,0.25231302,0.21559721,river_or_waterfront,0.31540498,river_or_waterfront; road_oriented; low_transit_access
414,수유(강북구청),4호선,Already Captured Core Demand,0.5029483806966287,Observed Core Demand,Behavioral Hidden Demand,Dynamic Behavioral Area,0.26709342,0.288463,0.24426655,0.2695969,0.29328927,0.2565171,0.28220624,0.28261706,0.26301318,0.26498035,0.29344645,0.2528512,0.28529298,0.25364733,0.23136741,river_or_waterfront,0.29344645,river_or_waterfront; suburban_peripheral; low_density_residential
2722,상봉(시외버스터미널),7호선,Transit-Dominant Demand,0.5028668882803665,Transit-Dominant / Transfer-Oriented,Visually Dense but Transit-Captured,Stable Dense Urban Area,0.26666623,0.28350523,0.26832968,0.27795142,0.28252792,0.27419305,0.29516673,0.28086078,0.278393,0.25977293,0.28865117,0.25734496,0.28048894,0.26506788,0.25198328,low_transit_access,0.29516673,low_transit_access; river_or_waterfront; low_density_residential
210,뚝섬,2호선,Transit-Dominant Demand,0.5020755256117928,Transit-Dominant / Transfer-Oriented,Visually Dense but Transit-Captured,Dynamic Dense Urban Area,0.26097816,0.27120405,0.25024357,0.27102512,0.27294636,0.2646231,0.27726376,0.27792895,0.24880978,0.26009083,0.30064672,0.2631438,0.2693228,0.25621048,0.23014769,river_or_waterfront,0.30064672,river_or_waterfront; road_oriented; low_transit_access
2732,강남구청,7호선,Transit-Dominant Demand,0.5012429582893949,Transit-Dominant / Transfer-Oriented,Visually Dense but Transit-Captured,Stable Dense Urban Area,0.280267,0.29303938,0.26699662,0.28030527,0.27872214,0.26351365,0.28648925,0.2812973,0.27934238,0.26707426,0.2932835,0.2594641,0.2817862,0.26642227,0.24889642,river_or_waterfront,0.2932835,river_or_waterfront; low_density_residential; low_transit_access
227,낙성대,2호선,Already Captured Core Demand,0.5002898795324405,Observed Core Demand,Low Visual / Low Hidden,Dynamic Behavioral Area,0.26784503,0.29043683,0.23904033,0.26540363,0.29246494,0.25747404,0.2839586,0.28011864,0.26225793,0.2795404,0.28960428,0.25779277,0.2782819,0.24455479,0.22609776,suburban_peripheral,0.29246494,suburban_peripheral; low_density_residential; river_or_waterfront
236,영등포구청,2호선,Transit-Dominant Demand,0.4953273506013804,Transit-Dominant / Transfer-Oriented,Visually Dense but Transit-Captured,Stable Dense Urban Area,0.27337348,0.2897438,0.2634108,0.2740183,0.27880514,0.26264524,0.28516355,0.28109002,0.27264774,0.25911546,0.28488243,0.25412437,0.2817955,0.2578658,0.24700534,low_density_residential,0.2897438,low_density_residential; low_transit_access; river_or_waterfront
339,수서,3호선,Transit-Dominant Demand,0.4941729188222363,Transit-Dominant / Transfer-Oriented,Visually Dense but Transit-Captured,Stable Dense Urban Area,0.25211346,0.26721644,0.24580708,0.2694732,0.26854676,0.27792034,0.27861193,0.28646648,0.25937596,0.24648577,0.29545626,0.26329517,0.26252037,0.24538535,0.22603163,river_or_waterfront,0.29545626,river_or_waterfront; road_oriented; low_transit_access
2535,종로3가,5호선,Transit-Dominant Demand,0.4938237572825396,Transit-Dominant / Transfer-Oriented,Visually Dense but Transit-Captured,Stable Dense Urban Area,0.2593106,0.2792018,0.2416523,0.26335,0.2733109,0.23941606,0.26792377,0.27155548,0.26079947,0.2696489,0.28799537,0.24384387,0.2844125,0.25076947,0.22947739,river_or_waterfront,0.28799537,river_or_waterfront; university_area; low_density_residential
2738,이수,7호선,Transit-Dominant Demand,0.4904804809172096,Transit-Dominant / Transfer-Oriented,Visually Dense but Transit-Captured,Stable Dense Urban Area,0.2804658,0.2959274,0.26800174,0.28198725,0.29150623,0.26143372,0.28617972,0.29396996,0.28043777,0.2688484,0.29356033,0.2656663,0.291117,0.26284686,0.24888079,low_density_residential,0.2959274,low_density_residential; road_oriented; river_or_waterfront
241,이대,2호선,Transit-Dominant Demand,0.4895949955599535,Transit-Dominant / Transfer-Oriented,Low Visual / Low Hidden,Stable Low-Intensity Area,0.26963702,0.2876986,0.24578965,0.27023304,0.28479433,0.2473709,0.27456158,0.2809978,0.2684797,0.26822746,0.28278315,0.25161988,0.28122777,0.24943781,0.23362906,low_density_residential,0.2876986,low_density_residential; suburban_peripheral; river_or_waterfront
202,을지로입구,2호선,Morphology-Supported Hidden Demand,0.4894898188328498,Observed Core Demand,Morphology-Supported Hidden Demand,Dynamic Dense Urban Area,0.27468318,0.29246688,0.2571996,0.26840588,0.27979273,0.2559349,0.2834347,0.27476132,0.2797249,0.25980762,0.28914604,0.24466644,0.28394502,0.2605009,0.25251368,low_density_residential,0.29246688,low_density_residential; river_or_waterfront; university_area
243,충정로(경기대입구),2호선,Low Priority,0.48936288580188,Low Demand / Peripheral,Visually Dense but Transit-Captured,Stable Dense Urban Area,0.26214755,0.28034988,0.25606096,0.2759409,0.27684215,0.26277527,0.28373003,0.27593207,0.2684532,0.25747555,0.2797038,0.25475675,0.29324514,0.25801942,0.2396047,university_area,0.29324514,university_area; low_transit_access; low_density_residential
2619,디지털미디어시티,6호선,Transit-Dominant Demand,0.4877741685360821,Transit-Dominant / Transfer-Oriented,Visually Dense but Transit-Captured,Stable Dense Urban Area,0.27094153,0.2834064,0.25644895,0.27783716,0.2837475,0.27779043,0.2883054,0.30094618,0.26942647,0.2537154,0.28933874,0.26623634,0.2763601,0.2576865,0.24143878,road_oriented,0.30094618,road_oriented; river_or_waterfront; low_transit_access
2715,노원,7호선,Transit-Dominant Demand,0.4876672066266374,Transit-Dominant / Transfer-Oriented,Visually Dense but Transit-Captured,Stable Dense Urban Area,0.281263,0.2905293,0.2661992,0.2848453,0.28716463,0.26846698,0.28685746,0.29389873,0.2683857,0.2618683,0.30081564,0.27263328,0.28450805,0.26481766,0.24810633,river_or_waterfront,0.30081564,river_or_waterfront; road_oriented; low_density_residential
224,서초,2호선,Transit-Dominant Demand,0.4875135186783544,Transit-Dominant / Transfer-Oriented,Low Visual / Low Hidden,Stable Low-Intensity Area,0.27619255,0.2925399,0.25445864,0.2751215,0.28904927,0.2598215,0.2846601,0.28630763,0.26960945,0.27443844,0.29805893,0.25744858,0.2913636,0.25110093,0.24128005,river_or_waterfront,0.29805893,river_or_waterfront; low_density_residential; university_area
233,대림(구로구청),2호선,Already Captured Core Demand,0.4845614403991813,Observed Core Demand,Visually Dense but Transit-Captured,Dynamic Dense Urban Area,0.2594742,0.2780614,0.24942195,0.27011752,0.28321776,0.26575124,0.2847923,0.28756967,0.26449406,0.25555247,0.28625363,0.25427866,0.27475974,0.25815445,0.23880045,road_oriented,0.28756967,road_oriented; river_or_waterfront; low_transit_access
2527,여의도,5호선,Transit-Dominant Demand,0.480123554232189,Transit-Dominant / Transfer-Oriented,Visually Dense but Transit-Captured,Dynamic Dense Urban Area,0.28216884,0.29414403,0.26631063,0.28245166,0.27495265,0.25867102,0.27821717,0.2772801,0.27763844,0.25955763,0.28273532,0.26296943,0.2869649,0.25843158,0.245339,low_density_residential,0.29414403,low_density_residential; university_area; river_or_waterfront
205,동대문역사문화공원,2호선,Transit-Dominant Demand,0.4799295805885394,Transit-Dominant / Transfer-Oriented,Visually Dense but Transit-Captured,Stable Dense Urban Area,0.24702854,0.2655907,0.24551848,0.26676133,0.26817122,0.26452637,0.27466935,0.27561325,0.26062697,0.26758277,0.28657293,0.24161047,0.27593818,0.25043333,0.22603263,river_or_waterfront,0.28657293,river_or_waterfront; university_area; road_oriented
429,신용산,4호선,Transit-Dominant Demand,0.4797318122338366,Transit-Dominant / Transfer-Oriented,Visually Dense but Transit-Captured,Stable Dense Urban Area,0.26191735,0.27098322,0.2690346,0.28090793,0.26899517,0.27480736,0.2775668,0.27286312,0.25679815,0.2542552,0.28099066,0.27511746,0.27546194,0.25848022,0.24404249,river_or_waterfront,0.28099066,river_or_waterfront; mixed_use; low_transit_access
201,시청,2호선,Transit-Dominant Demand,0.4737636854145891,Transit-Dominant / Transfer-Oriented,Visually Dense but Transit-Captured,Stable Dense Urban Area,0.27147532,0.28286678,0.26692426,0.27961808,0.27329636,0.26623863,0.28703108,0.27901426,0.26783362,0.26227057,0.28987718,0.26286513,0.2865693,0.27093104,0.25199848,river_or_waterfront,0.28987718,river_or_waterfront; low_transit_access; university_area
153,종로3가,1호선,Transit-Dominant Demand,0.4694731597233907,Transit-Dominant / Transfer-Oriented,Visually Dense but Transit-Captured,Stable Dense Urban Area,0.26643854,0.27997363,0.2640696,0.27722427,0.26994947,0.26171243,0.27267164,0.2795123,0.26215085,0.25808877,0.2846312,0.25892305,0.27830186,0.25633574,0.24706551,river_or_waterfront,0.2846312,river_or_waterfront; low_density_residential; road_oriented
433,사당,4호선,Transit-Dominant Demand,0.4650100983783617,Transit-Dominant / Transfer-Oriented,Low Visual / Low Hidden,Dynamic Behavioral Area,0.27021298,0.28666675,0.2562756,0.2758719,0.2894553,0.25960797,0.28090838,0.28942028,0.26502666,0.27176997,0.2997014,0.25888816,0.28911707,0.26708502,0.24481341,river_or_waterfront,0.2997014,river_or_waterfront; suburban_peripheral; road_oriented
312,불광,3호선,Transit-Dominant Demand,0.461903940551803,Transit-Dominant / Transfer-Oriented,Low Visual / Low Hidden,Stable Low-Intensity Area,0.25374877,0.28021365,0.23193187,0.26262003,0.2840288,0.2427854,0.27108395,0.26356173,0.25750765,0.2761817,0.27454942,0.24099074,0.2795485,0.24564114,0.22184235,suburban_peripheral,0.2840288,suburban_peripheral; low_density_residential; university_area
420,혜화,4호선,Already Captured Core Demand,0.4565254749727682,Observed Core Demand,Behavioral Hidden Demand,Dynamic Behavioral Area,0.26579168,0.28544515,0.2352957,0.26681614,0.29000252,0.25256526,0.27819186,0.27009013,0.25933284,0.28049716,0.28835258,0.25065455,0.28030005,0.2567187,0.21794945,suburban_peripheral,0.29000252,suburban_peripheral; river_or_waterfront; low_density_residential
323,약수,3호선,Transit-Dominant Demand,0.4539098894204165,Transit-Dominant / Transfer-Oriented,Low Visual / Low Hidden,Stable Low-Intensity Area,0.27083635,0.28760847,0.25103143,0.28187588,0.2860971,0.24759737,0.2661525,0.27414447,0.26448992,0.2670691,0.28243792,0.25263336,0.28327903,0.2531009,0.22599682,low_density_residential,0.28760847,low_density_residential; suburban_peripheral; university_area
232,구로디지털단지,2호선,Already Captured Core Demand,0.4535290658306959,Observed Core Demand,Behavioral Hidden Demand,Dynamic Behavioral Area,0.2707656,0.28842682,0.24119626,0.26740938,0.2915509,0.252645,0.27688628,0.2805975,0.26122388,0.26780412,0.2924276,0.24873605,0.28266636,0.2461801,0.22803864,river_or_waterfront,0.2924276,river_or_waterfront; suburban_peripheral; low_density_residential
418,성신여대입구(돈암),4호선,Transit-Dominant Demand,0.4532687968297272,Transit-Dominant / Transfer-Oriented,Low Visual / Low Hidden,Stable Low-Intensity Area,0.27528226,0.29387653,0.25030708,0.27825907,0.29355234,0.25717944,0.28271386,0.28161803,0.2672326,0.27680093,0.29313353,0.2589379,0.28805977,0.25930083,0.23905978,low_density_residential,0.29387653,low_density_residential; suburban_peripheral; river_or_waterfront
203,을지로3가,2호선,Transit-Dominant Demand,0.4523966904087489,Transit-Dominant / Transfer-Oriented,Visually Dense but Transit-Captured,Stable Dense Urban Area,0.26027146,0.27353087,0.25976354,0.27087447,0.2625758,0.2538323,0.27191025,0.2642461,0.26283073,0.2522925,0.2723995,0.24239731,0.27261484,0.25974083,0.24788362,low_density_residential,0.27353087,low_density_residential; university_area; river_or_waterfront
2812,천호(풍납토성),8호선,Transit-Dominant Demand,0.4510935232177745,Transit-Dominant / Transfer-Oriented,Visually Dense but Transit-Captured,Stable Dense Urban Area,0.27362278,0.28316736,0.26277772,0.27689502,0.27595645,0.27223542,0.28548512,0.28561473,0.26561904,0.26096776,0.30830342,0.26995227,0.27717793,0.26437366,0.24032229,river_or_waterfront,0.30830342,river_or_waterfront; road_oriented; low_transit_access
223,교대(법원.검찰청),2호선,Already Captured Core Demand,0.4337607645913416,Observed Core Demand,Visually Dense but Transit-Captured,Dynamic Dense Urban Area,0.28424406,0.29990053,0.26290202,0.2814027,0.2925606,0.2652234,0.2894907,0.28648028,0.27705014,0.2662304,0.29137984,0.26049638,0.29090634,0.2622547,0.24920097,low_density_residential,0.29990053,low_density_residential; suburban_peripheral; river_or_waterfront
2627,공덕,6호선,Transit-Dominant Demand,0.4237624380243245,Transit-Dominant / Transfer-Oriented,Visually Dense but Transit-Captured,Stable Dense Urban Area,0.26924393,0.2856982,0.25497714,0.27187788,0.2734067,0.24788392,0.27024883,0.2722829,0.26781172,0.2593116,0.2761377,0.24873066,0.27861738,0.24717407,0.23938239,low_density_residential,0.2856982,low_density_residential; university_area; river_or_waterfront
422,동대문역사문화공원,4호선,Transit-Dominant Demand,0.421062886562465,Transit-Dominant / Transfer-Oriented,Visually Dense but Transit-Captured,Stable Dense Urban Area,0.26249316,0.27586293,0.25368857,0.27165282,0.27565354,0.26776385,0.28322718,0.288431,0.26142865,0.26996857,0.2957366,0.25755,0.2806245,0.253012,0.23914611,river_or_waterfront,0.2957366,river_or_waterfront; road_oriented; low_transit_access
240,신촌,2호선,Already Captured Core Demand,0.4150138894040352,Observed Core Demand,Visually Dense but Transit-Captured,Dynamic Dense Urban Area,0.27152327,0.28729194,0.25855306,0.27988845,0.2864211,0.2619501,0.28876552,0.286094,0.26827252,0.26513305,0.28887293,0.25902018,0.28955007,0.26131076,0.2380271,university_area,0.28955007,university_area; river_or_waterfront; low_transit_access
237,당산,2호선,Transit-Dominant Demand,0.4134180490720379,Transit-Dominant / Transfer-Oriented,Low Visual / Low Hidden,Stable Low-Intensity Area,0.2228218,0.24665624,0.21361928,0.23789185,0.25827962,0.25281316,0.2548708,0.24334845,0.2346684,0.23766518,0.30224276,0.23592517,0.23420309,0.2335043,0.18895972,river_or_waterfront,0.30224276,river_or_waterfront; suburban_peripheral; low_transit_access
228,서울대입구(관악구청),2호선,Already Captured Core Demand,0.4098207720263627,Observed Core Demand,Low Visual / Low Hidden,Dynamic Behavioral Area,0.27574602,0.29269937,0.25067234,0.27384704,0.29399407,0.25681564,0.28447253,0.28586045,0.26332384,0.2670522,0.29335016,0.25858462,0.28863278,0.25103703,0.24052389,suburban_peripheral,0.29399407,suburban_peripheral; river_or_waterfront; low_density_residential
214,강변(동서울터미널),2호선,Already Captured Core Demand,0.4037982128420272,Observed Core Demand,Visually Dense but Transit-Captured,Dynamic Dense Urban Area,0.24982357,0.26661658,0.24433258,0.2645555,0.26816246,0.2756907,0.27722347,0.26906994,0.24213186,0.24945095,0.30951643,0.27608538,0.2566971,0.24536872,0.21579427,river_or_waterfront,0.30951643,river_or_waterfront; low_transit_access; industrial_office
238,합정,2호선,Transit-Dominant Demand,0.3876624385040866,Transit-Dominant / Transfer-Oriented,Visually Dense but Transit-Captured,Stable Dense Urban Area,0.26726422,0.2829675,0.2698893,0.27887756,0.27801752,0.2700922,0.28816447,0.2841021,0.26699516,0.26683635,0.2905579,0.26585594,0.28476366,0.2686896,0.25122058,river_or_waterfront,0.2905579,river_or_waterfront; low_transit_access; university_area
332,양재(서초구청),3호선,Already Captured Core Demand,0.3864031344557278,Observed Core Demand,Visually Dense but Transit-Captured,Dynamic Dense Urban Area,0.2776665,0.28876257,0.26291108,0.28039426,0.28389955,0.27316535,0.29183984,0.2912973,0.26805732,0.2680852,0.296258,0.2709621,0.28590617,0.2631603,0.24492434,river_or_waterfront,0.296258,river_or_waterfront; low_transit_access; road_oriented
423,충무로,4호선,Transit-Dominant Demand,0.3735543852551238,Transit-Dominant / Transfer-Oriented,Low Visual / Low Hidden,Stable Low-Intensity Area,0.25878066,0.28040272,0.22874781,0.2603008,0.28231966,0.2479216,0.2695639,0.2648692,0.257146,0.28061324,0.2852931,0.25056878,0.2751631,0.24372956,0.22236378,river_or_waterfront,0.2852931,river_or_waterfront; suburban_peripheral; green_mountain_area
212,건대입구,2호선,Already Captured Core Demand,0.3486768254751823,Observed Core Demand,Visually Dense but Transit-Captured,Dynamic Dense Urban Area,0.2783244,0.2919554,0.26567024,0.27430603,0.2798993,0.27002862,0.28570405,0.27952847,0.2735706,0.26538306,0.287721,0.25916794,0.2743186,0.26306424,0.24217086,low_density_residential,0.2919554,low_density_residential; river_or_waterfront; low_transit_access
219,삼성(무역센터),2호선,Already Captured Core Demand,0.3377050487483334,Observed Core Demand,Visually Dense but Transit-Captured,Dynamic Dense Urban Area,0.27929604,0.28935724,0.27564988,0.2809552,0.26896566,0.26799726,0.28292692,0.28518867,0.27346677,0.2623647,0.2864003,0.26634538,0.28261983,0.2689165,0.25195682,low_density_residential,0.28935724,low_density_residential; river_or_waterfront; road_oriented
220,선릉,2호선,Already Captured Core Demand,0.3298524522701775,Observed Core Demand,Visually Dense but Transit-Captured,Dynamic Dense Urban Area,0.28427875,0.29695606,0.27156973,0.2818268,0.28142965,0.26777622,0.28738433,0.28377002,0.2837792,0.26176336,0.29023677,0.26220578,0.2808667,0.26669812,0.2518924,low_density_residential,0.29695606,low_density_residential; river_or_waterfront; low_transit_access
311,연신내,3호선,Transit-Dominant Demand,0.3158653461966538,Transit-Dominant / Transfer-Oriented,Low Visual / Low Hidden,Stable Low-Intensity Area,0.26788464,0.28451997,0.24543995,0.27327782,0.29094553,0.24187693,0.27061945,0.26982835,0.24743223,0.27899972,0.28714,0.26519004,0.28813574,0.26082075,0.23289877,suburban_peripheral,0.29094553,suburban_peripheral; university_area; river_or_waterfront
239,홍대입구,2호선,Already Captured Core Demand,0.2745699694697687,Observed Core Demand,Visually Dense but Transit-Captured,Dynamic Dense Urban Area,0.2710523,0.28065553,0.25708032,0.27134535,0.28136927,0.2576367,0.28023505,0.28109622,0.2594744,0.26563144,0.28911263,0.25970322,0.2773784,0.26039568,0.2427266,river_or_waterfront,0.28911263,river_or_waterfront; suburban_peripheral; road_oriented
226,사당,2호선,Transit-Dominant Demand,0.2634341937424573,Transit-Dominant / Transfer-Oriented,Low Visual / Low Hidden,Stable Low-Intensity Area,0.26569182,0.28363416,0.23821849,0.27070346,0.29042423,0.25490245,0.27959397,0.29070324,0.26588315,0.27678704,0.2871026,0.2565354,0.28409928,0.24879181,0.22725897,road_oriented,0.29070324,road_oriented; suburban_peripheral; river_or_waterfront
329,고속터미널,3호선,Already Captured Core Demand,0.2612975928979856,Observed Core Demand,Visually Dense but Transit-Captured,Dynamic Dense Urban Area,0.27024922,0.2788127,0.26330483,0.2796596,0.26391703,0.26036248,0.26799873,0.271258,0.26009807,0.25212914,0.279546,0.26314074,0.26646417,0.2561162,0.23928782,mixed_use,0.2796596,mixed_use; river_or_waterfront; low_density_residential
150,서울역,1호선,Transit-Dominant Demand,0.2362317512174299,Transit-Dominant / Transfer-Oriented,Visually Dense but Transit-Captured,Stable Dense Urban Area,0.25856662,0.272167,0.2505495,0.27083775,0.264201,0.26167214,0.26388648,0.2756839,0.2591743,0.24901986,0.27742085,0.25513977,0.2679288,0.25517425,0.22910964,river_or_waterfront,0.27742085,river_or_waterfront; road_oriented; low_density_residential
234,신도림,2호선,Transit-Dominant Demand,0.2089258820444064,Transit-Dominant / Transfer-Oriented,Visually Dense but Transit-Captured,Stable Dense Urban Area,0.274853,0.28822985,0.25756878,0.2819506,0.2873816,0.27962226,0.28924662,0.30145937,0.26971832,0.26318893,0.30115122,0.2669085,0.2745711,0.26039398,0.23649803,road_oriented,0.30145937,road_oriented; river_or_waterfront; low_transit_access
216,잠실(송파구청),2호선,Already Captured Core Demand,0.1655496075084894,Observed Core Demand,Visually Dense but Transit-Captured,Dynamic Dense Urban Area,0.26477295,0.2794553,0.2534622,0.27658045,0.26555806,0.28192782,0.28053823,0.2727159,0.2652825,0.24858406,0.29246163,0.26163945,0.2655631,0.2560501,0.23219255,river_or_waterfront,0.29246163,river_or_waterfront; transit_hub; low_transit_access
230,신림,2호선,Transit-Dominant Demand,0.1077887284245429,Transit-Dominant / Transfer-Oriented,Low Visual / Low Hidden,Dynamic Behavioral Area,0.26672724,0.2933217,0.24118936,0.27317792,0.29744515,0.25251696,0.27638033,0.2730835,0.2755362,0.26111844,0.28523463,0.2465496,0.27984053,0.24223891,0.21992987,suburban_peripheral,0.29744515,suburban_peripheral; low_density_residential; river_or_waterfront
222,강남,2호선,Already Captured Core Demand,0.0,Observed Core Demand,Visually Dense but Transit-Captured,Dynamic Dense Urban Area,0.27511626,0.29111946,0.248988,0.26872927,0.28360328,0.26282072,0.27884606,0.27130598,0.27350342,0.26270378,0.2824973,0.24975862,0.26663,0.25038463,0.23165709,low_density_residential,0.29111946,low_density_residential; suburban_peripheral; river_or_waterfront
