station_id,station_name,map_path,satellite_path,caption
150,서울역,/workspace/yunsoyoung_cikm_kdd../images/station_tiles/map/150_서울역.png,/workspace/yunsoyoung_cikm_kdd../images/station_tiles/satellite/150_서울역.png,"서울역 station area in Seoul. This area represents urban morphology, road structure, building density, and local mobility context around the station."
151,시청,/workspace/yunsoyoung_cikm_kdd../images/station_tiles/map/151_시청.png,/workspace/yunsoyoung_cikm_kdd../images/station_tiles/satellite/151_시청.png,"시청 station area in Seoul. This area represents urban morphology, road structure, building density, and local mobility context around the station."
152,종각,/workspace/yunsoyoung_cikm_kdd../images/station_tiles/map/152_종각.png,/workspace/yunsoyoung_cikm_kdd../images/station_tiles/satellite/152_종각.png,"종각 station area in Seoul. This area represents urban morphology, road structure, building density, and local mobility context around the station."
153,종로3가,/workspace/yunsoyoung_cikm_kdd../images/station_tiles/map/153_종로3가.png,/workspace/yunsoyoung_cikm_kdd../images/station_tiles/satellite/153_종로3가.png,"종로3가 station area in Seoul. This area represents urban morphology, road structure, building density, and local mobility context around the station."
154,종로5가,/workspace/yunsoyoung_cikm_kdd../images/station_tiles/map/154_종로5가.png,/workspace/yunsoyoung_cikm_kdd../images/station_tiles/satellite/154_종로5가.png,"종로5가 station area in Seoul. This area represents urban morphology, road structure, building density, and local mobility context around the station."
155,동대문,/workspace/yunsoyoung_cikm_kdd../images/station_tiles/map/155_동대문.png,/workspace/yunsoyoung_cikm_kdd../images/station_tiles/satellite/155_동대문.png,"동대문 station area in Seoul. This area represents urban morphology, road structure, building density, and local mobility context around the station."
156,신설동,/workspace/yunsoyoung_cikm_kdd../images/station_tiles/map/156_신설동.png,/workspace/yunsoyoung_cikm_kdd../images/station_tiles/satellite/156_신설동.png,"신설동 station area in Seoul. This area represents urban morphology, road structure, building density, and local mobility context around the station."
157,제기동,/workspace/yunsoyoung_cikm_kdd../images/station_tiles/map/157_제기동.png,/workspace/yunsoyoung_cikm_kdd../images/station_tiles/satellite/157_제기동.png,"제기동 station area in Seoul. This area represents urban morphology, road structure, building density, and local mobility context around the station."
158,청량리(서울시립대입구),/workspace/yunsoyoung_cikm_kdd../images/station_tiles/map/158_청량리(서울시립대입구).png,/workspace/yunsoyoung_cikm_kdd../images/station_tiles/satellite/158_청량리(서울시립대입구).png,"청량리(서울시립대입구) station area in Seoul. This area represents urban morphology, road structure, building density, and local mobility context around the station."
159,동묘앞,/workspace/yunsoyoung_cikm_kdd../images/station_tiles/map/159_동묘앞.png,/workspace/yunsoyoung_cikm_kdd../images/station_tiles/satellite/159_동묘앞.png,"동묘앞 station area in Seoul. This area represents urban morphology, road structure, building density, and local mobility context around the station."
201,시청,/workspace/yunsoyoung_cikm_kdd../images/station_tiles/map/201_시청.png,/workspace/yunsoyoung_cikm_kdd../images/station_tiles/satellite/201_시청.png,"시청 station area in Seoul. This area represents urban morphology, road structure, building density, and local mobility context around the station."
202,을지로입구,/workspace/yunsoyoung_cikm_kdd../images/station_tiles/map/202_을지로입구.png,/workspace/yunsoyoung_cikm_kdd../images/station_tiles/satellite/202_을지로입구.png,"을지로입구 station area in Seoul. This area represents urban morphology, road structure, building density, and local mobility context around the station."
203,을지로3가,/workspace/yunsoyoung_cikm_kdd../images/station_tiles/map/203_을지로3가.png,/workspace/yunsoyoung_cikm_kdd../images/station_tiles/satellite/203_을지로3가.png,"을지로3가 station area in Seoul. This area represents urban morphology, road structure, building density, and local mobility context around the station."
204,을지로4가,/workspace/yunsoyoung_cikm_kdd../images/station_tiles/map/204_을지로4가.png,/workspace/yunsoyoung_cikm_kdd../images/station_tiles/satellite/204_을지로4가.png,"을지로4가 station area in Seoul. This area represents urban morphology, road structure, building density, and local mobility context around the station."
205,동대문역사문화공원,/workspace/yunsoyoung_cikm_kdd../images/station_tiles/map/205_동대문역사문화공원.png,/workspace/yunsoyoung_cikm_kdd../images/station_tiles/satellite/205_동대문역사문화공원.png,"동대문역사문화공원 station area in Seoul. This area represents urban morphology, road structure, building density, and local mobility context around the station."
206,신당,/workspace/yunsoyoung_cikm_kdd../images/station_tiles/map/206_신당.png,/workspace/yunsoyoung_cikm_kdd../images/station_tiles/satellite/206_신당.png,"신당 station area in Seoul. This area represents urban morphology, road structure, building density, and local mobility context around the station."
207,상왕십리,/workspace/yunsoyoung_cikm_kdd../images/station_tiles/map/207_상왕십리.png,/workspace/yunsoyoung_cikm_kdd../images/station_tiles/satellite/207_상왕십리.png,"상왕십리 station area in Seoul. This area represents urban morphology, road structure, building density, and local mobility context around the station."
208,왕십리(성동구청),/workspace/yunsoyoung_cikm_kdd../images/station_tiles/map/208_왕십리(성동구청).png,/workspace/yunsoyoung_cikm_kdd../images/station_tiles/satellite/208_왕십리(성동구청).png,"왕십리(성동구청) station area in Seoul. This area represents urban morphology, road structure, building density, and local mobility context around the station."
209,한양대,/workspace/yunsoyoung_cikm_kdd../images/station_tiles/map/209_한양대.png,/workspace/yunsoyoung_cikm_kdd../images/station_tiles/satellite/209_한양대.png,"한양대 station area in Seoul. This area represents urban morphology, road structure, building density, and local mobility context around the station."
210,뚝섬,/workspace/yunsoyoung_cikm_kdd../images/station_tiles/map/210_뚝섬.png,/workspace/yunsoyoung_cikm_kdd../images/station_tiles/satellite/210_뚝섬.png,"뚝섬 station area in Seoul. This area represents urban morphology, road structure, building density, and local mobility context around the station."
211,성수,/workspace/yunsoyoung_cikm_kdd../images/station_tiles/map/211_성수.png,/workspace/yunsoyoung_cikm_kdd../images/station_tiles/satellite/211_성수.png,"성수 station area in Seoul. This area represents urban morphology, road structure, building density, and local mobility context around the station."
212,건대입구,/workspace/yunsoyoung_cikm_kdd../images/station_tiles/map/212_건대입구.png,/workspace/yunsoyoung_cikm_kdd../images/station_tiles/satellite/212_건대입구.png,"건대입구 station area in Seoul. This area represents urban morphology, road structure, building density, and local mobility context around the station."
213,구의(광진구청),/workspace/yunsoyoung_cikm_kdd../images/station_tiles/map/213_구의(광진구청).png,/workspace/yunsoyoung_cikm_kdd../images/station_tiles/satellite/213_구의(광진구청).png,"구의(광진구청) station area in Seoul. This area represents urban morphology, road structure, building density, and local mobility context around the station."
214,강변(동서울터미널),/workspace/yunsoyoung_cikm_kdd../images/station_tiles/map/214_강변(동서울터미널).png,/workspace/yunsoyoung_cikm_kdd../images/station_tiles/satellite/214_강변(동서울터미널).png,"강변(동서울터미널) station area in Seoul. This area represents urban morphology, road structure, building density, and local mobility context around the station."
215,잠실나루,/workspace/yunsoyoung_cikm_kdd../images/station_tiles/map/215_잠실나루.png,/workspace/yunsoyoung_cikm_kdd../images/station_tiles/satellite/215_잠실나루.png,"잠실나루 station area in Seoul. This area represents urban morphology, road structure, building density, and local mobility context around the station."
216,잠실(송파구청),/workspace/yunsoyoung_cikm_kdd../images/station_tiles/map/216_잠실(송파구청).png,/workspace/yunsoyoung_cikm_kdd../images/station_tiles/satellite/216_잠실(송파구청).png,"잠실(송파구청) station area in Seoul. This area represents urban morphology, road structure, building density, and local mobility context around the station."
217,잠실새내,/workspace/yunsoyoung_cikm_kdd../images/station_tiles/map/217_잠실새내.png,/workspace/yunsoyoung_cikm_kdd../images/station_tiles/satellite/217_잠실새내.png,"잠실새내 station area in Seoul. This area represents urban morphology, road structure, building density, and local mobility context around the station."
218,종합운동장,/workspace/yunsoyoung_cikm_kdd../images/station_tiles/map/218_종합운동장.png,/workspace/yunsoyoung_cikm_kdd../images/station_tiles/satellite/218_종합운동장.png,"종합운동장 station area in Seoul. This area represents urban morphology, road structure, building density, and local mobility context around the station."
219,삼성(무역센터),/workspace/yunsoyoung_cikm_kdd../images/station_tiles/map/219_삼성(무역센터).png,/workspace/yunsoyoung_cikm_kdd../images/station_tiles/satellite/219_삼성(무역센터).png,"삼성(무역센터) station area in Seoul. This area represents urban morphology, road structure, building density, and local mobility context around the station."
220,선릉,/workspace/yunsoyoung_cikm_kdd../images/station_tiles/map/220_선릉.png,/workspace/yunsoyoung_cikm_kdd../images/station_tiles/satellite/220_선릉.png,"선릉 station area in Seoul. This area represents urban morphology, road structure, building density, and local mobility context around the station."
221,역삼,/workspace/yunsoyoung_cikm_kdd../images/station_tiles/map/221_역삼.png,/workspace/yunsoyoung_cikm_kdd../images/station_tiles/satellite/221_역삼.png,"역삼 station area in Seoul. This area represents urban morphology, road structure, building density, and local mobility context around the station."
222,강남,/workspace/yunsoyoung_cikm_kdd../images/station_tiles/map/222_강남.png,/workspace/yunsoyoung_cikm_kdd../images/station_tiles/satellite/222_강남.png,"강남 station area in Seoul. This area represents urban morphology, road structure, building density, and local mobility context around the station."
223,교대(법원.검찰청),/workspace/yunsoyoung_cikm_kdd../images/station_tiles/map/223_교대(법원.검찰청).png,/workspace/yunsoyoung_cikm_kdd../images/station_tiles/satellite/223_교대(법원.검찰청).png,"교대(법원.검찰청) station area in Seoul. This area represents urban morphology, road structure, building density, and local mobility context around the station."
224,서초,/workspace/yunsoyoung_cikm_kdd../images/station_tiles/map/224_서초.png,/workspace/yunsoyoung_cikm_kdd../images/station_tiles/satellite/224_서초.png,"서초 station area in Seoul. This area represents urban morphology, road structure, building density, and local mobility context around the station."
225,방배,/workspace/yunsoyoung_cikm_kdd../images/station_tiles/map/225_방배.png,/workspace/yunsoyoung_cikm_kdd../images/station_tiles/satellite/225_방배.png,"방배 station area in Seoul. This area represents urban morphology, road structure, building density, and local mobility context around the station."
226,사당,/workspace/yunsoyoung_cikm_kdd../images/station_tiles/map/226_사당.png,/workspace/yunsoyoung_cikm_kdd../images/station_tiles/satellite/226_사당.png,"사당 station area in Seoul. This area represents urban morphology, road structure, building density, and local mobility context around the station."
227,낙성대,/workspace/yunsoyoung_cikm_kdd../images/station_tiles/map/227_낙성대.png,/workspace/yunsoyoung_cikm_kdd../images/station_tiles/satellite/227_낙성대.png,"낙성대 station area in Seoul. This area represents urban morphology, road structure, building density, and local mobility context around the station."
228,서울대입구(관악구청),/workspace/yunsoyoung_cikm_kdd../images/station_tiles/map/228_서울대입구(관악구청).png,/workspace/yunsoyoung_cikm_kdd../images/station_tiles/satellite/228_서울대입구(관악구청).png,"서울대입구(관악구청) station area in Seoul. This area represents urban morphology, road structure, building density, and local mobility context around the station."
229,봉천,/workspace/yunsoyoung_cikm_kdd../images/station_tiles/map/229_봉천.png,/workspace/yunsoyoung_cikm_kdd../images/station_tiles/satellite/229_봉천.png,"봉천 station area in Seoul. This area represents urban morphology, road structure, building density, and local mobility context around the station."
230,신림,/workspace/yunsoyoung_cikm_kdd../images/station_tiles/map/230_신림.png,/workspace/yunsoyoung_cikm_kdd../images/station_tiles/satellite/230_신림.png,"신림 station area in Seoul. This area represents urban morphology, road structure, building density, and local mobility context around the station."
231,신대방,/workspace/yunsoyoung_cikm_kdd../images/station_tiles/map/231_신대방.png,/workspace/yunsoyoung_cikm_kdd../images/station_tiles/satellite/231_신대방.png,"신대방 station area in Seoul. This area represents urban morphology, road structure, building density, and local mobility context around the station."
232,구로디지털단지,/workspace/yunsoyoung_cikm_kdd../images/station_tiles/map/232_구로디지털단지.png,/workspace/yunsoyoung_cikm_kdd../images/station_tiles/satellite/232_구로디지털단지.png,"구로디지털단지 station area in Seoul. This area represents urban morphology, road structure, building density, and local mobility context around the station."
233,대림(구로구청),/workspace/yunsoyoung_cikm_kdd../images/station_tiles/map/233_대림(구로구청).png,/workspace/yunsoyoung_cikm_kdd../images/station_tiles/satellite/233_대림(구로구청).png,"대림(구로구청) station area in Seoul. This area represents urban morphology, road structure, building density, and local mobility context around the station."
234,신도림,/workspace/yunsoyoung_cikm_kdd../images/station_tiles/map/234_신도림.png,/workspace/yunsoyoung_cikm_kdd../images/station_tiles/satellite/234_신도림.png,"신도림 station area in Seoul. This area represents urban morphology, road structure, building density, and local mobility context around the station."
235,문래,/workspace/yunsoyoung_cikm_kdd../images/station_tiles/map/235_문래.png,/workspace/yunsoyoung_cikm_kdd../images/station_tiles/satellite/235_문래.png,"문래 station area in Seoul. This area represents urban morphology, road structure, building density, and local mobility context around the station."
236,영등포구청,/workspace/yunsoyoung_cikm_kdd../images/station_tiles/map/236_영등포구청.png,/workspace/yunsoyoung_cikm_kdd../images/station_tiles/satellite/236_영등포구청.png,"영등포구청 station area in Seoul. This area represents urban morphology, road structure, building density, and local mobility context around the station."
237,당산,/workspace/yunsoyoung_cikm_kdd../images/station_tiles/map/237_당산.png,/workspace/yunsoyoung_cikm_kdd../images/station_tiles/satellite/237_당산.png,"당산 station area in Seoul. This area represents urban morphology, road structure, building density, and local mobility context around the station."
238,합정,/workspace/yunsoyoung_cikm_kdd../images/station_tiles/map/238_합정.png,/workspace/yunsoyoung_cikm_kdd../images/station_tiles/satellite/238_합정.png,"합정 station area in Seoul. This area represents urban morphology, road structure, building density, and local mobility context around the station."
239,홍대입구,/workspace/yunsoyoung_cikm_kdd../images/station_tiles/map/239_홍대입구.png,/workspace/yunsoyoung_cikm_kdd../images/station_tiles/satellite/239_홍대입구.png,"홍대입구 station area in Seoul. This area represents urban morphology, road structure, building density, and local mobility context around the station."
240,신촌,/workspace/yunsoyoung_cikm_kdd../images/station_tiles/map/240_신촌.png,/workspace/yunsoyoung_cikm_kdd../images/station_tiles/satellite/240_신촌.png,"신촌 station area in Seoul. This area represents urban morphology, road structure, building density, and local mobility context around the station."
241,이대,/workspace/yunsoyoung_cikm_kdd../images/station_tiles/map/241_이대.png,/workspace/yunsoyoung_cikm_kdd../images/station_tiles/satellite/241_이대.png,"이대 station area in Seoul. This area represents urban morphology, road structure, building density, and local mobility context around the station."
242,아현,/workspace/yunsoyoung_cikm_kdd../images/station_tiles/map/242_아현.png,/workspace/yunsoyoung_cikm_kdd../images/station_tiles/satellite/242_아현.png,"아현 station area in Seoul. This area represents urban morphology, road structure, building density, and local mobility context around the station."
243,충정로(경기대입구),/workspace/yunsoyoung_cikm_kdd../images/station_tiles/map/243_충정로(경기대입구).png,/workspace/yunsoyoung_cikm_kdd../images/station_tiles/satellite/243_충정로(경기대입구).png,"충정로(경기대입구) station area in Seoul. This area represents urban morphology, road structure, building density, and local mobility context around the station."
244,용답,/workspace/yunsoyoung_cikm_kdd../images/station_tiles/map/244_용답.png,/workspace/yunsoyoung_cikm_kdd../images/station_tiles/satellite/244_용답.png,"용답 station area in Seoul. This area represents urban morphology, road structure, building density, and local mobility context around the station."
245,신답,/workspace/yunsoyoung_cikm_kdd../images/station_tiles/map/245_신답.png,/workspace/yunsoyoung_cikm_kdd../images/station_tiles/satellite/245_신답.png,"신답 station area in Seoul. This area represents urban morphology, road structure, building density, and local mobility context around the station."
246,신설동,/workspace/yunsoyoung_cikm_kdd../images/station_tiles/map/246_신설동.png,/workspace/yunsoyoung_cikm_kdd../images/station_tiles/satellite/246_신설동.png,"신설동 station area in Seoul. This area represents urban morphology, road structure, building density, and local mobility context around the station."
247,도림천,/workspace/yunsoyoung_cikm_kdd../images/station_tiles/map/247_도림천.png,/workspace/yunsoyoung_cikm_kdd../images/station_tiles/satellite/247_도림천.png,"도림천 station area in Seoul. This area represents urban morphology, road structure, building density, and local mobility context around the station."
248,양천구청,/workspace/yunsoyoung_cikm_kdd../images/station_tiles/map/248_양천구청.png,/workspace/yunsoyoung_cikm_kdd../images/station_tiles/satellite/248_양천구청.png,"양천구청 station area in Seoul. This area represents urban morphology, road structure, building density, and local mobility context around the station."
249,신정네거리,/workspace/yunsoyoung_cikm_kdd../images/station_tiles/map/249_신정네거리.png,/workspace/yunsoyoung_cikm_kdd../images/station_tiles/satellite/249_신정네거리.png,"신정네거리 station area in Seoul. This area represents urban morphology, road structure, building density, and local mobility context around the station."
250,용두(동대문구청),/workspace/yunsoyoung_cikm_kdd../images/station_tiles/map/250_용두(동대문구청).png,/workspace/yunsoyoung_cikm_kdd../images/station_tiles/satellite/250_용두(동대문구청).png,"용두(동대문구청) station area in Seoul. This area represents urban morphology, road structure, building density, and local mobility context around the station."
2511,방화,/workspace/yunsoyoung_cikm_kdd../images/station_tiles/map/2511_방화.png,/workspace/yunsoyoung_cikm_kdd../images/station_tiles/satellite/2511_방화.png,"방화 station area in Seoul. This area represents urban morphology, road structure, building density, and local mobility context around the station."
2512,개화산,/workspace/yunsoyoung_cikm_kdd../images/station_tiles/map/2512_개화산.png,/workspace/yunsoyoung_cikm_kdd../images/station_tiles/satellite/2512_개화산.png,"개화산 station area in Seoul. This area represents urban morphology, road structure, building density, and local mobility context around the station."
2513,김포공항,/workspace/yunsoyoung_cikm_kdd../images/station_tiles/map/2513_김포공항.png,/workspace/yunsoyoung_cikm_kdd../images/station_tiles/satellite/2513_김포공항.png,"김포공항 station area in Seoul. This area represents urban morphology, road structure, building density, and local mobility context around the station."
2514,송정,/workspace/yunsoyoung_cikm_kdd../images/station_tiles/map/2514_송정.png,/workspace/yunsoyoung_cikm_kdd../images/station_tiles/satellite/2514_송정.png,"송정 station area in Seoul. This area represents urban morphology, road structure, building density, and local mobility context around the station."
2515,마곡,/workspace/yunsoyoung_cikm_kdd../images/station_tiles/map/2515_마곡.png,/workspace/yunsoyoung_cikm_kdd../images/station_tiles/satellite/2515_마곡.png,"마곡 station area in Seoul. This area represents urban morphology, road structure, building density, and local mobility context around the station."
2516,발산,/workspace/yunsoyoung_cikm_kdd../images/station_tiles/map/2516_발산.png,/workspace/yunsoyoung_cikm_kdd../images/station_tiles/satellite/2516_발산.png,"발산 station area in Seoul. This area represents urban morphology, road structure, building density, and local mobility context around the station."
2517,우장산,/workspace/yunsoyoung_cikm_kdd../images/station_tiles/map/2517_우장산.png,/workspace/yunsoyoung_cikm_kdd../images/station_tiles/satellite/2517_우장산.png,"우장산 station area in Seoul. This area represents urban morphology, road structure, building density, and local mobility context around the station."
2518,화곡,/workspace/yunsoyoung_cikm_kdd../images/station_tiles/map/2518_화곡.png,/workspace/yunsoyoung_cikm_kdd../images/station_tiles/satellite/2518_화곡.png,"화곡 station area in Seoul. This area represents urban morphology, road structure, building density, and local mobility context around the station."
2519,까치산,/workspace/yunsoyoung_cikm_kdd../images/station_tiles/map/2519_까치산.png,/workspace/yunsoyoung_cikm_kdd../images/station_tiles/satellite/2519_까치산.png,"까치산 station area in Seoul. This area represents urban morphology, road structure, building density, and local mobility context around the station."
2520,신정(은행정),/workspace/yunsoyoung_cikm_kdd../images/station_tiles/map/2520_신정(은행정).png,/workspace/yunsoyoung_cikm_kdd../images/station_tiles/satellite/2520_신정(은행정).png,"신정(은행정) station area in Seoul. This area represents urban morphology, road structure, building density, and local mobility context around the station."
2521,목동,/workspace/yunsoyoung_cikm_kdd../images/station_tiles/map/2521_목동.png,/workspace/yunsoyoung_cikm_kdd../images/station_tiles/satellite/2521_목동.png,"목동 station area in Seoul. This area represents urban morphology, road structure, building density, and local mobility context around the station."
2522,오목교(목동운동장앞),/workspace/yunsoyoung_cikm_kdd../images/station_tiles/map/2522_오목교(목동운동장앞).png,/workspace/yunsoyoung_cikm_kdd../images/station_tiles/satellite/2522_오목교(목동운동장앞).png,"오목교(목동운동장앞) station area in Seoul. This area represents urban morphology, road structure, building density, and local mobility context around the station."
2523,양평,/workspace/yunsoyoung_cikm_kdd../images/station_tiles/map/2523_양평.png,/workspace/yunsoyoung_cikm_kdd../images/station_tiles/satellite/2523_양평.png,"양평 station area in Seoul. This area represents urban morphology, road structure, building density, and local mobility context around the station."
2524,영등포구청,/workspace/yunsoyoung_cikm_kdd../images/station_tiles/map/2524_영등포구청.png,/workspace/yunsoyoung_cikm_kdd../images/station_tiles/satellite/2524_영등포구청.png,"영등포구청 station area in Seoul. This area represents urban morphology, road structure, building density, and local mobility context around the station."
2525,영등포시장,/workspace/yunsoyoung_cikm_kdd../images/station_tiles/map/2525_영등포시장.png,/workspace/yunsoyoung_cikm_kdd../images/station_tiles/satellite/2525_영등포시장.png,"영등포시장 station area in Seoul. This area represents urban morphology, road structure, building density, and local mobility context around the station."
2526,신길,/workspace/yunsoyoung_cikm_kdd../images/station_tiles/map/2526_신길.png,/workspace/yunsoyoung_cikm_kdd../images/station_tiles/satellite/2526_신길.png,"신길 station area in Seoul. This area represents urban morphology, road structure, building density, and local mobility context around the station."
2527,여의도,/workspace/yunsoyoung_cikm_kdd../images/station_tiles/map/2527_여의도.png,/workspace/yunsoyoung_cikm_kdd../images/station_tiles/satellite/2527_여의도.png,"여의도 station area in Seoul. This area represents urban morphology, road structure, building density, and local mobility context around the station."
2528,여의나루,/workspace/yunsoyoung_cikm_kdd../images/station_tiles/map/2528_여의나루.png,/workspace/yunsoyoung_cikm_kdd../images/station_tiles/satellite/2528_여의나루.png,"여의나루 station area in Seoul. This area represents urban morphology, road structure, building density, and local mobility context around the station."
2529,마포,/workspace/yunsoyoung_cikm_kdd../images/station_tiles/map/2529_마포.png,/workspace/yunsoyoung_cikm_kdd../images/station_tiles/satellite/2529_마포.png,"마포 station area in Seoul. This area represents urban morphology, road structure, building density, and local mobility context around the station."
2530,공덕,/workspace/yunsoyoung_cikm_kdd../images/station_tiles/map/2530_공덕.png,/workspace/yunsoyoung_cikm_kdd../images/station_tiles/satellite/2530_공덕.png,"공덕 station area in Seoul. This area represents urban morphology, road structure, building density, and local mobility context around the station."
2531,애오개,/workspace/yunsoyoung_cikm_kdd../images/station_tiles/map/2531_애오개.png,/workspace/yunsoyoung_cikm_kdd../images/station_tiles/satellite/2531_애오개.png,"애오개 station area in Seoul. This area represents urban morphology, road structure, building density, and local mobility context around the station."
2532,충정로(경기대입구),/workspace/yunsoyoung_cikm_kdd../images/station_tiles/map/2532_충정로(경기대입구).png,/workspace/yunsoyoung_cikm_kdd../images/station_tiles/satellite/2532_충정로(경기대입구).png,"충정로(경기대입구) station area in Seoul. This area represents urban morphology, road structure, building density, and local mobility context around the station."
2533,서대문,/workspace/yunsoyoung_cikm_kdd../images/station_tiles/map/2533_서대문.png,/workspace/yunsoyoung_cikm_kdd../images/station_tiles/satellite/2533_서대문.png,"서대문 station area in Seoul. This area represents urban morphology, road structure, building density, and local mobility context around the station."
2534,광화문(세종문화회관),/workspace/yunsoyoung_cikm_kdd../images/station_tiles/map/2534_광화문(세종문화회관).png,/workspace/yunsoyoung_cikm_kdd../images/station_tiles/satellite/2534_광화문(세종문화회관).png,"광화문(세종문화회관) station area in Seoul. This area represents urban morphology, road structure, building density, and local mobility context around the station."
2535,종로3가,/workspace/yunsoyoung_cikm_kdd../images/station_tiles/map/2535_종로3가.png,/workspace/yunsoyoung_cikm_kdd../images/station_tiles/satellite/2535_종로3가.png,"종로3가 station area in Seoul. This area represents urban morphology, road structure, building density, and local mobility context around the station."
2536,을지로4가,/workspace/yunsoyoung_cikm_kdd../images/station_tiles/map/2536_을지로4가.png,/workspace/yunsoyoung_cikm_kdd../images/station_tiles/satellite/2536_을지로4가.png,"을지로4가 station area in Seoul. This area represents urban morphology, road structure, building density, and local mobility context around the station."
2537,동대문역사문화공원,/workspace/yunsoyoung_cikm_kdd../images/station_tiles/map/2537_동대문역사문화공원.png,/workspace/yunsoyoung_cikm_kdd../images/station_tiles/satellite/2537_동대문역사문화공원.png,"동대문역사문화공원 station area in Seoul. This area represents urban morphology, road structure, building density, and local mobility context around the station."
2538,청구,/workspace/yunsoyoung_cikm_kdd../images/station_tiles/map/2538_청구.png,/workspace/yunsoyoung_cikm_kdd../images/station_tiles/satellite/2538_청구.png,"청구 station area in Seoul. This area represents urban morphology, road structure, building density, and local mobility context around the station."
2539,신금호,/workspace/yunsoyoung_cikm_kdd../images/station_tiles/map/2539_신금호.png,/workspace/yunsoyoung_cikm_kdd../images/station_tiles/satellite/2539_신금호.png,"신금호 station area in Seoul. This area represents urban morphology, road structure, building density, and local mobility context around the station."
2540,행당,/workspace/yunsoyoung_cikm_kdd../images/station_tiles/map/2540_행당.png,/workspace/yunsoyoung_cikm_kdd../images/station_tiles/satellite/2540_행당.png,"행당 station area in Seoul. This area represents urban morphology, road structure, building density, and local mobility context around the station."
2541,왕십리(성동구청),/workspace/yunsoyoung_cikm_kdd../images/station_tiles/map/2541_왕십리(성동구청).png,/workspace/yunsoyoung_cikm_kdd../images/station_tiles/satellite/2541_왕십리(성동구청).png,"왕십리(성동구청) station area in Seoul. This area represents urban morphology, road structure, building density, and local mobility context around the station."
2542,마장,/workspace/yunsoyoung_cikm_kdd../images/station_tiles/map/2542_마장.png,/workspace/yunsoyoung_cikm_kdd../images/station_tiles/satellite/2542_마장.png,"마장 station area in Seoul. This area represents urban morphology, road structure, building density, and local mobility context around the station."
2543,답십리,/workspace/yunsoyoung_cikm_kdd../images/station_tiles/map/2543_답십리.png,/workspace/yunsoyoung_cikm_kdd../images/station_tiles/satellite/2543_답십리.png,"답십리 station area in Seoul. This area represents urban morphology, road structure, building density, and local mobility context around the station."
2544,장한평,/workspace/yunsoyoung_cikm_kdd../images/station_tiles/map/2544_장한평.png,/workspace/yunsoyoung_cikm_kdd../images/station_tiles/satellite/2544_장한평.png,"장한평 station area in Seoul. This area represents urban morphology, road structure, building density, and local mobility context around the station."
2545,군자(능동),/workspace/yunsoyoung_cikm_kdd../images/station_tiles/map/2545_군자(능동).png,/workspace/yunsoyoung_cikm_kdd../images/station_tiles/satellite/2545_군자(능동).png,"군자(능동) station area in Seoul. This area represents urban morphology, road structure, building density, and local mobility context around the station."
2546,아차산(어린이대공원후문),/workspace/yunsoyoung_cikm_kdd../images/station_tiles/map/2546_아차산(어린이대공원후문).png,/workspace/yunsoyoung_cikm_kdd../images/station_tiles/satellite/2546_아차산(어린이대공원후문).png,"아차산(어린이대공원후문) station area in Seoul. This area represents urban morphology, road structure, building density, and local mobility context around the station."
2547,광나루(장신대),/workspace/yunsoyoung_cikm_kdd../images/station_tiles/map/2547_광나루(장신대).png,/workspace/yunsoyoung_cikm_kdd../images/station_tiles/satellite/2547_광나루(장신대).png,"광나루(장신대) station area in Seoul. This area represents urban morphology, road structure, building density, and local mobility context around the station."
2548,천호(풍납토성),/workspace/yunsoyoung_cikm_kdd../images/station_tiles/map/2548_천호(풍납토성).png,/workspace/yunsoyoung_cikm_kdd../images/station_tiles/satellite/2548_천호(풍납토성).png,"천호(풍납토성) station area in Seoul. This area represents urban morphology, road structure, building density, and local mobility context around the station."
2549,강동,/workspace/yunsoyoung_cikm_kdd../images/station_tiles/map/2549_강동.png,/workspace/yunsoyoung_cikm_kdd../images/station_tiles/satellite/2549_강동.png,"강동 station area in Seoul. This area represents urban morphology, road structure, building density, and local mobility context around the station."
2550,길동,/workspace/yunsoyoung_cikm_kdd../images/station_tiles/map/2550_길동.png,/workspace/yunsoyoung_cikm_kdd../images/station_tiles/satellite/2550_길동.png,"길동 station area in Seoul. This area represents urban morphology, road structure, building density, and local mobility context around the station."
2551,굽은다리(강동구민회관앞),/workspace/yunsoyoung_cikm_kdd../images/station_tiles/map/2551_굽은다리(강동구민회관앞).png,/workspace/yunsoyoung_cikm_kdd../images/station_tiles/satellite/2551_굽은다리(강동구민회관앞).png,"굽은다리(강동구민회관앞) station area in Seoul. This area represents urban morphology, road structure, building density, and local mobility context around the station."
2552,명일,/workspace/yunsoyoung_cikm_kdd../images/station_tiles/map/2552_명일.png,/workspace/yunsoyoung_cikm_kdd../images/station_tiles/satellite/2552_명일.png,"명일 station area in Seoul. This area represents urban morphology, road structure, building density, and local mobility context around the station."
2553,고덕,/workspace/yunsoyoung_cikm_kdd../images/station_tiles/map/2553_고덕.png,/workspace/yunsoyoung_cikm_kdd../images/station_tiles/satellite/2553_고덕.png,"고덕 station area in Seoul. This area represents urban morphology, road structure, building density, and local mobility context around the station."
2554,상일동,/workspace/yunsoyoung_cikm_kdd../images/station_tiles/map/2554_상일동.png,/workspace/yunsoyoung_cikm_kdd../images/station_tiles/satellite/2554_상일동.png,"상일동 station area in Seoul. This area represents urban morphology, road structure, building density, and local mobility context around the station."
2555,둔촌동,/workspace/yunsoyoung_cikm_kdd../images/station_tiles/map/2555_둔촌동.png,/workspace/yunsoyoung_cikm_kdd../images/station_tiles/satellite/2555_둔촌동.png,"둔촌동 station area in Seoul. This area represents urban morphology, road structure, building density, and local mobility context around the station."
2556,올림픽공원(한국체대),/workspace/yunsoyoung_cikm_kdd../images/station_tiles/map/2556_올림픽공원(한국체대).png,/workspace/yunsoyoung_cikm_kdd../images/station_tiles/satellite/2556_올림픽공원(한국체대).png,"올림픽공원(한국체대) station area in Seoul. This area represents urban morphology, road structure, building density, and local mobility context around the station."
2557,방이,/workspace/yunsoyoung_cikm_kdd../images/station_tiles/map/2557_방이.png,/workspace/yunsoyoung_cikm_kdd../images/station_tiles/satellite/2557_방이.png,"방이 station area in Seoul. This area represents urban morphology, road structure, building density, and local mobility context around the station."
2558,오금,/workspace/yunsoyoung_cikm_kdd../images/station_tiles/map/2558_오금.png,/workspace/yunsoyoung_cikm_kdd../images/station_tiles/satellite/2558_오금.png,"오금 station area in Seoul. This area represents urban morphology, road structure, building density, and local mobility context around the station."
2559,개롱,/workspace/yunsoyoung_cikm_kdd../images/station_tiles/map/2559_개롱.png,/workspace/yunsoyoung_cikm_kdd../images/station_tiles/satellite/2559_개롱.png,"개롱 station area in Seoul. This area represents urban morphology, road structure, building density, and local mobility context around the station."
2560,거여,/workspace/yunsoyoung_cikm_kdd../images/station_tiles/map/2560_거여.png,/workspace/yunsoyoung_cikm_kdd../images/station_tiles/satellite/2560_거여.png,"거여 station area in Seoul. This area represents urban morphology, road structure, building density, and local mobility context around the station."
2561,마천,/workspace/yunsoyoung_cikm_kdd../images/station_tiles/map/2561_마천.png,/workspace/yunsoyoung_cikm_kdd../images/station_tiles/satellite/2561_마천.png,"마천 station area in Seoul. This area represents urban morphology, road structure, building density, and local mobility context around the station."
2611,응암,/workspace/yunsoyoung_cikm_kdd../images/station_tiles/map/2611_응암.png,/workspace/yunsoyoung_cikm_kdd../images/station_tiles/satellite/2611_응암.png,"응암 station area in Seoul. This area represents urban morphology, road structure, building density, and local mobility context around the station."
2612,역촌,/workspace/yunsoyoung_cikm_kdd../images/station_tiles/map/2612_역촌.png,/workspace/yunsoyoung_cikm_kdd../images/station_tiles/satellite/2612_역촌.png,"역촌 station area in Seoul. This area represents urban morphology, road structure, building density, and local mobility context around the station."
2613,불광,/workspace/yunsoyoung_cikm_kdd../images/station_tiles/map/2613_불광.png,/workspace/yunsoyoung_cikm_kdd../images/station_tiles/satellite/2613_불광.png,"불광 station area in Seoul. This area represents urban morphology, road structure, building density, and local mobility context around the station."
2614,독바위,/workspace/yunsoyoung_cikm_kdd../images/station_tiles/map/2614_독바위.png,/workspace/yunsoyoung_cikm_kdd../images/station_tiles/satellite/2614_독바위.png,"독바위 station area in Seoul. This area represents urban morphology, road structure, building density, and local mobility context around the station."
2615,연신내,/workspace/yunsoyoung_cikm_kdd../images/station_tiles/map/2615_연신내.png,/workspace/yunsoyoung_cikm_kdd../images/station_tiles/satellite/2615_연신내.png,"연신내 station area in Seoul. This area represents urban morphology, road structure, building density, and local mobility context around the station."
2616,구산,/workspace/yunsoyoung_cikm_kdd../images/station_tiles/map/2616_구산.png,/workspace/yunsoyoung_cikm_kdd../images/station_tiles/satellite/2616_구산.png,"구산 station area in Seoul. This area represents urban morphology, road structure, building density, and local mobility context around the station."
2617,새절(신사),/workspace/yunsoyoung_cikm_kdd../images/station_tiles/map/2617_새절(신사).png,/workspace/yunsoyoung_cikm_kdd../images/station_tiles/satellite/2617_새절(신사).png,"새절(신사) station area in Seoul. This area represents urban morphology, road structure, building density, and local mobility context around the station."
2618,증산(명지대앞),/workspace/yunsoyoung_cikm_kdd../images/station_tiles/map/2618_증산(명지대앞).png,/workspace/yunsoyoung_cikm_kdd../images/station_tiles/satellite/2618_증산(명지대앞).png,"증산(명지대앞) station area in Seoul. This area represents urban morphology, road structure, building density, and local mobility context around the station."
2619,디지털미디어시티,/workspace/yunsoyoung_cikm_kdd../images/station_tiles/map/2619_디지털미디어시티.png,/workspace/yunsoyoung_cikm_kdd../images/station_tiles/satellite/2619_디지털미디어시티.png,"디지털미디어시티 station area in Seoul. This area represents urban morphology, road structure, building density, and local mobility context around the station."
2620,월드컵경기장(성산),/workspace/yunsoyoung_cikm_kdd../images/station_tiles/map/2620_월드컵경기장(성산).png,/workspace/yunsoyoung_cikm_kdd../images/station_tiles/satellite/2620_월드컵경기장(성산).png,"월드컵경기장(성산) station area in Seoul. This area represents urban morphology, road structure, building density, and local mobility context around the station."
2621,마포구청,/workspace/yunsoyoung_cikm_kdd../images/station_tiles/map/2621_마포구청.png,/workspace/yunsoyoung_cikm_kdd../images/station_tiles/satellite/2621_마포구청.png,"마포구청 station area in Seoul. This area represents urban morphology, road structure, building density, and local mobility context around the station."
2622,망원,/workspace/yunsoyoung_cikm_kdd../images/station_tiles/map/2622_망원.png,/workspace/yunsoyoung_cikm_kdd../images/station_tiles/satellite/2622_망원.png,"망원 station area in Seoul. This area represents urban morphology, road structure, building density, and local mobility context around the station."
2623,합정,/workspace/yunsoyoung_cikm_kdd../images/station_tiles/map/2623_합정.png,/workspace/yunsoyoung_cikm_kdd../images/station_tiles/satellite/2623_합정.png,"합정 station area in Seoul. This area represents urban morphology, road structure, building density, and local mobility context around the station."
2624,상수,/workspace/yunsoyoung_cikm_kdd../images/station_tiles/map/2624_상수.png,/workspace/yunsoyoung_cikm_kdd../images/station_tiles/satellite/2624_상수.png,"상수 station area in Seoul. This area represents urban morphology, road structure, building density, and local mobility context around the station."
2625,광흥창(서강),/workspace/yunsoyoung_cikm_kdd../images/station_tiles/map/2625_광흥창(서강).png,/workspace/yunsoyoung_cikm_kdd../images/station_tiles/satellite/2625_광흥창(서강).png,"광흥창(서강) station area in Seoul. This area represents urban morphology, road structure, building density, and local mobility context around the station."
2626,대흥(서강대앞),/workspace/yunsoyoung_cikm_kdd../images/station_tiles/map/2626_대흥(서강대앞).png,/workspace/yunsoyoung_cikm_kdd../images/station_tiles/satellite/2626_대흥(서강대앞).png,"대흥(서강대앞) station area in Seoul. This area represents urban morphology, road structure, building density, and local mobility context around the station."
2627,공덕,/workspace/yunsoyoung_cikm_kdd../images/station_tiles/map/2627_공덕.png,/workspace/yunsoyoung_cikm_kdd../images/station_tiles/satellite/2627_공덕.png,"공덕 station area in Seoul. This area represents urban morphology, road structure, building density, and local mobility context around the station."
2628,효창공원앞,/workspace/yunsoyoung_cikm_kdd../images/station_tiles/map/2628_효창공원앞.png,/workspace/yunsoyoung_cikm_kdd../images/station_tiles/satellite/2628_효창공원앞.png,"효창공원앞 station area in Seoul. This area represents urban morphology, road structure, building density, and local mobility context around the station."
2629,삼각지,/workspace/yunsoyoung_cikm_kdd../images/station_tiles/map/2629_삼각지.png,/workspace/yunsoyoung_cikm_kdd../images/station_tiles/satellite/2629_삼각지.png,"삼각지 station area in Seoul. This area represents urban morphology, road structure, building density, and local mobility context around the station."
2630,녹사평(용산구청),/workspace/yunsoyoung_cikm_kdd../images/station_tiles/map/2630_녹사평(용산구청).png,/workspace/yunsoyoung_cikm_kdd../images/station_tiles/satellite/2630_녹사평(용산구청).png,"녹사평(용산구청) station area in Seoul. This area represents urban morphology, road structure, building density, and local mobility context around the station."
2631,이태원,/workspace/yunsoyoung_cikm_kdd../images/station_tiles/map/2631_이태원.png,/workspace/yunsoyoung_cikm_kdd../images/station_tiles/satellite/2631_이태원.png,"이태원 station area in Seoul. This area represents urban morphology, road structure, building density, and local mobility context around the station."
2632,한강진,/workspace/yunsoyoung_cikm_kdd../images/station_tiles/map/2632_한강진.png,/workspace/yunsoyoung_cikm_kdd../images/station_tiles/satellite/2632_한강진.png,"한강진 station area in Seoul. This area represents urban morphology, road structure, building density, and local mobility context around the station."
2633,버티고개,/workspace/yunsoyoung_cikm_kdd../images/station_tiles/map/2633_버티고개.png,/workspace/yunsoyoung_cikm_kdd../images/station_tiles/satellite/2633_버티고개.png,"버티고개 station area in Seoul. This area represents urban morphology, road structure, building density, and local mobility context around the station."
2634,약수,/workspace/yunsoyoung_cikm_kdd../images/station_tiles/map/2634_약수.png,/workspace/yunsoyoung_cikm_kdd../images/station_tiles/satellite/2634_약수.png,"약수 station area in Seoul. This area represents urban morphology, road structure, building density, and local mobility context around the station."
2635,청구,/workspace/yunsoyoung_cikm_kdd../images/station_tiles/map/2635_청구.png,/workspace/yunsoyoung_cikm_kdd../images/station_tiles/satellite/2635_청구.png,"청구 station area in Seoul. This area represents urban morphology, road structure, building density, and local mobility context around the station."
2636,신당,/workspace/yunsoyoung_cikm_kdd../images/station_tiles/map/2636_신당.png,/workspace/yunsoyoung_cikm_kdd../images/station_tiles/satellite/2636_신당.png,"신당 station area in Seoul. This area represents urban morphology, road structure, building density, and local mobility context around the station."
2637,동묘앞,/workspace/yunsoyoung_cikm_kdd../images/station_tiles/map/2637_동묘앞.png,/workspace/yunsoyoung_cikm_kdd../images/station_tiles/satellite/2637_동묘앞.png,"동묘앞 station area in Seoul. This area represents urban morphology, road structure, building density, and local mobility context around the station."
2638,창신,/workspace/yunsoyoung_cikm_kdd../images/station_tiles/map/2638_창신.png,/workspace/yunsoyoung_cikm_kdd../images/station_tiles/satellite/2638_창신.png,"창신 station area in Seoul. This area represents urban morphology, road structure, building density, and local mobility context around the station."
2639,보문,/workspace/yunsoyoung_cikm_kdd../images/station_tiles/map/2639_보문.png,/workspace/yunsoyoung_cikm_kdd../images/station_tiles/satellite/2639_보문.png,"보문 station area in Seoul. This area represents urban morphology, road structure, building density, and local mobility context around the station."
2640,안암(고대병원앞),/workspace/yunsoyoung_cikm_kdd../images/station_tiles/map/2640_안암(고대병원앞).png,/workspace/yunsoyoung_cikm_kdd../images/station_tiles/satellite/2640_안암(고대병원앞).png,"안암(고대병원앞) station area in Seoul. This area represents urban morphology, road structure, building density, and local mobility context around the station."
2641,고려대(종암),/workspace/yunsoyoung_cikm_kdd../images/station_tiles/map/2641_고려대(종암).png,/workspace/yunsoyoung_cikm_kdd../images/station_tiles/satellite/2641_고려대(종암).png,"고려대(종암) station area in Seoul. This area represents urban morphology, road structure, building density, and local mobility context around the station."
2642,월곡(동덕여대),/workspace/yunsoyoung_cikm_kdd../images/station_tiles/map/2642_월곡(동덕여대).png,/workspace/yunsoyoung_cikm_kdd../images/station_tiles/satellite/2642_월곡(동덕여대).png,"월곡(동덕여대) station area in Seoul. This area represents urban morphology, road structure, building density, and local mobility context around the station."
2643,상월곡(한국과학기술연구원),/workspace/yunsoyoung_cikm_kdd../images/station_tiles/map/2643_상월곡(한국과학기술연구원).png,/workspace/yunsoyoung_cikm_kdd../images/station_tiles/satellite/2643_상월곡(한국과학기술연구원).png,"상월곡(한국과학기술연구원) station area in Seoul. This area represents urban morphology, road structure, building density, and local mobility context around the station."
2644,돌곶이,/workspace/yunsoyoung_cikm_kdd../images/station_tiles/map/2644_돌곶이.png,/workspace/yunsoyoung_cikm_kdd../images/station_tiles/satellite/2644_돌곶이.png,"돌곶이 station area in Seoul. This area represents urban morphology, road structure, building density, and local mobility context around the station."
2645,석계,/workspace/yunsoyoung_cikm_kdd../images/station_tiles/map/2645_석계.png,/workspace/yunsoyoung_cikm_kdd../images/station_tiles/satellite/2645_석계.png,"석계 station area in Seoul. This area represents urban morphology, road structure, building density, and local mobility context around the station."
2646,태릉입구,/workspace/yunsoyoung_cikm_kdd../images/station_tiles/map/2646_태릉입구.png,/workspace/yunsoyoung_cikm_kdd../images/station_tiles/satellite/2646_태릉입구.png,"태릉입구 station area in Seoul. This area represents urban morphology, road structure, building density, and local mobility context around the station."
2647,화랑대(서울여대입구),/workspace/yunsoyoung_cikm_kdd../images/station_tiles/map/2647_화랑대(서울여대입구).png,/workspace/yunsoyoung_cikm_kdd../images/station_tiles/satellite/2647_화랑대(서울여대입구).png,"화랑대(서울여대입구) station area in Seoul. This area represents urban morphology, road structure, building density, and local mobility context around the station."
2648,봉화산(서울의료원),/workspace/yunsoyoung_cikm_kdd../images/station_tiles/map/2648_봉화산(서울의료원).png,/workspace/yunsoyoung_cikm_kdd../images/station_tiles/satellite/2648_봉화산(서울의료원).png,"봉화산(서울의료원) station area in Seoul. This area represents urban morphology, road structure, building density, and local mobility context around the station."
2711,장암,/workspace/yunsoyoung_cikm_kdd../images/station_tiles/map/2711_장암.png,/workspace/yunsoyoung_cikm_kdd../images/station_tiles/satellite/2711_장암.png,"장암 station area in Seoul. This area represents urban morphology, road structure, building density, and local mobility context around the station."
2712,도봉산,/workspace/yunsoyoung_cikm_kdd../images/station_tiles/map/2712_도봉산.png,/workspace/yunsoyoung_cikm_kdd../images/station_tiles/satellite/2712_도봉산.png,"도봉산 station area in Seoul. This area represents urban morphology, road structure, building density, and local mobility context around the station."
2713,수락산,/workspace/yunsoyoung_cikm_kdd../images/station_tiles/map/2713_수락산.png,/workspace/yunsoyoung_cikm_kdd../images/station_tiles/satellite/2713_수락산.png,"수락산 station area in Seoul. This area represents urban morphology, road structure, building density, and local mobility context around the station."
2714,마들,/workspace/yunsoyoung_cikm_kdd../images/station_tiles/map/2714_마들.png,/workspace/yunsoyoung_cikm_kdd../images/station_tiles/satellite/2714_마들.png,"마들 station area in Seoul. This area represents urban morphology, road structure, building density, and local mobility context around the station."
2715,노원,/workspace/yunsoyoung_cikm_kdd../images/station_tiles/map/2715_노원.png,/workspace/yunsoyoung_cikm_kdd../images/station_tiles/satellite/2715_노원.png,"노원 station area in Seoul. This area represents urban morphology, road structure, building density, and local mobility context around the station."
2716,중계,/workspace/yunsoyoung_cikm_kdd../images/station_tiles/map/2716_중계.png,/workspace/yunsoyoung_cikm_kdd../images/station_tiles/satellite/2716_중계.png,"중계 station area in Seoul. This area represents urban morphology, road structure, building density, and local mobility context around the station."
2717,하계,/workspace/yunsoyoung_cikm_kdd../images/station_tiles/map/2717_하계.png,/workspace/yunsoyoung_cikm_kdd../images/station_tiles/satellite/2717_하계.png,"하계 station area in Seoul. This area represents urban morphology, road structure, building density, and local mobility context around the station."
2718,공릉(서울과학기술대),/workspace/yunsoyoung_cikm_kdd../images/station_tiles/map/2718_공릉(서울과학기술대).png,/workspace/yunsoyoung_cikm_kdd../images/station_tiles/satellite/2718_공릉(서울과학기술대).png,"공릉(서울과학기술대) station area in Seoul. This area represents urban morphology, road structure, building density, and local mobility context around the station."
2719,태릉입구,/workspace/yunsoyoung_cikm_kdd../images/station_tiles/map/2719_태릉입구.png,/workspace/yunsoyoung_cikm_kdd../images/station_tiles/satellite/2719_태릉입구.png,"태릉입구 station area in Seoul. This area represents urban morphology, road structure, building density, and local mobility context around the station."
2720,먹골,/workspace/yunsoyoung_cikm_kdd../images/station_tiles/map/2720_먹골.png,/workspace/yunsoyoung_cikm_kdd../images/station_tiles/satellite/2720_먹골.png,"먹골 station area in Seoul. This area represents urban morphology, road structure, building density, and local mobility context around the station."
2721,중화,/workspace/yunsoyoung_cikm_kdd../images/station_tiles/map/2721_중화.png,/workspace/yunsoyoung_cikm_kdd../images/station_tiles/satellite/2721_중화.png,"중화 station area in Seoul. This area represents urban morphology, road structure, building density, and local mobility context around the station."
2722,상봉(시외버스터미널),/workspace/yunsoyoung_cikm_kdd../images/station_tiles/map/2722_상봉(시외버스터미널).png,/workspace/yunsoyoung_cikm_kdd../images/station_tiles/satellite/2722_상봉(시외버스터미널).png,"상봉(시외버스터미널) station area in Seoul. This area represents urban morphology, road structure, building density, and local mobility context around the station."
2723,면목,/workspace/yunsoyoung_cikm_kdd../images/station_tiles/map/2723_면목.png,/workspace/yunsoyoung_cikm_kdd../images/station_tiles/satellite/2723_면목.png,"면목 station area in Seoul. This area represents urban morphology, road structure, building density, and local mobility context around the station."
2724,사가정,/workspace/yunsoyoung_cikm_kdd../images/station_tiles/map/2724_사가정.png,/workspace/yunsoyoung_cikm_kdd../images/station_tiles/satellite/2724_사가정.png,"사가정 station area in Seoul. This area represents urban morphology, road structure, building density, and local mobility context around the station."
2725,용마산,/workspace/yunsoyoung_cikm_kdd../images/station_tiles/map/2725_용마산.png,/workspace/yunsoyoung_cikm_kdd../images/station_tiles/satellite/2725_용마산.png,"용마산 station area in Seoul. This area represents urban morphology, road structure, building density, and local mobility context around the station."
2726,중곡,/workspace/yunsoyoung_cikm_kdd../images/station_tiles/map/2726_중곡.png,/workspace/yunsoyoung_cikm_kdd../images/station_tiles/satellite/2726_중곡.png,"중곡 station area in Seoul. This area represents urban morphology, road structure, building density, and local mobility context around the station."
2727,군자(능동),/workspace/yunsoyoung_cikm_kdd../images/station_tiles/map/2727_군자(능동).png,/workspace/yunsoyoung_cikm_kdd../images/station_tiles/satellite/2727_군자(능동).png,"군자(능동) station area in Seoul. This area represents urban morphology, road structure, building density, and local mobility context around the station."
2728,어린이대공원(세종대),/workspace/yunsoyoung_cikm_kdd../images/station_tiles/map/2728_어린이대공원(세종대).png,/workspace/yunsoyoung_cikm_kdd../images/station_tiles/satellite/2728_어린이대공원(세종대).png,"어린이대공원(세종대) station area in Seoul. This area represents urban morphology, road structure, building density, and local mobility context around the station."
2729,건대입구,/workspace/yunsoyoung_cikm_kdd../images/station_tiles/map/2729_건대입구.png,/workspace/yunsoyoung_cikm_kdd../images/station_tiles/satellite/2729_건대입구.png,"건대입구 station area in Seoul. This area represents urban morphology, road structure, building density, and local mobility context around the station."
2730,뚝섬유원지,/workspace/yunsoyoung_cikm_kdd../images/station_tiles/map/2730_뚝섬유원지.png,/workspace/yunsoyoung_cikm_kdd../images/station_tiles/satellite/2730_뚝섬유원지.png,"뚝섬유원지 station area in Seoul. This area represents urban morphology, road structure, building density, and local mobility context around the station."
2731,청담,/workspace/yunsoyoung_cikm_kdd../images/station_tiles/map/2731_청담.png,/workspace/yunsoyoung_cikm_kdd../images/station_tiles/satellite/2731_청담.png,"청담 station area in Seoul. This area represents urban morphology, road structure, building density, and local mobility context around the station."
2732,강남구청,/workspace/yunsoyoung_cikm_kdd../images/station_tiles/map/2732_강남구청.png,/workspace/yunsoyoung_cikm_kdd../images/station_tiles/satellite/2732_강남구청.png,"강남구청 station area in Seoul. This area represents urban morphology, road structure, building density, and local mobility context around the station."
2733,학동,/workspace/yunsoyoung_cikm_kdd../images/station_tiles/map/2733_학동.png,/workspace/yunsoyoung_cikm_kdd../images/station_tiles/satellite/2733_학동.png,"학동 station area in Seoul. This area represents urban morphology, road structure, building density, and local mobility context around the station."
2734,논현,/workspace/yunsoyoung_cikm_kdd../images/station_tiles/map/2734_논현.png,/workspace/yunsoyoung_cikm_kdd../images/station_tiles/satellite/2734_논현.png,"논현 station area in Seoul. This area represents urban morphology, road structure, building density, and local mobility context around the station."
2735,반포,/workspace/yunsoyoung_cikm_kdd../images/station_tiles/map/2735_반포.png,/workspace/yunsoyoung_cikm_kdd../images/station_tiles/satellite/2735_반포.png,"반포 station area in Seoul. This area represents urban morphology, road structure, building density, and local mobility context around the station."
2736,고속터미널,/workspace/yunsoyoung_cikm_kdd../images/station_tiles/map/2736_고속터미널.png,/workspace/yunsoyoung_cikm_kdd../images/station_tiles/satellite/2736_고속터미널.png,"고속터미널 station area in Seoul. This area represents urban morphology, road structure, building density, and local mobility context around the station."
2737,내방,/workspace/yunsoyoung_cikm_kdd../images/station_tiles/map/2737_내방.png,/workspace/yunsoyoung_cikm_kdd../images/station_tiles/satellite/2737_내방.png,"내방 station area in Seoul. This area represents urban morphology, road structure, building density, and local mobility context around the station."
2738,이수,/workspace/yunsoyoung_cikm_kdd../images/station_tiles/map/2738_이수.png,/workspace/yunsoyoung_cikm_kdd../images/station_tiles/satellite/2738_이수.png,"이수 station area in Seoul. This area represents urban morphology, road structure, building density, and local mobility context around the station."
2739,남성,/workspace/yunsoyoung_cikm_kdd../images/station_tiles/map/2739_남성.png,/workspace/yunsoyoung_cikm_kdd../images/station_tiles/satellite/2739_남성.png,"남성 station area in Seoul. This area represents urban morphology, road structure, building density, and local mobility context around the station."
2740,숭실대입구(살피재),/workspace/yunsoyoung_cikm_kdd../images/station_tiles/map/2740_숭실대입구(살피재).png,/workspace/yunsoyoung_cikm_kdd../images/station_tiles/satellite/2740_숭실대입구(살피재).png,"숭실대입구(살피재) station area in Seoul. This area represents urban morphology, road structure, building density, and local mobility context around the station."
2741,상도,/workspace/yunsoyoung_cikm_kdd../images/station_tiles/map/2741_상도.png,/workspace/yunsoyoung_cikm_kdd../images/station_tiles/satellite/2741_상도.png,"상도 station area in Seoul. This area represents urban morphology, road structure, building density, and local mobility context around the station."
2742,장승배기,/workspace/yunsoyoung_cikm_kdd../images/station_tiles/map/2742_장승배기.png,/workspace/yunsoyoung_cikm_kdd../images/station_tiles/satellite/2742_장승배기.png,"장승배기 station area in Seoul. This area represents urban morphology, road structure, building density, and local mobility context around the station."
2743,신대방삼거리,/workspace/yunsoyoung_cikm_kdd../images/station_tiles/map/2743_신대방삼거리.png,/workspace/yunsoyoung_cikm_kdd../images/station_tiles/satellite/2743_신대방삼거리.png,"신대방삼거리 station area in Seoul. This area represents urban morphology, road structure, building density, and local mobility context around the station."
2744,보라매,/workspace/yunsoyoung_cikm_kdd../images/station_tiles/map/2744_보라매.png,/workspace/yunsoyoung_cikm_kdd../images/station_tiles/satellite/2744_보라매.png,"보라매 station area in Seoul. This area represents urban morphology, road structure, building density, and local mobility context around the station."
2745,신풍,/workspace/yunsoyoung_cikm_kdd../images/station_tiles/map/2745_신풍.png,/workspace/yunsoyoung_cikm_kdd../images/station_tiles/satellite/2745_신풍.png,"신풍 station area in Seoul. This area represents urban morphology, road structure, building density, and local mobility context around the station."
2746,대림(구로구청),/workspace/yunsoyoung_cikm_kdd../images/station_tiles/map/2746_대림(구로구청).png,/workspace/yunsoyoung_cikm_kdd../images/station_tiles/satellite/2746_대림(구로구청).png,"대림(구로구청) station area in Seoul. This area represents urban morphology, road structure, building density, and local mobility context around the station."
2747,남구로,/workspace/yunsoyoung_cikm_kdd../images/station_tiles/map/2747_남구로.png,/workspace/yunsoyoung_cikm_kdd../images/station_tiles/satellite/2747_남구로.png,"남구로 station area in Seoul. This area represents urban morphology, road structure, building density, and local mobility context around the station."
2748,가산디지털단지,/workspace/yunsoyoung_cikm_kdd../images/station_tiles/map/2748_가산디지털단지.png,/workspace/yunsoyoung_cikm_kdd../images/station_tiles/satellite/2748_가산디지털단지.png,"가산디지털단지 station area in Seoul. This area represents urban morphology, road structure, building density, and local mobility context around the station."
2749,철산,/workspace/yunsoyoung_cikm_kdd../images/station_tiles/map/2749_철산.png,/workspace/yunsoyoung_cikm_kdd../images/station_tiles/satellite/2749_철산.png,"철산 station area in Seoul. This area represents urban morphology, road structure, building density, and local mobility context around the station."
2750,광명사거리,/workspace/yunsoyoung_cikm_kdd../images/station_tiles/map/2750_광명사거리.png,/workspace/yunsoyoung_cikm_kdd../images/station_tiles/satellite/2750_광명사거리.png,"광명사거리 station area in Seoul. This area represents urban morphology, road structure, building density, and local mobility context around the station."
2751,천왕,/workspace/yunsoyoung_cikm_kdd../images/station_tiles/map/2751_천왕.png,/workspace/yunsoyoung_cikm_kdd../images/station_tiles/satellite/2751_천왕.png,"천왕 station area in Seoul. This area represents urban morphology, road structure, building density, and local mobility context around the station."
2752,온수(성공회대입구),/workspace/yunsoyoung_cikm_kdd../images/station_tiles/map/2752_온수(성공회대입구).png,/workspace/yunsoyoung_cikm_kdd../images/station_tiles/satellite/2752_온수(성공회대입구).png,"온수(성공회대입구) station area in Seoul. This area represents urban morphology, road structure, building density, and local mobility context around the station."
2753,까치울,/workspace/yunsoyoung_cikm_kdd../images/station_tiles/map/2753_까치울.png,/workspace/yunsoyoung_cikm_kdd../images/station_tiles/satellite/2753_까치울.png,"까치울 station area in Seoul. This area represents urban morphology, road structure, building density, and local mobility context around the station."
2754,부천종합운동장,/workspace/yunsoyoung_cikm_kdd../images/station_tiles/map/2754_부천종합운동장.png,/workspace/yunsoyoung_cikm_kdd../images/station_tiles/satellite/2754_부천종합운동장.png,"부천종합운동장 station area in Seoul. This area represents urban morphology, road structure, building density, and local mobility context around the station."
2755,춘의,/workspace/yunsoyoung_cikm_kdd../images/station_tiles/map/2755_춘의.png,/workspace/yunsoyoung_cikm_kdd../images/station_tiles/satellite/2755_춘의.png,"춘의 station area in Seoul. This area represents urban morphology, road structure, building density, and local mobility context around the station."
2756,신중동,/workspace/yunsoyoung_cikm_kdd../images/station_tiles/map/2756_신중동.png,/workspace/yunsoyoung_cikm_kdd../images/station_tiles/satellite/2756_신중동.png,"신중동 station area in Seoul. This area represents urban morphology, road structure, building density, and local mobility context around the station."
2757,부천시청,/workspace/yunsoyoung_cikm_kdd../images/station_tiles/map/2757_부천시청.png,/workspace/yunsoyoung_cikm_kdd../images/station_tiles/satellite/2757_부천시청.png,"부천시청 station area in Seoul. This area represents urban morphology, road structure, building density, and local mobility context around the station."
2758,상동,/workspace/yunsoyoung_cikm_kdd../images/station_tiles/map/2758_상동.png,/workspace/yunsoyoung_cikm_kdd../images/station_tiles/satellite/2758_상동.png,"상동 station area in Seoul. This area represents urban morphology, road structure, building density, and local mobility context around the station."
2759,삼산체육관,/workspace/yunsoyoung_cikm_kdd../images/station_tiles/map/2759_삼산체육관.png,/workspace/yunsoyoung_cikm_kdd../images/station_tiles/satellite/2759_삼산체육관.png,"삼산체육관 station area in Seoul. This area represents urban morphology, road structure, building density, and local mobility context around the station."
2760,굴포천,/workspace/yunsoyoung_cikm_kdd../images/station_tiles/map/2760_굴포천.png,/workspace/yunsoyoung_cikm_kdd../images/station_tiles/satellite/2760_굴포천.png,"굴포천 station area in Seoul. This area represents urban morphology, road structure, building density, and local mobility context around the station."
2761,부평구청,/workspace/yunsoyoung_cikm_kdd../images/station_tiles/map/2761_부평구청.png,/workspace/yunsoyoung_cikm_kdd../images/station_tiles/satellite/2761_부평구청.png,"부평구청 station area in Seoul. This area represents urban morphology, road structure, building density, and local mobility context around the station."
2811,암사,/workspace/yunsoyoung_cikm_kdd../images/station_tiles/map/2811_암사.png,/workspace/yunsoyoung_cikm_kdd../images/station_tiles/satellite/2811_암사.png,"암사 station area in Seoul. This area represents urban morphology, road structure, building density, and local mobility context around the station."
2812,천호(풍납토성),/workspace/yunsoyoung_cikm_kdd../images/station_tiles/map/2812_천호(풍납토성).png,/workspace/yunsoyoung_cikm_kdd../images/station_tiles/satellite/2812_천호(풍납토성).png,"천호(풍납토성) station area in Seoul. This area represents urban morphology, road structure, building density, and local mobility context around the station."
2813,강동구청,/workspace/yunsoyoung_cikm_kdd../images/station_tiles/map/2813_강동구청.png,/workspace/yunsoyoung_cikm_kdd../images/station_tiles/satellite/2813_강동구청.png,"강동구청 station area in Seoul. This area represents urban morphology, road structure, building density, and local mobility context around the station."
2814,몽촌토성(평화의문),/workspace/yunsoyoung_cikm_kdd../images/station_tiles/map/2814_몽촌토성(평화의문).png,/workspace/yunsoyoung_cikm_kdd../images/station_tiles/satellite/2814_몽촌토성(평화의문).png,"몽촌토성(평화의문) station area in Seoul. This area represents urban morphology, road structure, building density, and local mobility context around the station."
2815,잠실(송파구청),/workspace/yunsoyoung_cikm_kdd../images/station_tiles/map/2815_잠실(송파구청).png,/workspace/yunsoyoung_cikm_kdd../images/station_tiles/satellite/2815_잠실(송파구청).png,"잠실(송파구청) station area in Seoul. This area represents urban morphology, road structure, building density, and local mobility context around the station."
2816,석촌,/workspace/yunsoyoung_cikm_kdd../images/station_tiles/map/2816_석촌.png,/workspace/yunsoyoung_cikm_kdd../images/station_tiles/satellite/2816_석촌.png,"석촌 station area in Seoul. This area represents urban morphology, road structure, building density, and local mobility context around the station."
2817,송파,/workspace/yunsoyoung_cikm_kdd../images/station_tiles/map/2817_송파.png,/workspace/yunsoyoung_cikm_kdd../images/station_tiles/satellite/2817_송파.png,"송파 station area in Seoul. This area represents urban morphology, road structure, building density, and local mobility context around the station."
2818,가락시장,/workspace/yunsoyoung_cikm_kdd../images/station_tiles/map/2818_가락시장.png,/workspace/yunsoyoung_cikm_kdd../images/station_tiles/satellite/2818_가락시장.png,"가락시장 station area in Seoul. This area represents urban morphology, road structure, building density, and local mobility context around the station."
2819,문정,/workspace/yunsoyoung_cikm_kdd../images/station_tiles/map/2819_문정.png,/workspace/yunsoyoung_cikm_kdd../images/station_tiles/satellite/2819_문정.png,"문정 station area in Seoul. This area represents urban morphology, road structure, building density, and local mobility context around the station."
2820,장지,/workspace/yunsoyoung_cikm_kdd../images/station_tiles/map/2820_장지.png,/workspace/yunsoyoung_cikm_kdd../images/station_tiles/satellite/2820_장지.png,"장지 station area in Seoul. This area represents urban morphology, road structure, building density, and local mobility context around the station."
2821,복정,/workspace/yunsoyoung_cikm_kdd../images/station_tiles/map/2821_복정.png,/workspace/yunsoyoung_cikm_kdd../images/station_tiles/satellite/2821_복정.png,"복정 station area in Seoul. This area represents urban morphology, road structure, building density, and local mobility context around the station."
2822,산성,/workspace/yunsoyoung_cikm_kdd../images/station_tiles/map/2822_산성.png,/workspace/yunsoyoung_cikm_kdd../images/station_tiles/satellite/2822_산성.png,"산성 station area in Seoul. This area represents urban morphology, road structure, building density, and local mobility context around the station."
2823,남한산성입구(성남법원.검찰청),/workspace/yunsoyoung_cikm_kdd../images/station_tiles/map/2823_남한산성입구(성남법원.검찰청).png,/workspace/yunsoyoung_cikm_kdd../images/station_tiles/satellite/2823_남한산성입구(성남법원.검찰청).png,"남한산성입구(성남법원.검찰청) station area in Seoul. This area represents urban morphology, road structure, building density, and local mobility context around the station."
2824,단대오거리,/workspace/yunsoyoung_cikm_kdd../images/station_tiles/map/2824_단대오거리.png,/workspace/yunsoyoung_cikm_kdd../images/station_tiles/satellite/2824_단대오거리.png,"단대오거리 station area in Seoul. This area represents urban morphology, road structure, building density, and local mobility context around the station."
2825,신흥,/workspace/yunsoyoung_cikm_kdd../images/station_tiles/map/2825_신흥.png,/workspace/yunsoyoung_cikm_kdd../images/station_tiles/satellite/2825_신흥.png,"신흥 station area in Seoul. This area represents urban morphology, road structure, building density, and local mobility context around the station."
2826,수진,/workspace/yunsoyoung_cikm_kdd../images/station_tiles/map/2826_수진.png,/workspace/yunsoyoung_cikm_kdd../images/station_tiles/satellite/2826_수진.png,"수진 station area in Seoul. This area represents urban morphology, road structure, building density, and local mobility context around the station."
2827,모란,/workspace/yunsoyoung_cikm_kdd../images/station_tiles/map/2827_모란.png,/workspace/yunsoyoung_cikm_kdd../images/station_tiles/satellite/2827_모란.png,"모란 station area in Seoul. This area represents urban morphology, road structure, building density, and local mobility context around the station."
309,지축,/workspace/yunsoyoung_cikm_kdd../images/station_tiles/map/309_지축.png,/workspace/yunsoyoung_cikm_kdd../images/station_tiles/satellite/309_지축.png,"지축 station area in Seoul. This area represents urban morphology, road structure, building density, and local mobility context around the station."
310,구파발,/workspace/yunsoyoung_cikm_kdd../images/station_tiles/map/310_구파발.png,/workspace/yunsoyoung_cikm_kdd../images/station_tiles/satellite/310_구파발.png,"구파발 station area in Seoul. This area represents urban morphology, road structure, building density, and local mobility context around the station."
311,연신내,/workspace/yunsoyoung_cikm_kdd../images/station_tiles/map/311_연신내.png,/workspace/yunsoyoung_cikm_kdd../images/station_tiles/satellite/311_연신내.png,"연신내 station area in Seoul. This area represents urban morphology, road structure, building density, and local mobility context around the station."
312,불광,/workspace/yunsoyoung_cikm_kdd../images/station_tiles/map/312_불광.png,/workspace/yunsoyoung_cikm_kdd../images/station_tiles/satellite/312_불광.png,"불광 station area in Seoul. This area represents urban morphology, road structure, building density, and local mobility context around the station."
313,녹번,/workspace/yunsoyoung_cikm_kdd../images/station_tiles/map/313_녹번.png,/workspace/yunsoyoung_cikm_kdd../images/station_tiles/satellite/313_녹번.png,"녹번 station area in Seoul. This area represents urban morphology, road structure, building density, and local mobility context around the station."
314,홍제,/workspace/yunsoyoung_cikm_kdd../images/station_tiles/map/314_홍제.png,/workspace/yunsoyoung_cikm_kdd../images/station_tiles/satellite/314_홍제.png,"홍제 station area in Seoul. This area represents urban morphology, road structure, building density, and local mobility context around the station."
315,무악재,/workspace/yunsoyoung_cikm_kdd../images/station_tiles/map/315_무악재.png,/workspace/yunsoyoung_cikm_kdd../images/station_tiles/satellite/315_무악재.png,"무악재 station area in Seoul. This area represents urban morphology, road structure, building density, and local mobility context around the station."
316,독립문,/workspace/yunsoyoung_cikm_kdd../images/station_tiles/map/316_독립문.png,/workspace/yunsoyoung_cikm_kdd../images/station_tiles/satellite/316_독립문.png,"독립문 station area in Seoul. This area represents urban morphology, road structure, building density, and local mobility context around the station."
317,경복궁(정부서울청사),/workspace/yunsoyoung_cikm_kdd../images/station_tiles/map/317_경복궁(정부서울청사).png,/workspace/yunsoyoung_cikm_kdd../images/station_tiles/satellite/317_경복궁(정부서울청사).png,"경복궁(정부서울청사) station area in Seoul. This area represents urban morphology, road structure, building density, and local mobility context around the station."
318,안국,/workspace/yunsoyoung_cikm_kdd../images/station_tiles/map/318_안국.png,/workspace/yunsoyoung_cikm_kdd../images/station_tiles/satellite/318_안국.png,"안국 station area in Seoul. This area represents urban morphology, road structure, building density, and local mobility context around the station."
319,종로3가,/workspace/yunsoyoung_cikm_kdd../images/station_tiles/map/319_종로3가.png,/workspace/yunsoyoung_cikm_kdd../images/station_tiles/satellite/319_종로3가.png,"종로3가 station area in Seoul. This area represents urban morphology, road structure, building density, and local mobility context around the station."
320,을지로3가,/workspace/yunsoyoung_cikm_kdd../images/station_tiles/map/320_을지로3가.png,/workspace/yunsoyoung_cikm_kdd../images/station_tiles/satellite/320_을지로3가.png,"을지로3가 station area in Seoul. This area represents urban morphology, road structure, building density, and local mobility context around the station."
321,충무로,/workspace/yunsoyoung_cikm_kdd../images/station_tiles/map/321_충무로.png,/workspace/yunsoyoung_cikm_kdd../images/station_tiles/satellite/321_충무로.png,"충무로 station area in Seoul. This area represents urban morphology, road structure, building density, and local mobility context around the station."
322,동대입구,/workspace/yunsoyoung_cikm_kdd../images/station_tiles/map/322_동대입구.png,/workspace/yunsoyoung_cikm_kdd../images/station_tiles/satellite/322_동대입구.png,"동대입구 station area in Seoul. This area represents urban morphology, road structure, building density, and local mobility context around the station."
323,약수,/workspace/yunsoyoung_cikm_kdd../images/station_tiles/map/323_약수.png,/workspace/yunsoyoung_cikm_kdd../images/station_tiles/satellite/323_약수.png,"약수 station area in Seoul. This area represents urban morphology, road structure, building density, and local mobility context around the station."
324,금호,/workspace/yunsoyoung_cikm_kdd../images/station_tiles/map/324_금호.png,/workspace/yunsoyoung_cikm_kdd../images/station_tiles/satellite/324_금호.png,"금호 station area in Seoul. This area represents urban morphology, road structure, building density, and local mobility context around the station."
325,옥수,/workspace/yunsoyoung_cikm_kdd../images/station_tiles/map/325_옥수.png,/workspace/yunsoyoung_cikm_kdd../images/station_tiles/satellite/325_옥수.png,"옥수 station area in Seoul. This area represents urban morphology, road structure, building density, and local mobility context around the station."
326,압구정,/workspace/yunsoyoung_cikm_kdd../images/station_tiles/map/326_압구정.png,/workspace/yunsoyoung_cikm_kdd../images/station_tiles/satellite/326_압구정.png,"압구정 station area in Seoul. This area represents urban morphology, road structure, building density, and local mobility context around the station."
327,신사,/workspace/yunsoyoung_cikm_kdd../images/station_tiles/map/327_신사.png,/workspace/yunsoyoung_cikm_kdd../images/station_tiles/satellite/327_신사.png,"신사 station area in Seoul. This area represents urban morphology, road structure, building density, and local mobility context around the station."
328,잠원,/workspace/yunsoyoung_cikm_kdd../images/station_tiles/map/328_잠원.png,/workspace/yunsoyoung_cikm_kdd../images/station_tiles/satellite/328_잠원.png,"잠원 station area in Seoul. This area represents urban morphology, road structure, building density, and local mobility context around the station."
329,고속터미널,/workspace/yunsoyoung_cikm_kdd../images/station_tiles/map/329_고속터미널.png,/workspace/yunsoyoung_cikm_kdd../images/station_tiles/satellite/329_고속터미널.png,"고속터미널 station area in Seoul. This area represents urban morphology, road structure, building density, and local mobility context around the station."
330,교대(법원.검찰청),/workspace/yunsoyoung_cikm_kdd../images/station_tiles/map/330_교대(법원.검찰청).png,/workspace/yunsoyoung_cikm_kdd../images/station_tiles/satellite/330_교대(법원.검찰청).png,"교대(법원.검찰청) station area in Seoul. This area represents urban morphology, road structure, building density, and local mobility context around the station."
331,남부터미널(예술의전당),/workspace/yunsoyoung_cikm_kdd../images/station_tiles/map/331_남부터미널(예술의전당).png,/workspace/yunsoyoung_cikm_kdd../images/station_tiles/satellite/331_남부터미널(예술의전당).png,"남부터미널(예술의전당) station area in Seoul. This area represents urban morphology, road structure, building density, and local mobility context around the station."
332,양재(서초구청),/workspace/yunsoyoung_cikm_kdd../images/station_tiles/map/332_양재(서초구청).png,/workspace/yunsoyoung_cikm_kdd../images/station_tiles/satellite/332_양재(서초구청).png,"양재(서초구청) station area in Seoul. This area represents urban morphology, road structure, building density, and local mobility context around the station."
333,매봉,/workspace/yunsoyoung_cikm_kdd../images/station_tiles/map/333_매봉.png,/workspace/yunsoyoung_cikm_kdd../images/station_tiles/satellite/333_매봉.png,"매봉 station area in Seoul. This area represents urban morphology, road structure, building density, and local mobility context around the station."
334,도곡,/workspace/yunsoyoung_cikm_kdd../images/station_tiles/map/334_도곡.png,/workspace/yunsoyoung_cikm_kdd../images/station_tiles/satellite/334_도곡.png,"도곡 station area in Seoul. This area represents urban morphology, road structure, building density, and local mobility context around the station."
335,대치,/workspace/yunsoyoung_cikm_kdd../images/station_tiles/map/335_대치.png,/workspace/yunsoyoung_cikm_kdd../images/station_tiles/satellite/335_대치.png,"대치 station area in Seoul. This area represents urban morphology, road structure, building density, and local mobility context around the station."
336,학여울,/workspace/yunsoyoung_cikm_kdd../images/station_tiles/map/336_학여울.png,/workspace/yunsoyoung_cikm_kdd../images/station_tiles/satellite/336_학여울.png,"학여울 station area in Seoul. This area represents urban morphology, road structure, building density, and local mobility context around the station."
337,대청,/workspace/yunsoyoung_cikm_kdd../images/station_tiles/map/337_대청.png,/workspace/yunsoyoung_cikm_kdd../images/station_tiles/satellite/337_대청.png,"대청 station area in Seoul. This area represents urban morphology, road structure, building density, and local mobility context around the station."
338,일원,/workspace/yunsoyoung_cikm_kdd../images/station_tiles/map/338_일원.png,/workspace/yunsoyoung_cikm_kdd../images/station_tiles/satellite/338_일원.png,"일원 station area in Seoul. This area represents urban morphology, road structure, building density, and local mobility context around the station."
339,수서,/workspace/yunsoyoung_cikm_kdd../images/station_tiles/map/339_수서.png,/workspace/yunsoyoung_cikm_kdd../images/station_tiles/satellite/339_수서.png,"수서 station area in Seoul. This area represents urban morphology, road structure, building density, and local mobility context around the station."
340,가락시장,/workspace/yunsoyoung_cikm_kdd../images/station_tiles/map/340_가락시장.png,/workspace/yunsoyoung_cikm_kdd../images/station_tiles/satellite/340_가락시장.png,"가락시장 station area in Seoul. This area represents urban morphology, road structure, building density, and local mobility context around the station."
341,경찰병원,/workspace/yunsoyoung_cikm_kdd../images/station_tiles/map/341_경찰병원.png,/workspace/yunsoyoung_cikm_kdd../images/station_tiles/satellite/341_경찰병원.png,"경찰병원 station area in Seoul. This area represents urban morphology, road structure, building density, and local mobility context around the station."
342,오금,/workspace/yunsoyoung_cikm_kdd../images/station_tiles/map/342_오금.png,/workspace/yunsoyoung_cikm_kdd../images/station_tiles/satellite/342_오금.png,"오금 station area in Seoul. This area represents urban morphology, road structure, building density, and local mobility context around the station."
409,불암산,/workspace/yunsoyoung_cikm_kdd../images/station_tiles/map/409_불암산.png,/workspace/yunsoyoung_cikm_kdd../images/station_tiles/satellite/409_불암산.png,"불암산 station area in Seoul. This area represents urban morphology, road structure, building density, and local mobility context around the station."
410,상계,/workspace/yunsoyoung_cikm_kdd../images/station_tiles/map/410_상계.png,/workspace/yunsoyoung_cikm_kdd../images/station_tiles/satellite/410_상계.png,"상계 station area in Seoul. This area represents urban morphology, road structure, building density, and local mobility context around the station."
4101,개화,/workspace/yunsoyoung_cikm_kdd../images/station_tiles/map/4101_개화.png,/workspace/yunsoyoung_cikm_kdd../images/station_tiles/satellite/4101_개화.png,"개화 station area in Seoul. This area represents urban morphology, road structure, building density, and local mobility context around the station."
4102,김포공항,/workspace/yunsoyoung_cikm_kdd../images/station_tiles/map/4102_김포공항.png,/workspace/yunsoyoung_cikm_kdd../images/station_tiles/satellite/4102_김포공항.png,"김포공항 station area in Seoul. This area represents urban morphology, road structure, building density, and local mobility context around the station."
4103,공항시장,/workspace/yunsoyoung_cikm_kdd../images/station_tiles/map/4103_공항시장.png,/workspace/yunsoyoung_cikm_kdd../images/station_tiles/satellite/4103_공항시장.png,"공항시장 station area in Seoul. This area represents urban morphology, road structure, building density, and local mobility context around the station."
4104,신방화,/workspace/yunsoyoung_cikm_kdd../images/station_tiles/map/4104_신방화.png,/workspace/yunsoyoung_cikm_kdd../images/station_tiles/satellite/4104_신방화.png,"신방화 station area in Seoul. This area represents urban morphology, road structure, building density, and local mobility context around the station."
4105,마곡나루,/workspace/yunsoyoung_cikm_kdd../images/station_tiles/map/4105_마곡나루.png,/workspace/yunsoyoung_cikm_kdd../images/station_tiles/satellite/4105_마곡나루.png,"마곡나루 station area in Seoul. This area represents urban morphology, road structure, building density, and local mobility context around the station."
4106,양천향교,/workspace/yunsoyoung_cikm_kdd../images/station_tiles/map/4106_양천향교.png,/workspace/yunsoyoung_cikm_kdd../images/station_tiles/satellite/4106_양천향교.png,"양천향교 station area in Seoul. This area represents urban morphology, road structure, building density, and local mobility context around the station."
4107,가양,/workspace/yunsoyoung_cikm_kdd../images/station_tiles/map/4107_가양.png,/workspace/yunsoyoung_cikm_kdd../images/station_tiles/satellite/4107_가양.png,"가양 station area in Seoul. This area represents urban morphology, road structure, building density, and local mobility context around the station."
4108,증미,/workspace/yunsoyoung_cikm_kdd../images/station_tiles/map/4108_증미.png,/workspace/yunsoyoung_cikm_kdd../images/station_tiles/satellite/4108_증미.png,"증미 station area in Seoul. This area represents urban morphology, road structure, building density, and local mobility context around the station."
4109,등촌,/workspace/yunsoyoung_cikm_kdd../images/station_tiles/map/4109_등촌.png,/workspace/yunsoyoung_cikm_kdd../images/station_tiles/satellite/4109_등촌.png,"등촌 station area in Seoul. This area represents urban morphology, road structure, building density, and local mobility context around the station."
411,노원,/workspace/yunsoyoung_cikm_kdd../images/station_tiles/map/411_노원.png,/workspace/yunsoyoung_cikm_kdd../images/station_tiles/satellite/411_노원.png,"노원 station area in Seoul. This area represents urban morphology, road structure, building density, and local mobility context around the station."
4110,염창,/workspace/yunsoyoung_cikm_kdd../images/station_tiles/map/4110_염창.png,/workspace/yunsoyoung_cikm_kdd../images/station_tiles/satellite/4110_염창.png,"염창 station area in Seoul. This area represents urban morphology, road structure, building density, and local mobility context around the station."
4111,신목동,/workspace/yunsoyoung_cikm_kdd../images/station_tiles/map/4111_신목동.png,/workspace/yunsoyoung_cikm_kdd../images/station_tiles/satellite/4111_신목동.png,"신목동 station area in Seoul. This area represents urban morphology, road structure, building density, and local mobility context around the station."
4112,선유도,/workspace/yunsoyoung_cikm_kdd../images/station_tiles/map/4112_선유도.png,/workspace/yunsoyoung_cikm_kdd../images/station_tiles/satellite/4112_선유도.png,"선유도 station area in Seoul. This area represents urban morphology, road structure, building density, and local mobility context around the station."
4113,당산,/workspace/yunsoyoung_cikm_kdd../images/station_tiles/map/4113_당산.png,/workspace/yunsoyoung_cikm_kdd../images/station_tiles/satellite/4113_당산.png,"당산 station area in Seoul. This area represents urban morphology, road structure, building density, and local mobility context around the station."
4114,국회의사당,/workspace/yunsoyoung_cikm_kdd../images/station_tiles/map/4114_국회의사당.png,/workspace/yunsoyoung_cikm_kdd../images/station_tiles/satellite/4114_국회의사당.png,"국회의사당 station area in Seoul. This area represents urban morphology, road structure, building density, and local mobility context around the station."
4115,여의도,/workspace/yunsoyoung_cikm_kdd../images/station_tiles/map/4115_여의도.png,/workspace/yunsoyoung_cikm_kdd../images/station_tiles/satellite/4115_여의도.png,"여의도 station area in Seoul. This area represents urban morphology, road structure, building density, and local mobility context around the station."
4116,샛강,/workspace/yunsoyoung_cikm_kdd../images/station_tiles/map/4116_샛강.png,/workspace/yunsoyoung_cikm_kdd../images/station_tiles/satellite/4116_샛강.png,"샛강 station area in Seoul. This area represents urban morphology, road structure, building density, and local mobility context around the station."
4117,노량진,/workspace/yunsoyoung_cikm_kdd../images/station_tiles/map/4117_노량진.png,/workspace/yunsoyoung_cikm_kdd../images/station_tiles/satellite/4117_노량진.png,"노량진 station area in Seoul. This area represents urban morphology, road structure, building density, and local mobility context around the station."
4118,노들,/workspace/yunsoyoung_cikm_kdd../images/station_tiles/map/4118_노들.png,/workspace/yunsoyoung_cikm_kdd../images/station_tiles/satellite/4118_노들.png,"노들 station area in Seoul. This area represents urban morphology, road structure, building density, and local mobility context around the station."
4119,흑석(중앙대입구),/workspace/yunsoyoung_cikm_kdd../images/station_tiles/map/4119_흑석(중앙대입구).png,/workspace/yunsoyoung_cikm_kdd../images/station_tiles/satellite/4119_흑석(중앙대입구).png,"흑석(중앙대입구) station area in Seoul. This area represents urban morphology, road structure, building density, and local mobility context around the station."
412,창동,/workspace/yunsoyoung_cikm_kdd../images/station_tiles/map/412_창동.png,/workspace/yunsoyoung_cikm_kdd../images/station_tiles/satellite/412_창동.png,"창동 station area in Seoul. This area represents urban morphology, road structure, building density, and local mobility context around the station."
4120,동작(현충원),/workspace/yunsoyoung_cikm_kdd../images/station_tiles/map/4120_동작(현충원).png,/workspace/yunsoyoung_cikm_kdd../images/station_tiles/satellite/4120_동작(현충원).png,"동작(현충원) station area in Seoul. This area represents urban morphology, road structure, building density, and local mobility context around the station."
4121,구반포,/workspace/yunsoyoung_cikm_kdd../images/station_tiles/map/4121_구반포.png,/workspace/yunsoyoung_cikm_kdd../images/station_tiles/satellite/4121_구반포.png,"구반포 station area in Seoul. This area represents urban morphology, road structure, building density, and local mobility context around the station."
4122,신반포,/workspace/yunsoyoung_cikm_kdd../images/station_tiles/map/4122_신반포.png,/workspace/yunsoyoung_cikm_kdd../images/station_tiles/satellite/4122_신반포.png,"신반포 station area in Seoul. This area represents urban morphology, road structure, building density, and local mobility context around the station."
4123,고속터미널,/workspace/yunsoyoung_cikm_kdd../images/station_tiles/map/4123_고속터미널.png,/workspace/yunsoyoung_cikm_kdd../images/station_tiles/satellite/4123_고속터미널.png,"고속터미널 station area in Seoul. This area represents urban morphology, road structure, building density, and local mobility context around the station."
4124,사평,/workspace/yunsoyoung_cikm_kdd../images/station_tiles/map/4124_사평.png,/workspace/yunsoyoung_cikm_kdd../images/station_tiles/satellite/4124_사평.png,"사평 station area in Seoul. This area represents urban morphology, road structure, building density, and local mobility context around the station."
4126,언주,/workspace/yunsoyoung_cikm_kdd../images/station_tiles/map/4126_언주.png,/workspace/yunsoyoung_cikm_kdd../images/station_tiles/satellite/4126_언주.png,"언주 station area in Seoul. This area represents urban morphology, road structure, building density, and local mobility context around the station."
4127,선정릉,/workspace/yunsoyoung_cikm_kdd../images/station_tiles/map/4127_선정릉.png,/workspace/yunsoyoung_cikm_kdd../images/station_tiles/satellite/4127_선정릉.png,"선정릉 station area in Seoul. This area represents urban morphology, road structure, building density, and local mobility context around the station."
4128,삼성중앙,/workspace/yunsoyoung_cikm_kdd../images/station_tiles/map/4128_삼성중앙.png,/workspace/yunsoyoung_cikm_kdd../images/station_tiles/satellite/4128_삼성중앙.png,"삼성중앙 station area in Seoul. This area represents urban morphology, road structure, building density, and local mobility context around the station."
4129,봉은사,/workspace/yunsoyoung_cikm_kdd../images/station_tiles/map/4129_봉은사.png,/workspace/yunsoyoung_cikm_kdd../images/station_tiles/satellite/4129_봉은사.png,"봉은사 station area in Seoul. This area represents urban morphology, road structure, building density, and local mobility context around the station."
413,쌍문,/workspace/yunsoyoung_cikm_kdd../images/station_tiles/map/413_쌍문.png,/workspace/yunsoyoung_cikm_kdd../images/station_tiles/satellite/413_쌍문.png,"쌍문 station area in Seoul. This area represents urban morphology, road structure, building density, and local mobility context around the station."
4130,종합운동장,/workspace/yunsoyoung_cikm_kdd../images/station_tiles/map/4130_종합운동장.png,/workspace/yunsoyoung_cikm_kdd../images/station_tiles/satellite/4130_종합운동장.png,"종합운동장 station area in Seoul. This area represents urban morphology, road structure, building density, and local mobility context around the station."
4131,삼전,/workspace/yunsoyoung_cikm_kdd../images/station_tiles/map/4131_삼전.png,/workspace/yunsoyoung_cikm_kdd../images/station_tiles/satellite/4131_삼전.png,"삼전 station area in Seoul. This area represents urban morphology, road structure, building density, and local mobility context around the station."
4132,석촌고분,/workspace/yunsoyoung_cikm_kdd../images/station_tiles/map/4132_석촌고분.png,/workspace/yunsoyoung_cikm_kdd../images/station_tiles/satellite/4132_석촌고분.png,"석촌고분 station area in Seoul. This area represents urban morphology, road structure, building density, and local mobility context around the station."
4133,석촌,/workspace/yunsoyoung_cikm_kdd../images/station_tiles/map/4133_석촌.png,/workspace/yunsoyoung_cikm_kdd../images/station_tiles/satellite/4133_석촌.png,"석촌 station area in Seoul. This area represents urban morphology, road structure, building density, and local mobility context around the station."
4134,송파나루,/workspace/yunsoyoung_cikm_kdd../images/station_tiles/map/4134_송파나루.png,/workspace/yunsoyoung_cikm_kdd../images/station_tiles/satellite/4134_송파나루.png,"송파나루 station area in Seoul. This area represents urban morphology, road structure, building density, and local mobility context around the station."
4135,한성백제,/workspace/yunsoyoung_cikm_kdd../images/station_tiles/map/4135_한성백제.png,/workspace/yunsoyoung_cikm_kdd../images/station_tiles/satellite/4135_한성백제.png,"한성백제 station area in Seoul. This area represents urban morphology, road structure, building density, and local mobility context around the station."
4136,올림픽공원(한국체대),/workspace/yunsoyoung_cikm_kdd../images/station_tiles/map/4136_올림픽공원(한국체대).png,/workspace/yunsoyoung_cikm_kdd../images/station_tiles/satellite/4136_올림픽공원(한국체대).png,"올림픽공원(한국체대) station area in Seoul. This area represents urban morphology, road structure, building density, and local mobility context around the station."
4137,둔촌오륜,/workspace/yunsoyoung_cikm_kdd../images/station_tiles/map/4137_둔촌오륜.png,/workspace/yunsoyoung_cikm_kdd../images/station_tiles/satellite/4137_둔촌오륜.png,"둔촌오륜 station area in Seoul. This area represents urban morphology, road structure, building density, and local mobility context around the station."
4138,중앙보훈병원,/workspace/yunsoyoung_cikm_kdd../images/station_tiles/map/4138_중앙보훈병원.png,/workspace/yunsoyoung_cikm_kdd../images/station_tiles/satellite/4138_중앙보훈병원.png,"중앙보훈병원 station area in Seoul. This area represents urban morphology, road structure, building density, and local mobility context around the station."
414,수유(강북구청),/workspace/yunsoyoung_cikm_kdd../images/station_tiles/map/414_수유(강북구청).png,/workspace/yunsoyoung_cikm_kdd../images/station_tiles/satellite/414_수유(강북구청).png,"수유(강북구청) station area in Seoul. This area represents urban morphology, road structure, building density, and local mobility context around the station."
415,미아(서울사이버대학),/workspace/yunsoyoung_cikm_kdd../images/station_tiles/map/415_미아(서울사이버대학).png,/workspace/yunsoyoung_cikm_kdd../images/station_tiles/satellite/415_미아(서울사이버대학).png,"미아(서울사이버대학) station area in Seoul. This area represents urban morphology, road structure, building density, and local mobility context around the station."
416,미아사거리,/workspace/yunsoyoung_cikm_kdd../images/station_tiles/map/416_미아사거리.png,/workspace/yunsoyoung_cikm_kdd../images/station_tiles/satellite/416_미아사거리.png,"미아사거리 station area in Seoul. This area represents urban morphology, road structure, building density, and local mobility context around the station."
417,길음,/workspace/yunsoyoung_cikm_kdd../images/station_tiles/map/417_길음.png,/workspace/yunsoyoung_cikm_kdd../images/station_tiles/satellite/417_길음.png,"길음 station area in Seoul. This area represents urban morphology, road structure, building density, and local mobility context around the station."
418,성신여대입구(돈암),/workspace/yunsoyoung_cikm_kdd../images/station_tiles/map/418_성신여대입구(돈암).png,/workspace/yunsoyoung_cikm_kdd../images/station_tiles/satellite/418_성신여대입구(돈암).png,"성신여대입구(돈암) station area in Seoul. This area represents urban morphology, road structure, building density, and local mobility context around the station."
419,한성대입구(삼선교),/workspace/yunsoyoung_cikm_kdd../images/station_tiles/map/419_한성대입구(삼선교).png,/workspace/yunsoyoung_cikm_kdd../images/station_tiles/satellite/419_한성대입구(삼선교).png,"한성대입구(삼선교) station area in Seoul. This area represents urban morphology, road structure, building density, and local mobility context around the station."
420,혜화,/workspace/yunsoyoung_cikm_kdd../images/station_tiles/map/420_혜화.png,/workspace/yunsoyoung_cikm_kdd../images/station_tiles/satellite/420_혜화.png,"혜화 station area in Seoul. This area represents urban morphology, road structure, building density, and local mobility context around the station."
421,동대문,/workspace/yunsoyoung_cikm_kdd../images/station_tiles/map/421_동대문.png,/workspace/yunsoyoung_cikm_kdd../images/station_tiles/satellite/421_동대문.png,"동대문 station area in Seoul. This area represents urban morphology, road structure, building density, and local mobility context around the station."
422,동대문역사문화공원,/workspace/yunsoyoung_cikm_kdd../images/station_tiles/map/422_동대문역사문화공원.png,/workspace/yunsoyoung_cikm_kdd../images/station_tiles/satellite/422_동대문역사문화공원.png,"동대문역사문화공원 station area in Seoul. This area represents urban morphology, road structure, building density, and local mobility context around the station."
423,충무로,/workspace/yunsoyoung_cikm_kdd../images/station_tiles/map/423_충무로.png,/workspace/yunsoyoung_cikm_kdd../images/station_tiles/satellite/423_충무로.png,"충무로 station area in Seoul. This area represents urban morphology, road structure, building density, and local mobility context around the station."
424,명동,/workspace/yunsoyoung_cikm_kdd../images/station_tiles/map/424_명동.png,/workspace/yunsoyoung_cikm_kdd../images/station_tiles/satellite/424_명동.png,"명동 station area in Seoul. This area represents urban morphology, road structure, building density, and local mobility context around the station."
425,회현(남대문시장),/workspace/yunsoyoung_cikm_kdd../images/station_tiles/map/425_회현(남대문시장).png,/workspace/yunsoyoung_cikm_kdd../images/station_tiles/satellite/425_회현(남대문시장).png,"회현(남대문시장) station area in Seoul. This area represents urban morphology, road structure, building density, and local mobility context around the station."
426,서울역,/workspace/yunsoyoung_cikm_kdd../images/station_tiles/map/426_서울역.png,/workspace/yunsoyoung_cikm_kdd../images/station_tiles/satellite/426_서울역.png,"서울역 station area in Seoul. This area represents urban morphology, road structure, building density, and local mobility context around the station."
427,숙대입구(갈월),/workspace/yunsoyoung_cikm_kdd../images/station_tiles/map/427_숙대입구(갈월).png,/workspace/yunsoyoung_cikm_kdd../images/station_tiles/satellite/427_숙대입구(갈월).png,"숙대입구(갈월) station area in Seoul. This area represents urban morphology, road structure, building density, and local mobility context around the station."
428,삼각지,/workspace/yunsoyoung_cikm_kdd../images/station_tiles/map/428_삼각지.png,/workspace/yunsoyoung_cikm_kdd../images/station_tiles/satellite/428_삼각지.png,"삼각지 station area in Seoul. This area represents urban morphology, road structure, building density, and local mobility context around the station."
429,신용산,/workspace/yunsoyoung_cikm_kdd../images/station_tiles/map/429_신용산.png,/workspace/yunsoyoung_cikm_kdd../images/station_tiles/satellite/429_신용산.png,"신용산 station area in Seoul. This area represents urban morphology, road structure, building density, and local mobility context around the station."
430,이촌(국립중앙박물관),/workspace/yunsoyoung_cikm_kdd../images/station_tiles/map/430_이촌(국립중앙박물관).png,/workspace/yunsoyoung_cikm_kdd../images/station_tiles/satellite/430_이촌(국립중앙박물관).png,"이촌(국립중앙박물관) station area in Seoul. This area represents urban morphology, road structure, building density, and local mobility context around the station."
431,동작(현충원),/workspace/yunsoyoung_cikm_kdd../images/station_tiles/map/431_동작(현충원).png,/workspace/yunsoyoung_cikm_kdd../images/station_tiles/satellite/431_동작(현충원).png,"동작(현충원) station area in Seoul. This area represents urban morphology, road structure, building density, and local mobility context around the station."
432,총신대입구(이수),/workspace/yunsoyoung_cikm_kdd../images/station_tiles/map/432_총신대입구(이수).png,/workspace/yunsoyoung_cikm_kdd../images/station_tiles/satellite/432_총신대입구(이수).png,"총신대입구(이수) station area in Seoul. This area represents urban morphology, road structure, building density, and local mobility context around the station."
433,사당,/workspace/yunsoyoung_cikm_kdd../images/station_tiles/map/433_사당.png,/workspace/yunsoyoung_cikm_kdd../images/station_tiles/satellite/433_사당.png,"사당 station area in Seoul. This area represents urban morphology, road structure, building density, and local mobility context around the station."
434,남태령,/workspace/yunsoyoung_cikm_kdd../images/station_tiles/map/434_남태령.png,/workspace/yunsoyoung_cikm_kdd../images/station_tiles/satellite/434_남태령.png,"남태령 station area in Seoul. This area represents urban morphology, road structure, building density, and local mobility context around the station."
4701,북한산우이,/workspace/yunsoyoung_cikm_kdd../images/station_tiles/map/4701_북한산우이.png,/workspace/yunsoyoung_cikm_kdd../images/station_tiles/satellite/4701_북한산우이.png,"북한산우이 station area in Seoul. This area represents urban morphology, road structure, building density, and local mobility context around the station."
4702,솔밭공원,/workspace/yunsoyoung_cikm_kdd../images/station_tiles/map/4702_솔밭공원.png,/workspace/yunsoyoung_cikm_kdd../images/station_tiles/satellite/4702_솔밭공원.png,"솔밭공원 station area in Seoul. This area represents urban morphology, road structure, building density, and local mobility context around the station."
4703,4.19민주묘지,/workspace/yunsoyoung_cikm_kdd../images/station_tiles/map/4703_4.19민주묘지.png,/workspace/yunsoyoung_cikm_kdd../images/station_tiles/satellite/4703_4.19민주묘지.png,"4.19민주묘지 station area in Seoul. This area represents urban morphology, road structure, building density, and local mobility context around the station."
4704,가오리,/workspace/yunsoyoung_cikm_kdd../images/station_tiles/map/4704_가오리.png,/workspace/yunsoyoung_cikm_kdd../images/station_tiles/satellite/4704_가오리.png,"가오리 station area in Seoul. This area represents urban morphology, road structure, building density, and local mobility context around the station."
4705,화계,/workspace/yunsoyoung_cikm_kdd../images/station_tiles/map/4705_화계.png,/workspace/yunsoyoung_cikm_kdd../images/station_tiles/satellite/4705_화계.png,"화계 station area in Seoul. This area represents urban morphology, road structure, building density, and local mobility context around the station."
4706,삼양,/workspace/yunsoyoung_cikm_kdd../images/station_tiles/map/4706_삼양.png,/workspace/yunsoyoung_cikm_kdd../images/station_tiles/satellite/4706_삼양.png,"삼양 station area in Seoul. This area represents urban morphology, road structure, building density, and local mobility context around the station."
4707,삼양사거리,/workspace/yunsoyoung_cikm_kdd../images/station_tiles/map/4707_삼양사거리.png,/workspace/yunsoyoung_cikm_kdd../images/station_tiles/satellite/4707_삼양사거리.png,"삼양사거리 station area in Seoul. This area represents urban morphology, road structure, building density, and local mobility context around the station."
4708,솔샘,/workspace/yunsoyoung_cikm_kdd../images/station_tiles/map/4708_솔샘.png,/workspace/yunsoyoung_cikm_kdd../images/station_tiles/satellite/4708_솔샘.png,"솔샘 station area in Seoul. This area represents urban morphology, road structure, building density, and local mobility context around the station."
4709,북한산보국문,/workspace/yunsoyoung_cikm_kdd../images/station_tiles/map/4709_북한산보국문.png,/workspace/yunsoyoung_cikm_kdd../images/station_tiles/satellite/4709_북한산보국문.png,"북한산보국문 station area in Seoul. This area represents urban morphology, road structure, building density, and local mobility context around the station."
4710,정릉,/workspace/yunsoyoung_cikm_kdd../images/station_tiles/map/4710_정릉.png,/workspace/yunsoyoung_cikm_kdd../images/station_tiles/satellite/4710_정릉.png,"정릉 station area in Seoul. This area represents urban morphology, road structure, building density, and local mobility context around the station."
4711,성신여대입구(돈암),/workspace/yunsoyoung_cikm_kdd../images/station_tiles/map/4711_성신여대입구(돈암).png,/workspace/yunsoyoung_cikm_kdd../images/station_tiles/satellite/4711_성신여대입구(돈암).png,"성신여대입구(돈암) station area in Seoul. This area represents urban morphology, road structure, building density, and local mobility context around the station."
4712,보문,/workspace/yunsoyoung_cikm_kdd../images/station_tiles/map/4712_보문.png,/workspace/yunsoyoung_cikm_kdd../images/station_tiles/satellite/4712_보문.png,"보문 station area in Seoul. This area represents urban morphology, road structure, building density, and local mobility context around the station."
4713,신설동,/workspace/yunsoyoung_cikm_kdd../images/station_tiles/map/4713_신설동.png,/workspace/yunsoyoung_cikm_kdd../images/station_tiles/satellite/4713_신설동.png,"신설동 station area in Seoul. This area represents urban morphology, road structure, building density, and local mobility context around the station."
